ACC_0_mean,ACC_0_std,ACC_0_rms,ACC_0_minimum,ACC_0_maximum,ACC_0_range,ACC_1_mean,ACC_1_std,ACC_1_rms,ACC_1_minimum,ACC_1_maximum,ACC_1_range,ACC_2_mean,ACC_2_std,ACC_2_rms,ACC_2_minimum,ACC_2_maximum,ACC_2_range,ACC_MAG_mean,ACC_MAG_std,ACC_MAG_rms,ACC_MAG_minimum,ACC_MAG_maximum,ACC_MAG_range,GYRO_0_mean,GYRO_0_std,GYRO_0_rms,GYRO_0_minimum,GYRO_0_maximum,GYRO_0_range,GYRO_1_mean,GYRO_1_std,GYRO_1_rms,GYRO_1_minimum,GYRO_1_maximum,GYRO_1_range,GYRO_2_mean,GYRO_2_std,GYRO_2_rms,GYRO_2_minimum,GYRO_2_maximum,GYRO_2_range,GYRO_MAG_mean,GYRO_MAG_std,GYRO_MAG_rms,GYRO_MAG_minimum,GYRO_MAG_maximum,GYRO_MAG_range,dominant_frequency,periodicity_strength,positive_peak_count,negative_trough_count,mean_positive_prominence,mean_negative_prominence,recording,participant,split,start_time,end_time,center_time,clean_fraction,label,clean_probability,prediction,clean_probability_threshold
4.099714883781721,0.5384111296303505,4.134918218394556,2.46966478763196,4.766315577700676,2.2966507900687163,1.0683513305711965,1.7812493388446453,2.0770709599500283,-1.5492719878944332,5.953528368075172,7.502800355969605,8.518217602132614,0.4396148895844206,8.52955405448762,7.250596672928397,9.178707066474283,1.9281103935458859,9.702163741191294,0.18188884797632263,9.703868548878079,9.25179160004419,10.172732343729972,0.920940743685783,0.22157925327469438,0.30075181906077697,0.3735626080727801,-0.4614562104205791,0.8774893930114926,1.3389456034320717,-0.015136533385575928,0.057069196018485334,0.05904242353705475,-0.1589596907644913,0.1668506639139854,0.3258103546784767,-0.245746087099799,0.3016481327360368,0.3890793432039276,-0.9142968734301052,0.1858899959032627,1.1001868693333678,0.4024107299390517,0.3639826502255097,0.5426027692845532,0.037400874965518936,1.2069704067968945,1.1695695318313755,1.4999999981247853,0.47071806187167675,2,3,0.12217849267133125,0.09788908246151273,Freestyle_1527676714707.csv,1,train,0.0,1.966666669,0.9833333345,0.0,0,0.0,0,0.65
2.9846454257206827,1.095608998290423,3.179381605660185,-0.4702322283939597,5.34391774977475,5.81414997816871,4.476093594674227,2.773671579196175,5.2658017335942535,-0.2218501146816155,10.297809092794688,10.519659207476304,7.235160267822105,1.2567961631747522,7.343506022115213,5.283442304548843,9.178707066474283,3.89526476192544,9.562947967468425,0.5605730641660123,9.57936407016546,8.038901479939161,12.113686765215002,4.074785285275841,0.16296300065258487,0.7437569601158553,0.761400916273728,-3.7125031430916926,1.1197494115490945,4.832252554640787,-0.046389740601838265,0.17314585841111113,0.17925260477333765,-0.8372516703376561,0.5036856416099498,1.3409373119476058,-0.2602419669563632,0.43707597824759403,0.5086858481680103,-0.9980860220728972,0.9826152279214656,1.9807012499943628,0.722045037427876,0.5909950149304851,0.9330724214909082,0.11324372342774969,3.9344434999636473,3.821199776535898,1.9999999974997138,0.4133713090092562,2,3,0.47869875759907043,0.5596936901788646,Freestyle_1527676714707.csv,1,train,1.00000000125,2.966666670375,1.9833333358125,0.0,0,0.0,0,0.65
2.0018140048319477,0.7831064289613322,2.149538319970568,-0.4702322283939597,5.34391774977475,5.81414997816871,5.699717119599099,1.4218094280221414,5.874378034572145,2.519848040241199,10.297809092794688,7.77796105255349,7.063433018090101,1.0462548378328431,7.140499645454375,5.283442304548843,8.60023137012741,3.3167890655785675,9.47402290483045,0.5987131763771935,9.49292196685613,8.038901479939161,12.113686765215002,4.074785285275841,-0.07819369490625498,0.7363344704454511,0.7404746493224973,-3.7125031430916926,1.1197494115490945,4.832252554640787,0.030094988104613706,0.19575718664862884,0.19805702318676546,-0.8372516703376561,0.5036856416099498,1.3409373119476058,-0.08525189405867764,0.3411208607336332,0.3516124671683965,-0.9980860220728972,0.9826152279214656,1.9807012499943628,0.5976174741885886,0.5949907329829404,0.8433033960509854,0.07348353567380203,3.9344434999636473,3.860959964289845,1.9999999974997138,0.40641245536551435,3,2,0.4477376029466363,0.7043333941445225,Freestyle_1527676714707.csv,1,train,2.000000002625,3.966666671625,2.983333337125,0.0,0,0.0,0,0.65
1.018531791431226,0.9852840305108501,1.417106781769041,-1.3839078585591338,2.472836751801233,3.8567446103603666,5.599321311345751,1.277315056724808,5.743164014881223,2.519848040241199,8.332313732781016,5.812465692539817,7.1408562386573955,1.2833440996910688,7.255260153804557,4.111942141656437,8.60023137012741,4.488289228470974,9.342961635924647,0.5830885882837658,9.361139056340662,7.794576833585509,10.557561750579952,2.7629849169944425,0.11981440299332596,0.5100983039145517,0.523980696992885,-1.4012425975625042,1.59023937659852,2.991481974161024,-0.03228341188920468,0.19047920076913463,0.19319561229193674,-0.4548719314960586,0.3699946334130507,0.8248665649091094,-0.2502029816549913,0.26626953298942996,0.365377881415196,-0.9585041270655608,0.3755339565130412,1.3340380835786019,0.5514861238079917,0.37582491522609224,0.667368947177993,0.07348353567380203,1.6580486146942748,1.5845650790204728,0.49999999937492845,0.9020003372974017,2,2,0.24438593079944715,0.30250293920786037,Freestyle_1527676714707.csv,1,train,3.000000003875,4.966666672875,3.983333338375,0.0,0,0.001945624468988955,0,0.65
-1.4110068970797836,1.913174535345953,2.3772204917303994,-5.694875097157434,1.641875122420574,7.336750219578008,6.558908816737062,0.8415874556300715,6.612681325434113,4.609629898841748,8.332313732781016,3.722683833939268,6.095159018553679,1.2174041291365747,6.215547946488309,3.830837963853828,8.23789921178346,4.407061247929633,9.334369590498433,0.9387822969789772,9.381458727359144,7.372153841410487,11.485229377082309,4.113075535671822,0.11786919707060099,0.5165738452931149,0.5298506254209606,-1.267653404631871,1.59023937659852,2.857892781230391,-0.06138397301992655,0.5524828187991999,0.5558824131163178,-0.9790979345261394,1.4071731180916092,2.3862710526177486,-0.2847824968382167,0.2755022235903442,0.39623546750465544,-0.9585041270655608,0.1883572374026595,1.1468613644682202,0.7772104664846897,0.37774777162319273,0.8641466820972217,0.07366520234422937,1.7512870946396348,1.6776218922954054,0.9999999987498569,0.5078520908592913,1,2,1.8620450495876677,0.7945821752966816,Freestyle_1527676714707.csv,1,train,4.000000005,5.96666667425,4.983333339625,0.0,0,0.0,0,0.65
-3.10165896286211,1.1504454619025386,3.308143449537067,-7.048059698651927,-0.0280873461297405,7.019972352522187,6.558550750627247,0.567033255339235,6.583017139671886,5.155080426249817,8.334083794480765,3.1790033682309486,5.820316364642874,0.8022867415648599,5.875350764015747,3.830837963853828,8.177047910724378,4.34620994687055,9.376289575809977,0.940674297887636,9.423357912344686,7.372153841410487,12.423698896214031,5.051545054803544,-0.06292441998171601,0.3548308047212301,0.36036701098900703,-1.267653404631871,0.9967728976842606,2.2644263023161315,0.07333387915623948,0.5346443901006203,0.5396503328065,-0.9790979345261394,1.4071731180916092,2.3862710526177486,-0.09926091323720723,0.1874534489350709,0.212112056268232,-0.5093839564391266,0.2659385011685032,0.7753224576076299,0.5499531229917356,0.40451199145796884,0.6826993399159361,0.09085022685677022,1.7512870946396348,1.6604368677828647,0.9999999987498569,0.47373999222181123,2,2,1.1520555409142972,0.8585254892634335,Freestyle_1527676714707.csv,1,train,5.00000000625,6.966666675375,5.9833333408125,0.0,0,0.0,0,0.65
-3.5701132955423174,0.9946467896863171,3.7060802985420214,-7.048059698651927,-0.0280873461297405,7.019972352522187,6.442406837262571,0.4196096181315606,6.456057472516492,5.571199655065535,8.334083794480765,2.76288413941523,5.579192019008223,0.3649019172847319,5.591112321730188,4.828743899165855,6.464656295998042,1.635912396832187,9.292286433964087,0.5741594648243977,9.310007855092309,7.417627693084516,12.423698896214031,5.0060712031295145,-0.04732628425771403,0.19147998151574444,0.19724188323708478,-1.0442788083491947,0.5987797782572057,1.6430585866064005,0.05379382088291228,0.10943501331264559,0.12194177833672003,-0.2985187143988042,0.2225284727455985,0.5210471871444027,-0.06818046840018274,0.09411917145663663,0.11621959691442782,-0.3049194103333428,0.2659385011685032,0.570857911501846,0.2074771572186905,0.15567395975639733,0.2593861070176767,0.045945729797694554,1.0956651578733347,1.0497194280756401,1.4999999981247853,0.45418874029404993,3,3,0.22154679683820855,0.3307647513128477,Freestyle_1527676714707.csv,1,train,6.000000007375,7.966666676625,6.983333342,0.0,0,0.0,0,0.65
-4.057888056056233,0.23274032219102436,4.064556990996364,-4.5631804428352885,-3.543589106127388,1.0195913367079004,6.318248795548147,0.2124276531078849,6.3218188324445475,5.832381886207633,6.78311455723058,0.9507326710229469,5.405537519534268,0.24847654895050533,5.411245371489916,4.828743899165855,6.002753542993565,1.1740096438277101,9.257047921052704,0.27323458989082855,9.261079491818382,8.462392703744516,9.75212152705144,1.2897288233069233,-0.034147920867859935,0.07520894300924763,0.0825982179478824,-0.2595708900640927,0.1327208448086848,0.39229173487277746,-0.01964970435763327,0.08148728560017335,0.08382295983694808,-0.1441262235014314,0.2225284727455985,0.3666546962470299,-0.031528223954017824,0.06063098405123475,0.06833846012836246,-0.1756808479592981,0.0607751945157342,0.2364560424750323,0.12112691998242722,0.06202554789986908,0.13608416269613552,0.045945729797694554,0.2850442002395645,0.23909847044186994,1.4999999981247853,0.33623720018066733,3,4,0.17457145364094154,0.131282143254653,Freestyle_1527676714707.csv,1,train,7.000000008625,8.966666677875,7.983333343250001,0.0,0,0.0,0,0.65
-4.034166532215624,0.2245840228721022,4.040413047323015,-4.66837766774835,-3.5626037175326304,1.10577395021572,6.382427065381515,0.29684134401704626,6.389326257785897,5.918238472767312,7.382462570389264,1.464224097621952,5.390612071101772,0.4215492842282892,5.407069659264761,4.178056927466381,6.4250095377504985,2.2469526102841177,9.283468800014386,0.4494852174558843,9.294343974781217,8.112403718858095,10.616650542214016,2.5042468233559205,-0.026248080285418553,0.08665279749929607,0.09054097985511196,-0.253721496851373,0.171193857174496,0.424915354025869,-0.04405698305530751,0.16883082206300837,0.17448456732446813,-0.4667725030141332,0.3369859816315845,0.8037584846457178,-0.02631583424898843,0.07855842151504301,0.08284895124958072,-0.2432316879743914,0.1545681283205017,0.39779981629489314,0.1728362527147516,0.12503644164086156,0.21332248355643632,0.022463129152481505,0.4800320906220993,0.4575689614696178,1.4999999981247853,0.502251649302381,2,2,0.31368606483501127,0.38751645524032446,Freestyle_1527676714707.csv,1,train,8.00000001,9.966666679,8.9833333445,0.0,0,0.0,0,0.65
-3.825435949802498,0.6965836027978336,3.88834012423401,-5.548307815975098,-0.4122917645780826,5.136016051397015,6.509131837624832,0.7449481706286561,6.551621559316763,5.1849575036192075,9.68732707274784,4.502369569128632,5.835579409840898,1.027811102563581,5.92540148100633,4.178056927466381,8.653878857090554,4.475821929624173,9.574253334263185,1.219421904303291,9.651596587577847,7.304814290036452,13.799038059733737,6.494223769697285,-0.060954137733933024,0.16721173267814923,0.17797519617102858,-0.579965441177675,0.3726446576050245,0.9526100987826995,-0.1828393554789895,0.46616316368712557,0.5007377807702972,-1.365213436892415,0.4838457563337293,1.8490591932261442,0.2144870714430871,0.5052432852824041,0.5488856721933892,-0.2432316879743914,1.5200952987343883,1.7633269867087797,0.5416937736669832,0.53875489069937,0.7639954035739135,0.022463129152481505,1.9105308859926964,1.8880677568402149,1.4999999981247853,0.554268055061188,2,3,0.8180421086155023,0.6219419072593373,Freestyle_1527676714707.csv,1,train,9.00000001125,10.966666680375,9.9833333458125,0.0,0,0.0,0,0.65
1.336713818129458,5.343011903552037,5.507683726674672,-5.548307815975098,10.079991136827768,15.628298952802865,3.505903140938059,3.5562227398465764,4.99380386169113,-3.36071042127958,9.68732707274784,13.048037494027419,5.932972439613337,1.5863917565718835,6.141400554802679,3.268115545451308,9.770248629148655,6.502133083697347,9.463042848062445,1.8547986069606353,9.643104158757641,5.463273252870667,13.799038059733737,8.335764806863072,-0.25747577907458347,0.9361717822959439,0.9709332535129425,-2.5010674092410503,2.3196737679909223,4.820741177231973,-0.2525548008523963,0.9664932596670699,0.9989460187695188,-2.2074066895655475,1.6972114804048732,3.904618169970421,0.809589192419278,0.6308047677762013,1.0263280740247174,-0.1672347818914911,2.131049860434701,2.298284642326192,1.4401107468603245,0.9591844887723023,1.730304553170911,0.08380487401148376,3.5029116616347125,3.4191067876232286,0.49999999937492845,0.657411542739785,3,2,0.6686799519417682,1.6479464425966945,Freestyle_1527676714707.csv,1,train,10.000000012625,11.966666681625,10.983333347125,0.0,0,0.0,0,0.65
4.22393056636107,2.8511459294436166,5.096138002489949,0.9136287623350684,10.079991136827768,9.1663623744927,-0.3019284128142349,1.9871194663614524,2.009926501157977,-3.6256246844938302,4.336650232377149,7.96227491687098,7.6227916915513845,2.4365603716029542,8.002735758304828,3.268115545451308,10.574592197666894,7.3064766522155855,9.568553735498465,1.580185466522353,9.69815480891753,5.463273252870667,12.09901763706801,6.635744384197344,-0.14469534454609093,0.9732723371204923,0.9839694024395764,-2.5010674092410503,2.3196737679909223,4.820741177231973,0.009243083344286045,0.9530264434019081,0.9530712651281643,-2.2074066895655475,1.6972114804048732,3.904618169970421,0.5415496416107232,0.7227872781818627,0.9031597111420816,-0.3985341266863482,2.131049860434701,2.529583987121049,1.321027353356695,0.9732033789830108,1.640804097136689,0.16765421618951734,3.5029116616347125,3.3352574454451953,0.49999999937492845,0.7606515022301648,1,1,2.130547220628297,1.4468336919672449,Freestyle_1527676714707.csv,1,train,11.000000013875,12.966666682875,11.983333348375,0.0,0,0.0,0,0.65
1.666590750105106,1.450632962116602,2.2094933172822877,-1.5636091268690795,4.69937119851227,6.262980325381349,-1.3288210129841247,0.8934844063981395,1.6012743890491699,-3.6256246844938302,0.3950715750528716,4.0206962595467015,9.590842902039325,0.41740628913988986,9.599921644566253,8.373914130044463,10.574592197666894,2.2006780676224302,9.968581339527898,0.4814790204855204,9.980202200855025,8.634238757950287,11.599458055965801,2.965219298015514,0.02218189662642777,0.2688377675394088,0.26975133325623946,-0.4735830880803718,0.7939648140503194,1.2675479021306912,0.27041219653636134,0.46630731817354737,0.5390410661701255,-0.4333357402234238,0.969418397604556,1.4027541378279798,0.16947181623746335,0.3584844941997828,0.3965246891184692,-0.3985341266863482,1.0750390245518808,1.473573151238229,0.6510648156551644,0.31093003667666147,0.7215004379013521,0.16765421618951734,1.5242338545674978,1.3565796383779805,0.49999999937492845,0.8356021992333846,1,1,0.5253405007285947,1.4003950569694767,Freestyle_1527676714707.csv,1,train,12.000000015,13.96666668425,12.983333349625,0.0,0,0.0,0,0.65
-0.9510374454975454,2.7217986270607564,2.883168394147021,-6.262909259958454,2.9199682500676514,9.182877510026106,-0.9642301131251384,1.1493869970353925,1.5002767011492764,-2.564649698570254,2.312661206793361,4.877310905363615,9.247986273931438,0.6583664430155227,9.27139129236347,6.273729919453576,10.063570136022156,3.78984021656858,9.817667871224298,0.3682176468653095,9.824570558814917,8.68665972896186,10.398315338364368,1.7116556094025075,-0.13360651501980164,0.4610068733185383,0.4799771224784274,-2.0209818257277945,1.0697646272587058,3.0907464529865,0.37109007980633424,0.5290081743515436,0.6461868892676673,-0.4796918358157778,2.306973358528104,2.7866651943438816,0.5067348984858661,1.2682884724634518,1.3657730070283118,-5.516330517707512,3.0040477888754284,8.520378306582941,1.2341768503643238,0.99502710652326,1.5853300731050468,0.2760885129448756,5.62621099985943,5.350122486914555,0.9999999987498569,0.7357489565904214,2,1,1.9636732864258954,1.2683449158532203,Freestyle_1527676714707.csv,1,train,13.00000001625,14.966666685375,13.9833333508125,0.0,0,0.004914163090128755,0,0.65
-3.441509384334338,1.6420956534852844,3.8131961630181808,-6.262909259958454,1.4590730871363131,7.721982347094768,0.3310141945912943,1.1803795995088788,1.2259145141312522,-1.8842003983768827,2.344207242313337,4.22840764069022,8.850279661668505,0.7273077248933366,8.880114110552448,6.273729919453576,9.803105250289876,3.5293753308363005,9.731035020142444,0.45465968240907234,9.741650680970189,8.68665972896186,10.46923743601935,1.7825777070574897,-0.07169074360968361,0.6858426448032516,0.689579361748906,-2.0209818257277945,1.543668692621143,3.5646505183489374,0.007539784648618461,0.7374050024758072,0.7374435476895114,-1.6690568589569563,2.306973358528104,3.97603021748506,0.3373114730300929,1.6285789046228314,1.6631440943045896,-5.516330517707512,3.0530947729516136,8.569425290659126,1.6600430228962688,1.0147157842137726,1.9456081210251859,0.2760885129448756,5.62621099985943,5.350122486914555,1.4999999981247853,0.4837891525155914,2,2,2.449074613679958,1.5078000226918662,Freestyle_1527676714707.csv,1,train,14.000000017375,15.966666686625,14.983333351999999,0.0,0,0.004914163090128755,0,0.65
-2.7541873222009396,1.5341708948459973,3.152654142205413,-6.232146777650151,1.4590730871363131,7.691219864786464,0.6911188998287766,0.5745585943082451,0.8987563140217736,-0.6273810337942463,2.344207242313337,2.971588276107583,9.082220759945521,0.5961966387925376,9.101768199888026,7.123442344831306,9.841454779889954,2.7180124350586485,9.667937182469625,0.34664975504552725,9.674149854992525,8.823184171173619,10.46923743601935,1.6460532648457313,-0.009130585921186176,0.5321390738218579,0.5322174005866859,-1.4005450960417918,1.543668692621143,2.9442137886629345,-0.29214482851707235,0.520999313405308,0.5973180772403192,-1.6690568589569563,0.8529887700093944,2.522045628966351,-0.03499787541334569,1.0109287942488583,1.0115344177658507,-3.1450862096181837,3.0530947729516136,6.198180982569797,0.959938453908055,0.8612573888907032,1.2896689983132181,0.04537070717871558,3.880751357268384,3.835380650089668,1.9999999974997138,0.5961246899097403,3,2,1.4344285754840744,1.747635510344561,Freestyle_1527676714707.csv,1,train,15.000000018625,16.966666687875,15.98333335325,0.0,0,0.0,0,0.65
-1.2742973967344653,0.7274217092553498,1.4673023541248105,-3.051270789696182,-0.0420874402814036,3.009183349414778,0.4729841531604848,0.33256267354490804,0.5781971471533546,-0.030142199686635,1.3778962050138306,1.4080384047004655,9.526252637940724,0.38219310565227776,9.53391634596616,8.656755437020633,10.331724589622626,1.6749691526019923,9.656757105351991,0.3604042723263427,9.663480171826153,8.671389097792492,10.395771416490255,1.7243823186977636,0.006828712216219026,0.17648609584067199,0.17661815686846807,-0.5387347437593472,0.331714728981113,0.8704494727404601,-0.20084944793362203,0.26283824285852253,0.3307936556891568,-1.0498510563882033,0.1490108519953075,1.1988619083835108,-0.11823858976683198,0.15876113973192482,0.19795318537227166,-0.5652075751570813,0.184228875059541,0.7494364502166223,0.3481348160924889,0.24208682203517207,0.42403287558730646,0.04537070717871558,1.0959345597526589,1.0505638525739434,1.4999999981247853,0.5428005544620553,2,3,0.46513115978792385,0.48673910467511106,Freestyle_1527676714707.csv,1,train,16.00000002,17.966666689,16.9833333545,0.0,0,0.0,0,0.65
-0.5029785597256335,0.5100695055476973,0.7163507046365942,-1.6860828459540245,-0.0131217288955777,1.6729611170584469,0.9383853130113173,0.4872712837513256,1.057355332725954,-0.014329658256932,1.5877506872246676,1.6020803454815997,9.576896967493889,0.3685883257084285,9.583987316343975,8.656755437020633,10.331724589622626,1.6749691526019923,9.661384145548192,0.3763348292007579,9.668710953975175,8.671389097792492,10.395771416490255,1.7243823186977636,0.0007196107584553413,0.14476140495361914,0.1447631935396197,-0.3013886301526478,0.331714728981113,0.6331033591337607,-0.11292233242687215,0.15878198997106924,0.19484140602012123,-0.4903566283618404,0.103713544223287,0.5940701725851274,-0.08348516545200285,0.11281487437728246,0.14034588961316366,-0.3722245315069705,0.1141883561470913,0.48641288765406177,0.23468216508012382,0.15343013337771347,0.28038638418260875,0.021221190100678276,0.6118761166155153,0.5906549265148371,0.49999999937492845,0.5907395950378797,3,3,0.18230611251258474,0.2739045430506945,Freestyle_1527676714707.csv,1,train,17.00000002125,18.966666690375,17.983333355812498,0.0,0,0.0,0,0.65
-0.2554413017929354,0.11535766272745897,0.28028137471407494,-0.5384106469925752,-0.0070138078085807,0.5313968391839945,1.2088876370073307,0.17979318074668166,1.222184481472489,0.8683371350960062,1.5877506872246676,0.7194135521286614,9.551223987285356,0.2070789507569821,9.553468550591548,9.052326559790169,10.03337199775207,0.9810454379619014,9.633134046969046,0.20924229025552354,9.635406265586601,9.14880478999128,10.142413318555796,0.9936085285645166,-0.04875310872848,0.07611137536839391,0.09038698507616874,-0.2405548179683315,0.1055930823436601,0.3461479003119916,-0.0357043740787186,0.07128723296752953,0.0797287395643497,-0.2094183019886953,0.1053879953767572,0.3148062973654525,-0.011674974168632694,0.060153136771755426,0.06127564675562189,-0.1608303601341057,0.0767976522944685,0.2376280124285742,0.12361779564746293,0.05477065334886282,0.135207928277151,0.021221190100678276,0.25737149510051444,0.23615030499983616,0.9999999987498569,0.5159264747774712,3,3,0.20337929537879287,0.18904582550704752,Freestyle_1527676714707.csv,1,train,18.000000022625,19.966666691625,18.983333357124998,0.0,0,0.0,0,0.65
-0.2539462334127771,0.4859370887913727,0.5482914769787791,-1.135702911214453,2.497350630334641,3.633053541549094,0.31354696118654746,1.7877267445993394,1.8150147685969582,-8.162742824072724,1.411404998747407,9.574147822820132,9.467448245540071,0.3412487013908338,9.473596305425973,8.265216804449809,10.232922785062446,1.967705980612637,9.647110322219138,0.5264898318735693,9.661466198881685,8.803357439121891,12.83931190927891,4.035954470157019,-0.39391202934046093,0.7334200776105676,0.8325092774866903,-2.8605318327986575,0.0848679949203686,2.9453998277190263,-0.056063161082435024,0.16029298150545115,0.16981436320424123,-0.8885829697206095,0.2577957129694503,1.1463786826900597,-0.010474859402588223,0.11992487434506596,0.12038146936378478,-0.5830845061547788,0.2076564782159838,0.7907409843707626,0.44676792194605885,0.7326655015339928,0.8581377006157328,0.05915370424651945,2.978727845969963,2.9195741417234435,0.9999999987498569,0.3783191830418695,3,3,0.2840245989815933,0.1871230105599038,Freestyle_1527676714707.csv,1,train,19.000000023875,20.966666692875,19.983333358375,0.0,0,0.0,0,0.65
0.058413874864224134,0.9307024795793093,0.9325337989969736,-1.135702911214453,3.5605123789348885,4.6962152901493415,-2.6279002009588672,2.8078823089597003,3.8457850339259103,-8.162742824072724,1.2140842772455458,9.37682710131827,9.047728719108806,0.6979072018025437,9.074605745535953,6.944482753869374,10.232922785062446,3.2884400311930717,9.86562267707522,0.8231891908507745,9.899906628365459,8.803357439121891,13.061989103623688,4.258631664501797,-0.27033161713244575,0.9348968349178877,0.9731964216749501,-2.8605318327986575,1.6596574641187969,4.520189296917454,0.060243677719678465,0.2751930195133887,0.281709954907683,-0.8885829697206095,0.5302073558332652,1.4187903255538745,0.043909564694275253,0.6080241126227556,0.6096075552372445,-1.0824085180916512,1.3144763834390534,2.3968849015307043,0.9443925227761395,0.7114885158467881,1.1824098888529926,0.10132901577784985,2.978727845969963,2.877398830192113,0.49999999937492845,0.517647058059967,2,2,0.5821450291517587,0.9810888209040305,Freestyle_1527676714707.csv,1,train,20.000000025,21.96666669425,20.983333359625,0.0,0,0.0,0,0.65
-1.7274191403309163,2.2562035102914955,2.8415543574306774,-5.007743005273319,3.5605123789348885,8.568255384208207,-4.199719576972284,1.1821851752537462,4.362935515658465,-7.993778086277505,-1.2942388658142543,6.699539220463251,8.70383675377665,0.9023845998274518,8.750489826426806,6.294472106215772,10.267829665532604,3.973357559316832,10.143003666721496,0.8945313294125317,10.182372497724991,8.676696952141228,13.061989103623688,4.38529215148246,0.004197895766932728,0.6162762601801466,0.6162905574406424,-1.5122335591876577,1.6596574641187969,3.1718910233064546,0.08234861151672532,0.470733108099119,0.47788173524355304,-1.0258820065018082,0.8592314498798408,1.885113456381649,0.17423101774714,0.6538780146316404,0.676692622660998,-1.0824085180916512,1.3144763834390534,2.3968849015307043,0.9656463334345219,0.3655476280297424,1.0325201739596699,0.17140296496274088,1.7589848698085282,1.5875819048457873,0.49999999937492845,0.6812313202125966,2,2,1.130316662751392,0.562628874385471,Freestyle_1527676714707.csv,1,train,21.00000002625,22.966666695375,21.9833333608125,0.0,0,0.0,0,0.65
-3.5336646579260176,0.8458674826482178,3.633493871314087,-5.083131554829337,-1.4325860440773777,3.650545510751959,-4.036601041039741,1.0995704598005458,4.183682966070577,-6.830128827243129,-1.2942388658142543,5.535889961428875,8.477605504430475,0.9416128415887531,8.529737969726545,6.294472106215772,10.267829665532604,3.973357559316832,10.12545638554224,0.9680101704748709,10.171622815738933,8.198591653684382,12.406077143102316,4.207485489417934,-0.37010768244745945,0.5962427838419322,0.7017728648859306,-1.7483089349611434,0.7035616952487097,2.451870630209853,-0.15042573849523586,0.5019799024970083,0.5240340879301109,-1.0258820065018082,0.8592314498798408,1.885113456381649,0.5229993322800044,0.4554400355420442,0.6935084192278195,-0.3879258334956301,1.3261574293205034,1.7140832628161335,1.0299773237029095,0.43266328640249835,1.1171619429352302,0.17140296496274088,2.037919339122346,1.866516374159605,0.9999999987498569,0.4819800806980833,2,3,0.731329610868501,0.841381990000383,Freestyle_1527676714707.csv,1,train,22.000000027375,23.966666696625,22.983333362,0.0,0,0.0,0,0.65
-3.1405900850100945,0.7698658658609385,3.2335738020774354,-5.083131554829337,-1.4325860440773777,3.650545510751959,-5.935858664223326,2.170341687611712,6.320189959377833,-10.359320641333552,-2.788397361516488,7.570923279817064,6.987110998542559,1.739133606409111,7.200299008159034,3.3480853621770885,10.123140888162212,6.775055525985123,10.07808411427089,0.8229988145062055,10.111632235351415,8.198591653684382,12.406077143102316,4.207485489417934,-0.4319014957677286,1.0482298189716028,1.1337215952021205,-2.0187948477797075,3.3859564238704656,5.4047512716501735,-0.21205235679248757,0.32124262376737656,0.38491950502176,-0.9830508845752852,0.4139003804308339,1.396951265006119,0.3179865587375168,0.5604217696861578,0.6443508450183744,-0.4509725039170239,1.3261574293205034,1.7771299332375272,1.211756148779285,0.6167031118336644,1.3596601385087856,0.2259100222649137,3.4130918136606536,3.18718179139574,1.4999999981247853,0.7785342316238115,3,3,0.9152322133644019,0.7815943305429832,Freestyle_1527676714707.csv,1,train,23.000000028625,24.966666697875,23.983333363249997,0.0,0,0.0,0,0.65
-1.5356851801612303,1.6481438275544327,2.252711044247044,-3.939350920744463,0.957448281594199,4.896799202338662,-8.176626979730782,2.0169783635358445,8.421723724074132,-11.650720890004198,-4.046021683458659,7.604699206545539,4.875510717837485,2.29102243176093,5.38696468733367,-1.4035086594387116,8.294858974067253,9.698367633505965,10.22023278509095,0.752574178827403,10.2479034966224,8.394683971431613,11.737979943051315,3.3432959716197015,-0.23377744155386534,1.7461011510936677,1.7616813338484636,-4.6771515375885455,3.3859564238704656,8.06310796145901,-0.18985222632512588,0.26550881470080345,0.3264028163549334,-0.8131578367153128,0.3957465933984759,1.2089044301137888,-0.20502566853988807,0.19363338007412176,0.28200959316866747,-0.5547516473579667,0.15183956824542,0.7065912156033867,1.4505988270700672,1.0887388916065404,1.8137225066679004,0.2259100222649137,4.734910602983027,4.509000580718114,1.4999999981247853,0.5533120730474679,3,3,0.6845583995893058,0.7750257407521833,Freestyle_1527676714707.csv,1,train,24.00000003,25.966666699,24.983333364499998,0.0,0,0.0,0,0.65
0.2282414648025544,0.8057589014751603,0.8374613863108392,-3.0249600627049,1.4462542764166604,4.471214339121561,-9.2527227791175,1.4736024912460104,9.369332053535423,-11.862100893154832,-5.63304918122749,6.229051711927342,3.8934655934648266,2.057712295937402,4.403777267340663,-1.4035086594387116,8.294858974067253,9.698367633505965,10.356665546016382,0.7864208105534354,10.38648058407247,8.394683971431613,12.121307167453967,3.726623196022354,-0.24911014690891875,1.5803073470163864,1.5998209825874121,-4.6771515375885455,3.267074993807702,7.9442265313962475,-0.19075845036076838,0.26257763254567457,0.32455477118251247,-0.8131578367153128,0.5943021314431819,1.4074599681584947,-0.03959851250815147,0.2504944162395102,0.25360499750602555,-0.5547516473579667,0.4635823957297564,1.018334043087723,1.2682693938142149,1.0585703638863317,1.6519922731612025,0.28065674822983205,4.734910602983027,4.454253854753195,0.49999999937492845,0.4337222176370403,4,4,0.4805018260329644,0.5457324986557165,Freestyle_1527676714707.csv,1,train,25.00000003125,26.966666700375,25.9833333658125,0.0,0,0.0,0,0.65
1.4694714158645312,1.5062025082055956,2.1042795056189036,-0.9162368285433302,5.477749167489307,6.3939859960326375,-8.288655414664836,2.315584681062495,8.606029339842156,-12.434325152893054,-3.023768602290218,9.410556550602836,5.076017201525719,1.8608757421773336,5.406367464204504,1.0563599200688043,9.40666903661167,8.350309116542865,10.33239375170371,0.980908636803114,10.378850726067931,8.276984418393337,13.455623001390924,5.178638582997587,-0.06498689253231121,1.1015894816756904,1.1035047269221472,-3.260013860167121,2.4533671963989967,5.713381056566117,-0.03719984423162056,0.3882559335423503,0.39003397075344437,-1.2837914394768262,0.8522137009905775,2.136005140467404,-0.31729672684670174,0.6561581831533949,0.7288489378374607,-2.029504564472936,0.4635823957297564,2.4930869602026924,1.1987844506536631,0.6811650282706909,1.3787929340071396,0.28065674822983205,3.5393746611133143,3.2587179128834824,0.49999999937492845,0.502827833525946,4,2,0.808132995177256,1.2965790390116843,Freestyle_1527676714707.csv,1,train,26.000000032625,27.966666701625,26.983333367125,0.0,0,0.0,0,0.65
2.367859533337025,1.2884335023143458,2.695703926528477,-0.8651048335395194,5.477749167489307,6.342854001028827,-7.664230794787081,2.052623081891121,7.934336468292408,-12.434325152893054,-3.023768602290218,9.410556550602836,5.591701230004499,1.7046477993244886,5.845763146534047,1.602063311081513,9.40666903661167,7.804605725530156,10.16899919720109,0.9924298183121777,10.217311858652035,8.276984418393337,13.455623001390924,5.178638582997587,-0.18937634453464317,1.0903773209598517,1.106700547543412,-3.260013860167121,2.4533671963989967,5.713381056566117,0.002855556761251569,0.6621800067123902,0.6621861637742349,-1.7124142347850737,0.8522137009905775,2.5646279357756514,-0.2659312330172834,0.8516725521475743,0.8922250594864816,-2.029504564472936,1.610792639694043,3.640297204166979,1.4011230180997887,0.7044121395557581,1.5682289929097029,0.3458605306908101,3.5393746611133143,3.1935141304225043,0.9999999987498569,0.45936860349525493,2,2,1.4255348237853822,1.108901219714931,Freestyle_1527676714707.csv,1,train,27.000000033875,28.966666702875,27.983333368375,0.0,0,0.0,0,0.65
-0.8657939893422291,3.7698431712971647,3.867986138568363,-7.850937354814471,4.020089795990895,11.871027150805366,-8.298483466949607,1.5984437744006355,8.451026585637754,-11.750458468510637,-4.7418015842588614,7.008656884251775,3.8310266428067283,1.7212606740211007,4.199940885991917,0.7833712019030246,7.782328407293246,6.998957205390221,10.14145284553805,1.0824069229582205,10.19905243466959,6.7151434077349315,12.420295062693812,5.705151654958881,-0.09923312712919236,0.982870073833342,0.9878667903907884,-2.1585555013509183,2.3540890551368827,4.5126445564878015,0.07005314771895726,0.9303428503778968,0.9329765606673104,-1.7124142347850737,1.6766276094540693,3.3890418442391432,0.45526795622464006,0.6951606877516655,0.830973702207434,-0.5903577512151005,1.610792639694043,2.2011503909091434,1.4321905110714914,0.6969029287273167,1.5927471086371279,0.3458605306908101,2.936904739171438,2.591044208480628,0.9999999987498569,0.595528696377809,2,3,1.6051338130373272,1.5639363412099978,Freestyle_1527676714707.csv,1,train,28.000000035,29.96666670425,28.983333369625,0.0,0,0.0,0,0.65
-5.47597226868543,2.692513388983885,6.102122633745518,-11.132552035525432,0.9286133486566936,12.061165384182125,-7.719354902269321,1.6560828016403968,7.895001605641288,-11.750458468510637,-4.7418015842588614,7.008656884251775,2.5599728490560687,1.2623651470812776,2.854299695629347,0.7833712019030246,5.502240830074643,4.7188696281716185,10.27780534541937,1.4424614464472456,10.378534469895913,6.7151434077349315,14.373623452092694,7.658480044357763,-0.08136806797896097,1.012007349829374,1.0152731842195486,-1.5736366587087078,2.3540890551368827,3.9277257138455903,-0.18243395329659542,0.989700182498776,1.006373985431626,-1.500475329388703,1.6766276094540693,3.177102938842772,0.4349524557740299,0.6645456312373973,0.7942320408926916,-0.8774712122821102,1.545037596707311,2.422508808989421,1.5602500138030941,0.4898904636312614,1.6353509629218452,0.7202922724188204,2.936904739171438,2.2166124667526175,0.49999999937492845,0.5568051050992212,2,2,2.7320007143794576,1.6397432595391193,Freestyle_1527676714707.csv,1,train,29.00000003625,30.966666705375,29.983333370812502,0.0,0,0.0,0,0.65
-7.298533182011831,2.376546829694334,7.675712438768009,-16.351159772936725,-3.971316540711296,12.37984323222543,-5.954403394503292,1.8155649876158209,6.225045863985965,-8.952232910647606,-0.0357087494817575,8.916524161165848,2.5613118937260535,1.4857245582996461,2.96102956420182,-1.317243054597404,6.242526665811516,7.55976972040892,10.157751794997578,1.8043092868705861,10.316755959673754,7.969304371572932,17.00167616833669,9.032371796763758,0.21513258634094629,1.3300239520280814,1.347310559104374,-1.5736366587087078,5.6351156175997,7.208752276308408,-0.09509474915538572,1.1208463186405946,1.1248730956543935,-1.500475329388703,4.753605603520091,6.254080932908794,-0.002940413757820933,0.6658587085091546,0.6658652008706767,-1.116860232386516,1.22631071485557,2.3431709472420863,1.5309023423325878,1.0864159921376257,1.8772218008886925,0.2526014170448984,7.469344646589106,7.216743229544208,0.9999999987498569,0.4390812818425857,1,2,5.704217137707976,2.3652082748772534,Freestyle_1527676714707.csv,1,train,30.000000037375,31.966666706625,30.983333371999997,0.0,0,0.0032574679943101,0,0.65
-7.73349355274872,2.1173250059831714,8.018103747855076,-16.351159772936725,-3.971316540711296,12.37984323222543,-4.876319092469754,1.3666921772287088,5.06422110485741,-7.854629894557631,-0.0357087494817575,7.8189211450758735,3.48355660452861,1.466830963109762,3.779783021721275,-1.317243054597404,6.242526665811516,7.55976972040892,10.07989169182617,1.6182911612552886,10.208970702355025,7.969304371572932,17.00167616833669,9.032371796763758,0.5886203751483023,1.0912548971171512,1.2398835415158522,-0.4735244188789653,5.6351156175997,6.108640036478666,0.17053729427960654,0.9138649338432299,0.9296408371239401,-0.9506115341878846,4.753605603520091,5.704217137707976,-0.11142560247865065,0.4645300405052982,0.4777068383638487,-1.116860232386516,1.22631071485557,2.3431709472420863,1.0696401023667896,1.2188589571393156,1.6216495015847217,0.07589118269445927,7.469344646589106,7.393453463894647,0.9999999987498569,0.3820863096372771,2,2,3.3473652916544743,1.3602537452775774,Freestyle_1527676714707.csv,1,train,31.000000038625,32.966666707875,31.983333373249998,0.0,0,0.0,0,0.65
-7.658744020727618,0.7957328881772717,7.69997083139657,-12.079294057763766,-6.3687371249615845,5.710556932802182,-4.615314094291999,0.7763478726567599,4.6801538658840105,-7.546221157485541,-3.7604394218298296,3.7857817356557115,4.380836016232323,0.6540311172678887,4.4293883215939625,2.4410937452071235,5.271978879519265,2.8308851343121417,10.011836438744714,0.758948641215974,10.040561334715306,8.94591136183769,13.969156025755126,5.023244663917437,0.06999383704827052,0.39287856321082776,0.3990647850353927,-0.4043553143462565,1.2161283771769715,1.6204836915232281,-0.01920163835682277,0.2716129780638211,0.27229086060366403,-0.579486898577998,1.0913505104212329,1.6708374089992308,-0.001645973698814655,0.10124408462680737,0.10125746343523188,-0.4115066802986646,0.1465085808492246,0.5580152611478892,0.3240333135385444,0.3723580280351115,0.4936072217107095,0.021202094545322014,1.4910830132362816,1.4698809186909596,0.49999999937492845,0.53367548073915,1,2,1.2188806830291725,0.555572847347655,Freestyle_1527676714707.csv,1,train,32.00000004,33.966666709,32.983333374500006,0.0,0,0.0,0,0.65
-7.626744219388287,0.13376530681306764,7.627917182644252,-7.963572333244273,-7.359685602284348,0.6038867309599247,-4.256025977442063,0.0931078814800248,4.257044303064671,-4.509094004940824,-4.070625210978419,0.43846879396240457,4.566955017202923,0.20264918636963417,4.571448875563546,4.1843792577940215,5.037732236658425,0.8533529788644039,9.85889620086733,0.08864122037604563,9.859294678902037,9.666842733899397,10.098797557321284,0.4319548234218864,-0.0005277756579582289,0.07844085503221174,0.07844263053550404,-0.1689066177572498,0.1693533044375104,0.3382599221947602,0.017248305629554272,0.054191616136553704,0.05687033766896502,-0.1255263965105933,0.1150539456137732,0.24058034212436652,-0.03338579235301861,0.05877751070994489,0.0675973882357637,-0.1304145923134752,0.1038604611888533,0.23427505350232852,0.10559318957350566,0.05298081543258797,0.11813927580702473,0.021202094545322014,0.2343752625404419,0.21317316799511987,1.4999999981247853,0.46731280674339,3,3,0.14360236652044628,0.09485840333833866,Freestyle_1527676714707.csv,1,train,33.00000004125,34.966666710375,33.9833333758125,0.0,0,0.0,0,0.65
-4.321111841811108,5.016952098591829,6.621315270322442,-10.93427857824008,6.947914819414833,17.882193397654913,-6.246323035654552,2.754255209206137,6.8266004147883015,-12.910649074913458,-3.932501562427673,8.978147512485785,4.10463966498228,1.580731294462564,4.3984972666399536,-1.0656219278785672,10.415020850405746,11.480642778284313,10.366959432308308,1.5222415924241266,10.478123273603536,6.854894323271999,15.604347979952333,8.749453656680334,-0.6242820001403604,1.0059475186318523,1.18391656206881,-3.4386252530798487,0.1693533044375104,3.607978557517359,-0.36746337592459616,0.9514616687402818,1.0199552145697097,-3.0308887012105643,0.7875220929078092,3.8184107941183734,-0.7384226917757044,0.830682697489749,1.111441323524604,-2.2103190288675236,-0.0277389423061601,2.1825800865613636,1.337115713883991,1.3745509990507447,1.9176206301838992,0.043968384309325106,4.180778398085238,4.1368100137759125,0.49999999937492845,0.4545360709975633,1,2,0.8031921512810104,1.974567399052674,Freestyle_1527676714707.csv,1,train,34.000000042625,35.966666711625,34.983333377125,0.0,0,0.0,0,0.65
3.596102417230865,5.896398929953676,6.906480502859074,-10.93427857824008,9.871547621913033,20.805826200153113,-5.412869310781793,3.750495442200713,6.585238814012116,-12.910649074913458,1.3534858109565746,14.264134885870032,2.707696262439828,2.0320515550728473,3.3853880977082365,-1.0656219278785672,10.415020850405746,11.480642778284313,9.962278889833742,1.8107167274926828,10.125497308579407,6.74531385105467,15.604347979952333,8.859034128897664,-0.2129579500655928,1.4838171431930025,1.4990211482596179,-3.4386252530798487,3.2898759175324614,6.72850117061231,-0.2840211923157938,1.0127684396711094,1.05184026832896,-3.0308887012105643,1.075613942437384,4.106502643647948,-0.9558864102999715,0.874242195879264,1.295383436072873,-2.2103190288675236,1.8754393642845464,4.08575839315207,2.0261002431269413,0.9624803396749643,2.24308952105347,0.1606395329240572,4.180778398085238,4.02013886516118,0.49999999937492845,0.5459816056807623,1,3,1.510842852969789,1.5810390694060932,Freestyle_1527676714707.csv,1,train,35.000000043875,36.966666712875,35.983333378375,0.0,0,0.0,0,0.65
5.664006069110517,3.2992568238039333,6.554850138663552,-0.2022232514114773,9.871547621913033,10.07377087332451,-5.822991411789346,4.136435443038629,7.142641469106415,-12.734154138012222,1.3534858109565746,14.087639948968796,2.7075324850506233,1.5913470503569602,3.1405600762100057,-0.7711085090830323,6.38159574987449,7.152704258957523,10.084511711154176,1.4659906672331393,10.190510541126999,6.74531385105467,12.802289689883724,6.056975838829054,0.42565732127381894,1.1682508908268394,1.2433801908795665,-1.3549726558917232,3.7834437136597647,5.1384163695514875,0.35840093980251353,0.39070667432500583,0.5301914173328639,-0.435228910532405,1.435078816886023,1.8703077274184279,0.32083852200581214,1.5437406582844162,1.576728441185506,-2.157086875757956,3.3799861203119983,5.537072996069954,1.9037631311587087,0.8299733464209578,2.076817232047253,0.5311670825352736,3.864218353077187,3.3330512705419135,0.49999999937492845,0.465026769721313,3,3,0.6662413715915584,1.025511839118506,Freestyle_1527676714707.csv,1,train,36.000000045,37.96666671425,36.983333379625,0.0,0,0.0,0,0.65
2.9123249483495774,2.2080530887046756,3.6547414473964674,-0.2022232514114773,7.986939057684165,8.189162309095641,-8.648833494641108,2.2081917462858387,8.926277589588551,-12.734154138012222,0.0098114000877518,12.743965538099975,4.451465747804562,1.2593937517727247,4.62618848793274,1.2793355036407814,6.38159574987449,5.102260246233709,10.634932824826299,1.1555909271978377,10.697531798484631,8.152958482201836,12.802289689883724,4.649331207681888,-0.11603718140196963,0.9012533718369062,0.9086926145375598,-1.547053472449507,3.7834437136597647,5.330497186109271,0.43348230950890454,0.3665722921354601,0.5676990030100624,-0.3747023417930017,1.435078816886023,1.8097811586790247,0.2741687932029856,1.5784368797824355,1.6020710067358723,-1.949336443893606,3.3799861203119983,5.329322564205604,1.6798338423212322,0.9448778749392448,1.927339081832104,0.2456823980342378,3.864218353077187,3.6185359550429492,0.49999999937492845,0.6122101995867267,3,2,0.9126981061873658,0.9583945814531387,Freestyle_1527676714707.csv,1,train,37.00000004625,38.966666715375,37.983333380812496,0.0,0,0.0,0,0.65
2.955638270298335,0.8386056822391763,3.0723048473639407,1.0520328329393698,5.1955164139394405,4.143483581000071,-8.603218475656028,1.0142043387660649,8.662792770269938,-11.25899111790966,-6.459302816301145,4.799688301608516,4.469903715249694,1.1827454599162048,4.623735075299558,1.9506565683897668,6.309248701874449,4.358592133484683,10.245301685237179,0.9464433848935137,10.288924224734698,8.186092355637111,12.028830504769845,3.8427381491327335,-0.220695932505206,0.4553511393610538,0.5060151724422424,-1.547053472449507,0.7318384951146057,2.278891967564113,0.236973978728438,0.2626112569495971,0.35372494804725535,-0.3747023417930017,0.9906441732804584,1.36534651507346,-0.3759190577337777,0.6381590446310258,0.7406497851291356,-1.949336443893606,0.3199084578715745,2.2692449017651803,0.7801416511993906,0.5666690408770441,0.9642275653727291,0.1204546569859442,2.133896612675497,2.0134419556895526,0.49999999937492845,0.5510604701885171,3,3,0.4239009295973723,0.5585924672822777,Freestyle_1527676714707.csv,1,train,38.000000047375,39.966666716625,38.983333382,0.0,0,0.0,0,0.65
2.9973444218618024,0.6716849804465622,3.0716826490091003,0.9755535255173592,4.132911922287057,3.1573583967696983,-8.862273010215324,0.9875087039395666,8.917121528158479,-11.25899111790966,-7.110569961200476,4.148421156709185,4.115340263330171,1.162427811091388,4.276361058070886,1.9506565683897668,6.412480489805401,4.461823921415634,10.319104322749942,0.8681247141739445,10.35555669885285,8.450894377972958,12.028830504769845,3.577936126796887,0.013253033343845567,0.6065182721262916,0.6066630508905874,-1.303862535600072,1.5079625988515473,2.8118251344516194,-0.020444765971063275,0.3396500884345871,0.3402648542374519,-0.9894351411265268,0.3968109844200564,1.3862461255465832,0.045324043558077655,0.4266447002311434,0.4290454161971397,-0.3675967268071914,1.5955272929516602,1.9631240197588515,0.6816948685226318,0.4507685700387708,0.8172516121151959,0.1204546569859442,1.8549669297145244,1.7345122727285802,0.49999999937492845,0.5257205675718922,2,2,0.49062328137170963,0.33650430068371134,Freestyle_1527676714707.csv,1,train,39.000000048625,40.966666717875,39.98333338325,0.0,0,0.0,0,0.65
-0.6961070388756542,4.320410003276845,4.376129294934836,-10.053468647862928,3.86902293141239,13.922491579275318,-8.288627160114347,1.9005093401659636,8.503721300198123,-11.020105223138902,-3.8884159787876698,7.131689244351232,3.78281417276907,1.43956002957745,4.047470338922766,0.015793203817099,6.412480489805401,6.396687285988302,10.35896458274137,0.733247894916594,10.384883230055584,8.807434284596509,11.98654452327806,3.1791102386815506,0.17625006956722844,1.0124511204464413,1.0276776529222125,-2.206623429278036,2.0396252875014076,4.246248716779443,-0.12584275151278715,0.7824887014675556,0.7925433527780613,-1.6181842674944915,1.3489914709158872,2.9671757384103787,0.7490859657093353,0.7830339701209285,1.0836383079173744,-0.489592749661887,1.9239040048883675,2.4134967545502546,1.4555620119291082,0.8601497172953761,1.6907153239781165,0.22100491799629501,3.267119946407792,3.0461150284114966,0.49999999937492845,0.6275275161508639,2,1,1.0167317886025204,2.0149952519145478,Freestyle_1527676714707.csv,1,train,40.00000005,41.966666719,40.9833333845,0.0,0,0.0,0,0.65
-6.18638146678783,3.7357876105918413,7.226854414201758,-14.350255956734689,0.7245143112725421,15.074770268007232,-6.556117082273853,2.788137201197442,7.124351216018488,-12.353572813428167,-0.839797665864212,11.513775147563955,2.4833450829606987,1.8795103228733512,3.114411959720899,-2.9033318224621185,5.453777614845543,8.357109437307662,10.54358603129977,1.2313246642070288,10.615242193567894,7.772591467080127,14.85147961549943,7.078888148419304,-0.40493414180705767,1.8024925978758901,1.8474174473026914,-5.434887389476081,2.2638385379240464,7.698725927400128,-0.1819079563111701,1.1220772147064355,1.1367267835028163,-2.5515806357013964,2.019724173976526,4.5713048096779225,0.2611156542086819,1.4158218486432677,1.4396988893405689,-3.903106442399776,1.9239040048883675,5.827010447288144,2.2466693752784366,1.3154119564172733,2.603426952480042,0.38309602320470837,6.887410414592421,6.504314391387712,0.49999999937492845,0.4651991763307591,2,3,2.9807658269179496,1.4264913900021048,Freestyle_1527676714707.csv,1,train,41.00000005125,42.966666720375,41.9833333858125,0.0,0,0.0,0,0.65
-1.4577431901305453,7.494501385956002,7.6349568585859355,-14.350255956734689,10.2471204623352,24.59737641906989,-5.765753951245743,3.0679777897824434,6.531187207920492,-12.436493010832626,-0.839797665864212,11.596695344968413,1.4562888107926193,1.9059568143993515,2.398634711412954,-2.9033318224621185,5.453777614845543,8.357109437307662,10.18589968764624,1.7175181540164328,10.329686396796747,6.461392547231948,14.85147961549943,8.390087068267484,-0.2665582094945095,1.656853755361082,1.6781590048928734,-5.434887389476081,2.2638385379240464,7.698725927400128,-0.17889949579679795,0.920812772995808,0.9380304859164107,-2.5515806357013964,2.019724173976526,4.5713048096779225,-1.2012453303180335,1.5382660234496106,1.9517306941559227,-4.140584361647043,1.4923888411765969,5.6329732028236394,2.2196058745444507,1.6058397499158321,2.7395933166661757,0.03943677950396262,6.887410414592421,6.847973635088458,0.9999999987498569,0.5997834632410958,2,4,2.213429608479819,1.4659885109100932,Freestyle_1527676714707.csv,1,train,42.000000052625,43.966666721625,42.983333387125,0.0,0,0.025809021454805566,0,0.65
7.182796277098382,3.234123102714897,7.877316459417676,-2.1154652302789625,10.462291343629762,12.577756573908724,-3.7738766303399616,3.7460649972462225,5.317438084700136,-12.436493010832626,1.4487145333888736,13.8852075442215,2.2749861992923663,1.7537862034554554,2.8725125333758643,-2.3704276950921592,4.86865823619908,7.239085931291239,9.839390604479885,1.3285266927339001,9.928675170476346,6.461392547231948,12.586263103265122,6.124870556033174,0.3212483973595779,0.41483467749498903,0.5246792758042468,-0.5484789331725592,1.8443460191349328,2.392824952307492,0.029347668577438098,0.3734632175715967,0.37461454927680116,-1.0038748437506373,0.9496341122273552,1.9535089559779926,-1.0696454270898779,1.319074040510929,1.6982631315682841,-4.140584361647043,0.4321194172149583,4.572703778862001,1.306910638527056,1.2616285705140193,1.8165137123161073,0.03943677950396262,4.165563614440256,4.126126834936293,1.4999999981247853,0.4597534508900365,3,3,0.7549326784491125,0.8236489877433065,Freestyle_1527676714707.csv,1,train,43.000000053875,44.966666722875,43.983333388375,0.0,0,0.0,0,0.65
8.843742064047849,0.6127863972684894,8.864946749083524,7.952745074135553,10.462291343629762,2.5095462694942086,0.10245605508742743,2.118371692442086,2.120847913114947,-5.504599174700474,2.7456911188797646,8.250290293580239,3.8325013182952317,0.6425923233437582,3.8859993886714674,2.0187193000950017,4.86865823619908,2.849938936104078,9.890961217457601,0.5959481337794721,9.908898424315671,8.7384066486031,11.536778465166874,2.7983718165637743,0.11096201233240607,0.28020992101433134,0.3013804373474079,-0.7114732542699492,0.6553563109386102,1.3668295652085596,0.030242153785595992,0.1767081089289309,0.17927728140182891,-0.289520033028452,0.3699332333327493,0.6594532663612013,-0.26504385539793873,0.2820784992892,0.38706139699723435,-0.8681766417772093,0.3298953281533192,1.1980719699305284,0.4531804618394157,0.25964303513672343,0.5222901843688009,0.0802006266238227,1.1074085780711391,1.0272079514473165,0.49999999937492845,0.5649669948526129,4,2,0.3831731664423576,0.26626318647773706,Freestyle_1527676714707.csv,1,train,44.000000055,45.96666672425,44.983333389625,0.0,0,0.0,0,0.65
8.660531721064908,0.36410928973697243,8.668182350784058,8.004652134843903,9.68966969154993,1.6850175567060273,1.6597242323476327,0.5735417962210039,1.7560281089590664,-0.1987350171656024,2.831959560764388,3.0306945779299905,4.072456169120617,0.32816015006926497,4.085656414029702,3.32298001423292,4.778711676551049,1.4557316623181293,9.737127063844781,0.3193193729516424,9.742361537091542,9.18290708252631,10.667601542022203,1.484694459495893,-0.05268354148856022,0.4051186733269253,0.408529919371819,-1.8969603599795464,0.6653919539343722,2.5623523139139186,-0.04445375481723061,0.09446326031904621,0.1044004016632807,-0.289520033028452,0.2086078948268399,0.49812792785529186,-0.06736863338769154,0.12428561796185558,0.14136989635946368,-0.2784187057284046,0.3298953281533192,0.6083140338817238,0.3264505394570339,0.30201263512359267,0.44472641757161757,0.07639534072006735,1.9077776885963003,1.831382347876233,0.49999999937492845,0.46092562813085375,4,4,0.2076652189764518,0.23993634321294138,Freestyle_1527676714707.csv,1,train,45.00000005625,46.966666725375,45.983333390812504,0.0,0,0.0,0,0.65
8.740874195227859,0.6640798869494151,8.766064327453398,8.16038945238101,11.863343319248276,3.702953866867267,2.0446737610775827,0.6407223518275085,2.1427122815185715,0.8547108638685043,4.014789542438794,3.1600786785702897,4.058598979540573,0.6407946251103414,4.1088737420731345,3.134946906804291,7.191464292046834,4.056517385242543,9.882415620876897,0.8098176578513745,9.915540486666352,9.146661770827182,13.956194211022746,4.809532440195564,0.13812787071891217,0.5498790195916586,0.566962295797899,-1.8969603599795464,1.5139703609814217,3.410930720960968,-0.005168294645237322,0.10477912989907733,0.1049065171090324,-0.431420579607724,0.2265371163243029,0.6579576959320269,-0.03709638376792181,0.2073269306960919,0.21061955721280737,-1.0541424726108652,0.2994595746310561,1.3536020472419215,0.4499177149520937,0.4175958211490837,0.6138503238321953,0.07639534072006735,1.9077776885963003,1.831382347876233,1.4999999981247853,0.5097909186587966,3,3,0.3080327443444644,0.26845398060581144,Freestyle_1527676714707.csv,1,train,46.000000057375,47.966666726625,46.983333392,0.0,0,0.0,0,0.65
7.340701458686471,2.3602360604674812,7.710811381864605,0.169404838494098,11.863343319248276,11.693938480754179,2.1699852042913057,3.69548749377043,4.2854945576277235,-11.67701485659429,8.361235625103902,20.038250481698192,3.3637256434166223,1.7932078249510728,3.81185578263978,-1.0320758308826874,7.191464292046834,8.22354012292952,9.468420665028935,1.6435724467898907,9.610011460856532,5.162387733562533,13.956194211022746,8.793806477460212,-0.02709621797555768,0.914480516780668,0.914881861553729,-4.563870255510703,1.5139703609814217,6.077840616492125,0.21939023912217712,0.6855276730841989,0.719777929354827,-0.7547071873612256,2.901957908743632,3.6566650961048572,0.644938429994568,1.4853337868055252,1.619309123271372,-1.3673306153279787,4.132763726664884,5.500094341992862,1.3299674900420133,1.4860812899460063,1.9943046720338995,0.06110412864070128,5.985217843631206,5.924113714990505,0.9999999987498569,0.3000370912530898,2,2,1.9398227433833028,0.7887481273054107,Freestyle_1527676714707.csv,1,train,47.000000058625,48.966666727875,47.98333339325,0.0,0,0.0,0,0.65
2.6904353176171862,3.7113582379841503,4.583952679613382,-2.7167010870016863,9.656985812170229,12.373686899171915,-4.391253746329942,7.480310147829218,8.673992700733239,-15.615259714530964,8.361235625103902,23.976495339634866,3.235102121339088,1.7100529167483987,3.6592576724757135,-1.0320758308826874,7.087154479547346,8.119230310430034,10.227923905616471,2.2428800315219113,10.470956892991232,5.162387733562533,16.196389031595974,11.034001298033441,-0.2463912101374649,0.9315086333688695,0.9635439598034661,-4.563870255510703,1.0882621994467263,5.652132454957429,0.36873667645914243,0.6836421091740893,0.7767453057483719,-0.7547071873612256,2.901957908743632,3.6566650961048572,0.7140113304900735,1.6617675399035583,1.8086689959042612,-1.8368138592580463,4.132763726664884,5.96957758592293,1.6902127849393342,1.3950679233818055,2.191582480588217,0.06110412864070128,5.985217843631206,5.924113714990505,0.9999999987498569,0.42220332859822357,2,3,2.167630738050258,1.1021771400614555,Freestyle_1527676714707.csv,1,train,48.00000006,49.966666729,48.9833333945,0.0,0,0.01876712340663865,0,0.65
0.9455180168509271,1.7952785485802778,2.029046423121516,-2.7167010870016863,3.4331134252510176,6.1498145122527035,-9.769790480348494,1.707563604801873,9.917891887611601,-15.615259714530964,-6.229075304694442,9.386184409836522,4.144448278532193,0.9436014474344261,4.250509995874474,2.018184527703717,6.216136953967871,4.197952426264154,10.869088860339135,1.5528526821996853,10.979455546909557,7.864059005851455,16.196389031595974,8.332330025744518,-0.1255399118287109,0.605054228453407,0.61794084573793,-3.2469269513623495,1.0882621994467263,4.335189150809076,0.3424956827967719,0.3688333010035133,0.5033302063889821,-0.524550099039274,1.0842885849015833,1.6088386839408573,-0.1733589223935817,1.0018887383689967,1.0167764552958942,-1.8691660469106255,2.1935493283721903,4.062715375282815,1.063689541803265,0.7332060448450539,1.2919081025904928,0.06687873379938744,3.749939202408664,3.6830604686092765,0.49999999937492845,0.6527494107776474,3,3,0.9255551807061577,0.770074380942348,Freestyle_1527676714707.csv,1,train,49.00000006125,50.966666730375,49.9833333958125,0.0,0,0.0,0,0.65
2.573294537714351,0.7160487228793261,2.671061689921749,0.6887263551168306,3.7648649103974696,3.076138555280639,-9.073383276974882,0.9133514896797562,9.11923763450584,-10.573987278296505,-6.229075304694442,4.344911973602063,3.827967846150537,1.2675276126128125,4.0323645767586935,1.0938510829874972,6.216136953967871,5.122285870980374,10.286398968224404,0.8631488471669091,10.322549571973662,7.864059005851455,12.116840473360883,4.252781467509428,-0.11036497517753471,0.394092213187482,0.409254322201911,-1.3128642227726897,0.6233958860935619,1.9362601088662514,0.13796109501319606,0.41315006988593955,0.4355757614743925,-0.4493340380299315,1.0842885849015833,1.5336226229315149,-0.2389394376060719,0.5458411461115347,0.5958478091189559,-1.8691660469106255,0.2771791397541078,2.146345186664733,0.628711831329748,0.5630021216681129,0.8439490244421176,0.06687873379938744,2.2177956883039665,2.150916954504579,0.49999999937492845,0.5673616126922176,2,2,0.8425371108667307,0.8760183728213533,Freestyle_1527676714707.csv,1,train,50.000000062625,51.966666731625,50.983333397124994,0.0,0,0.0,0,0.65
2.261068295068936,1.063902404793991,2.498863373994741,-0.1243492358447338,3.7648649103974696,3.8892141462422036,-9.168025717389918,0.8213545167047599,9.20474436347008,-11.036485436857118,-6.767981893433745,4.268503543423374,3.693012689547417,1.357303566133351,3.934541357743817,1.0938510829874972,7.48673690414274,6.392885821155243,10.28982367348237,0.7561622994866678,10.317570094480734,8.946585548591313,12.258924307378233,3.31233875878692,-0.062183221213461294,0.7136936979968034,0.7163975485446852,-1.8816014693461165,1.5922591727303523,3.4738606420764686,-0.14541029456377044,0.37815680848139915,0.4051502506058217,-1.469211271576648,0.4894328108201087,1.9586440823967568,0.17090001047053854,0.49517802936916444,0.5238397601831682,-0.2663451236629164,1.7998494782924468,2.066194601955363,0.7120321563357256,0.6669261397032288,0.975592264973208,0.09784118767844477,2.9897264079649375,2.891885220286493,0.9999999987498569,0.4877067693330226,3,3,0.6603564580762178,0.5453127724189114,Freestyle_1527676714707.csv,1,train,51.000000063875,52.966666732875,51.983333398374995,0.0,0,0.0,0,0.65
0.08579890986180727,2.0194901663876395,2.021311946501541,-4.067824616116937,3.7058523469825886,7.7736769630995255,-9.74747310300313,1.2488574988165502,9.827149991025872,-12.423336960395435,-6.767981893433745,5.6553550669616905,1.8581219979839436,2.530732418834007,3.139621622923576,-2.836216678163062,7.48673690414274,10.322953582305802,10.474251319104837,0.8976982625300675,10.51264965963952,8.946585548591313,12.447635091959986,3.501049543368673,-0.24246556733943994,0.8366768210411035,0.8711014029449632,-1.9297135796070788,1.5922591727303523,3.5219727523374313,-0.1907861365480747,0.581368243280324,0.611872849694927,-1.4942509102251758,0.9782337275853096,2.4724846378104854,0.29393191911139216,0.6256198907587451,0.6912280526609798,-0.4715634736354414,1.7998494782924468,2.2714129519278883,1.0214256897138407,0.7534532630393003,1.2692526380480618,0.09784118767844477,2.9897264079649375,2.891885220286493,0.9999999987498569,0.5801350540779846,2,2,1.4636162949554405,1.819348253209242,Freestyle_1527676714707.csv,1,train,52.000000065,53.96666673425,52.983333399624996,0.0,0,0.0,0,0.65
-0.7282340836770482,1.6503186397108303,1.8038504630944205,-4.067824616116937,3.368207883050612,7.436032499167549,-10.522108193982861,0.8526857503894505,10.55660143392742,-12.423336960395435,-9.05897467335327,3.364362287042166,0.062026438277147586,1.0919036946215464,1.0936640057044633,-2.836216678163062,2.2667437633170975,5.1029604414801595,10.735808160094605,0.7963883694680651,10.765305907654366,9.125859615167087,12.447635091959986,3.321775476792899,-0.044856721239280424,0.7292421008659169,0.730620398781525,-1.9297135796070788,1.375593394127149,3.3053069737342278,-0.1948747031387078,0.789622185780836,0.8133138054900486,-1.4942509102251758,1.6004259915359924,3.094676901761168,-0.19885101347879028,0.7276793084645329,0.7543599283690532,-1.5375994655984693,1.759957031736554,3.297556497335023,1.1575798023747637,0.6514241444553195,1.3282862699152402,0.28272531155398667,2.986003644689843,2.7032783331358563,0.9999999987498569,0.3982848573155157,3,2,1.142768663476681,1.98429622716513,Freestyle_1527676714707.csv,1,train,53.00000006625,54.966666735375,53.9833334008125,0.0,0,0.0,0,0.65
1.420183369186448,1.9427691874557196,2.406506371867968,-3.5120181945442233,5.387639371162558,8.89965756570678,-8.031504015579594,3.1471640835568415,8.626105640502054,-12.034562585130416,0.500049500116269,12.534612085246685,3.8256435224859406,3.6786018387153225,5.307321344043376,-1.505624478700312,9.931963609790351,11.437588088490664,10.37720637041141,0.8259656371627835,10.410025518118621,8.56647706061028,12.543916666021339,3.9774396054110586,0.38725521898822174,1.3830592692392403,1.4362519092632033,-3.3196132944041197,4.872255220267192,8.191868514671311,-0.002887658219858186,0.8637718963640952,0.8637767231862757,-1.335345941371751,1.6853696793782345,3.0207156207499857,-0.426796927693666,0.690953305288074,0.8121404358713257,-1.6916748439299214,1.0269021999468686,2.71857704387679,1.5942912047452964,0.9626720191371906,1.8623914362877325,0.26560195778819157,4.93469111404986,4.669089156261669,0.49999999937492845,0.6737680803223414,3,2,1.8172923105707406,1.448051698761346,Freestyle_1527676714707.csv,1,train,54.000000067375,55.966666736625,54.983333402,0.0,0,0.0,0,0.65
2.891359822743909,1.1550689667939034,3.1135423463682046,0.590838823721195,5.387639371162558,4.796800547441363,-6.091271035739442,2.347405846463976,6.527932064509521,-9.757797017693449,0.500049500116269,10.257846517809718,6.845879646757809,1.7937869777020263,7.076986636928615,2.4870119417044014,9.931963609790351,7.44495166808595,10.081234321985807,0.8720650124624295,10.118882489719194,8.114319218895512,12.543916666021339,4.429597447125827,0.25773225801684524,1.6572746770278062,1.6771956570239746,-3.3196132944041197,4.872255220267192,8.191868514671311,-0.15931075061549194,0.6839377753828338,0.7022469621559719,-1.2390960581813546,1.6853696793782345,2.924465737559589,0.4415373283552583,0.9705074086752361,1.066226918917648,-1.6916748439299214,2.6534009034007564,4.345075747330678,1.859658110567422,0.9922941208244662,2.1078367845784443,0.26560195778819157,4.93469111404986,4.669089156261669,0.49999999937492845,0.4362773341267132,3,3,1.0689350610087027,1.3557740645402632,Freestyle_1527676714707.csv,1,train,55.000000068625,56.966666737875,55.98333340325,0.0,0,0.0,0,0.65
-0.21606974745942628,3.7041967716985646,3.7104932096999246,-8.126238147008777,4.976981877584755,13.103220024593533,-6.328724364895999,3.0428556897732877,7.0222306168064526,-15.39063229109684,1.8771828812259783,17.267815172322816,6.466475364896786,1.6515180403273646,6.674040416595015,2.4870119417044014,11.867284959971125,9.380273018266724,10.286127538736396,1.348287222380891,10.374116742026134,7.739338291213908,16.077052957857696,8.337714666643787,0.062415329389070094,2.4896041332307965,2.4903863984415375,-5.93524653719242,8.131358655200081,14.066605192392501,-0.21370436976194887,0.8463206749360331,0.8728850110292504,-1.526753379384013,2.9736899902682334,4.500443369652246,0.99055047507042,0.8281388168295403,1.291125146375078,-1.113483925882436,2.6534009034007564,3.7668848292831925,2.501260944975138,1.540990098854076,2.937849008990117,0.6845622702365218,8.52823210175768,7.843669831521159,0.49999999937492845,0.5168112788356186,3,2,2.1823691079203993,2.014533629348922,Freestyle_1527676714707.csv,1,train,56.00000007,57.966666739,56.9833334045,0.0,0,0.0,0,0.65
-3.4257388577480508,3.7852049384008564,5.105238794334615,-9.134442899837268,4.952571884438248,14.087014784275516,-6.141062112795411,3.743133525433743,7.191918552266654,-15.39063229109684,1.8771828812259783,17.267815172322816,5.756982593892003,1.8087488493389283,6.034436260858207,1.322886740448022,11.867284959971125,10.544398219523103,10.598023470823309,1.372397576453347,10.686513771851736,7.739338291213908,16.077052957857696,8.337714666643787,-0.4873335840502956,2.6451950549936227,2.6897120479906436,-5.93524653719242,8.131358655200081,14.066605192392501,-0.1787266326736167,1.0790580255398505,1.0937593115986766,-2.139375321405957,2.9736899902682334,5.113065311674191,0.02291865115937486,1.362914478008347,1.36310716340856,-2.298767345099059,2.2428675464688617,4.54163489156792,2.778329232574025,1.6030621158193445,3.2076348719501357,0.8047087023080183,8.52823210175768,7.723523399449662,0.9999999987498569,0.34396192708472356,4,2,1.62873337337892,3.3608808916289576,Freestyle_1527676714707.csv,1,train,57.00000007125,58.966666740375,57.9833334058125,0.0,0,0.01603646018538274,0,0.65
0.46668108746086306,5.359562504421894,5.379842142312239,-9.134442899837268,9.56024909513564,18.694691994972906,-7.065116592885369,3.215459038247355,7.762412595173666,-14.010360078851884,-0.5685728544127672,13.441787224439116,4.428946429887001,2.698676541500012,5.186368821675844,-5.178675280099902,11.442024416899956,16.620699696999857,10.688388058732105,1.3618124079012093,10.774793377525196,6.679821049150461,15.091845855527215,8.412024806376753,-0.8473897487375637,1.4906364672457784,1.7146622010613302,-4.6482095164055375,2.627296313985688,7.275505830391225,0.13204349060377674,1.1568129043619806,1.1643245162364444,-2.139375321405957,2.278981998243391,4.418357319649348,-0.7328291370610384,1.0198644145838807,1.2558510931874636,-2.298767345099059,1.0420999705056202,3.340867315604679,2.152941030409455,1.1125308673009198,2.4234025689344025,0.4235899592654651,5.412533072468748,4.988943113203283,0.49999999937492845,0.5535782503697309,3,2,1.8163213327587957,2.173545013978652,Freestyle_1527676714707.csv,1,train,58.000000072625,59.966666741625,58.983333407125,0.0,0,0.004914163090128756,0,0.65
4.209199301178459,2.209317767388208,4.753782047416398,-0.4607364555052,9.56024909513564,10.020985550640841,-4.596219682510076,5.468906531530304,7.14382068787479,-13.834539271716684,9.265437206360415,23.0999764780771,5.538195150247947,3.6756290758597996,6.646943254273792,-5.178675280099902,16.886812739079108,22.06548801917901,10.654259305148507,2.073940948782928,10.85423753196797,6.679821049150461,19.350856164833637,12.671035115683175,0.8252371833063155,2.7481824052793957,2.869411601948836,-5.074381936397198,9.843745944832891,14.918127881230088,0.5822678708485303,1.1175069923996321,1.2601022781840183,-2.3731709868961595,2.8089468488426648,5.182117835738824,-0.05385381047779101,1.1781362267673647,1.1793664408166877,-1.8514352219691843,3.174566875928948,5.026002097898132,2.627545176723363,2.0756426086601603,3.348475159622326,0.30298334746016803,9.943175855635918,9.64019250817575,0.49999999937492845,0.4395961126513122,3,3,2.36327544731267,3.285484273345529,Freestyle_1527676714707.csv,1,train,59.000000073875,60.966666742875,59.983333408375,0.0,0,0.004201834862385321,0,0.65
1.7356583689613805,3.527121536041459,3.9310426484271495,-5.860523354690285,8.087767170855912,13.948290525546197,-3.5037061148901643,5.513374161549549,6.532476650150455,-12.785942962878394,9.265437206360415,22.05138016923881,6.929183050563577,2.8470172938753606,7.491267263944263,0.8086715215308213,16.886812739079108,16.078141217548286,10.507934899734048,1.9567158330499037,10.688565512189042,7.6197840645370105,19.350856164833637,11.731072100296625,0.6918131863546033,3.285551371555946,3.357596357507446,-5.074381936397198,9.843745944832891,14.918127881230088,0.5988049780215188,0.9810534285052618,1.1493620975503238,-2.3731709868961595,2.8089468488426648,5.182117835738824,0.6260631418648687,1.0167346973457836,1.1940286857477642,-1.16562167875265,3.174566875928948,4.340188554681598,3.169304144975164,1.9939163147595553,3.744354555009592,0.30298334746016803,9.943175855635918,9.64019250817575,0.9999999987498569,0.5900652324282544,2,3,3.3478392729716973,2.78830762271366,Freestyle_1527676714707.csv,1,train,60.000000075,61.96666674425,60.983333409625004,0.0,0,0.009115997952514077,0,0.65
-3.346954088318062,3.535769581908908,4.868651579817689,-10.293863523303877,3.1426328439852886,13.436496367289166,-5.938380492440176,3.2241761967720786,6.7571943157515975,-12.785942962878394,2.882714055226993,15.668657018105387,5.906249394081091,1.981662969556844,6.229829053031561,2.542090191620171,10.025688836861084,7.483598645240914,10.338597285165738,1.134733198442154,10.400683307191077,7.70801592529718,13.480092016177665,5.772076090880485,-0.4981951698694213,1.9997778447365506,2.0609002536708045,-3.8223802152822626,4.878935818441489,8.701316033723751,0.39406150541712986,0.5990454159243911,0.7170354805667859,-0.5032738905021777,2.153645042408117,2.656918932910295,0.308714056020118,0.7493748392592735,0.8104733296656064,-1.16562167875265,2.1831558958333774,3.3487775745860278,1.791922550523251,1.4857086952015623,2.327727809274805,0.052994114406268104,5.342697595940754,5.289703481534485,0.49999999937492845,0.559076726733163,3,2,1.1211671337030824,0.732281716970706,Freestyle_1527676714707.csv,1,train,61.00000007625,62.966666745375,61.9833334108125,0.0,0,0.0,0,0.65
-5.976340946793362,1.0700574644583158,6.071381563496232,-10.293863523303877,-1.3098530825063406,8.984010440797537,-6.031850870705762,0.8116614225204662,6.086215506473773,-8.62322853472871,-3.195558058489014,5.427670476239696,5.379235689010191,0.792594590112821,5.437313930811523,4.340870805930926,7.660851525216684,3.319980719285758,10.14927171610038,0.6784981177318575,10.171925877777563,8.119953863360498,12.528572513702818,4.408618650342319,0.03976430125331183,0.5343410254789484,0.5358185617949963,-1.802427940369192,2.12198980416301,3.924417744532202,-0.06401749607033069,0.24073588379475686,0.24910239972661338,-0.5032738905021777,0.6423266506659073,1.145600541168085,-0.06225764085753387,0.27251464346631626,0.27953576649280343,-1.075184162747902,0.5247436673551847,1.5999278301030868,0.44386694715338515,0.47987072705789097,0.6536771232514833,0.052994114406268104,2.187907884008134,2.134913769601866,0.49999999937492845,0.7282020558570513,2,2,0.5668658281981678,0.5847597588255686,Freestyle_1527676714707.csv,1,train,62.000000077375,63.966666746625,62.983333412,0.0,0,0.0,0,0.65
-5.403399575192469,0.5495122338679723,5.431269710147041,-6.37924426581955,-4.638044877669327,1.741199388150223,-5.618855532864276,0.4290068289796575,5.635209344692588,-6.531367877129261,-4.985067680639631,1.5463001964896304,6.153145338202717,0.8369826256388437,6.209809777172495,4.809397821151392,7.249978944389619,2.4405811232382275,9.988526745196967,0.21294588989552243,9.990796389254388,9.442317222447224,10.409440510123043,0.9671232876758182,0.028092274951833925,0.14608665177158642,0.14876318676944975,-0.2813177381151189,0.3588412167756112,0.64015895489073,-0.1352979061348144,0.1654157391571804,0.21370046833215273,-0.467486029247376,0.1570871455907069,0.624573174838083,-0.01918013570644164,0.10382242702585064,0.10557923071918833,-0.17000504614596,0.2529839657331279,0.4229890118790879,0.25286581433549254,0.12249175401996411,0.28097215140016846,0.09565472208612834,0.5156992953867638,0.4200445733006355,0.49999999937492845,0.908419033754741,1,3,0.0840579442979223,0.2518874342883506,Freestyle_1527676714707.csv,1,train,63.000000078625,64.966666747875,63.983333413249994,0.0,0,0.001945624468988955,0,0.65
-4.940247290799453,0.2273436922917556,4.945475553339253,-5.48199727470885,-4.415312261184357,1.0666850135244932,-5.4629589342253855,0.3758684753073539,5.475874124535994,-6.367897674178236,-4.917889874212387,1.4500077999658494,6.7333864582138245,0.28375191523146814,6.739362606734767,5.864616561251928,7.249978944389619,1.3853623831376911,9.990602711556392,0.22314049685336143,9.993094326658479,9.561630561218102,10.797256057845937,1.2356254966278346,-0.10366596246563069,0.12434478469654106,0.1618896452993665,-0.3628459547135474,0.2706987278584182,0.6335446825719656,-0.08983401434696617,0.1300899056069462,0.1580934333693689,-0.3497905828337544,0.1570871455907069,0.5068777284244613,0.0716545118203725,0.182439273780636,0.1960062694962122,-0.17000504614596,0.4103521489855235,0.5803571951314835,0.2686234687474865,0.13214265265068553,0.2993664119628178,0.10668428171269456,0.5474025111326872,0.44071822941999267,0.49999999937492845,0.8213263777917084,2,2,0.28896752492497585,0.2026256015278348,Freestyle_1527676714707.csv,1,train,64.00000008,65.966666749,64.98333341450001,0.0,0,0.0,0,0.65
-5.451402745858459,0.7080777692113589,5.497196196681039,-7.629356374567752,-4.415312261184357,3.2140441133833955,-4.423145492431794,1.6555307809330162,4.7228167669131915,-6.367897674178236,0.4945827881847897,6.862480462363026,6.8001745182618505,0.623604790830537,6.828708253686387,5.857058059087914,8.575144564034899,2.7180865049469842,9.940052033560937,0.5922720850306544,9.957681489815059,8.18433854801817,12.141645767534238,3.9573072195160677,-0.07345003147350543,0.5744277615265337,0.5791046195082917,-1.7037923297864566,2.149299847712065,3.853092177498522,-0.15202718086794997,0.18418497247736837,0.2388228795763616,-0.7715437322943441,0.1468074709778875,0.9183512032722316,0.37737608031693826,0.37881265414876314,0.5347071468931444,-0.1239997722786451,1.7196332285805922,1.8436330008592372,0.6354916830497357,0.5238898566093921,0.8235959331393007,0.12616467783313545,2.4529749265698,2.3268102487366646,1.4999999981247853,0.5977336059486457,2,3,0.4026969312897398,0.2662737450784571,Freestyle_1527676714707.csv,1,train,65.00000008125,66.966666750375,65.9833334158125,0.0,0,0.0,0,0.65
-2.850056728944201,3.5020885185466324,4.515246100705505,-7.629356374567752,3.7437572941026462,11.373113668670399,-4.038572743550398,1.5243028787264428,4.316661797157836,-6.523492313559589,0.4945827881847897,7.018075101744379,7.7507391424964815,1.31657235279604,7.861763161986883,4.339695947768013,10.05457020834126,5.714874260573247,9.998920547413654,0.9219134030163612,10.041331407545126,6.709699304158902,12.141645767534238,5.431946463375335,-0.37474570396078855,0.9377544649146712,1.009860277020771,-3.42870196710008,2.149299847712065,5.578001814812145,-0.5255739197443945,0.609203147956363,0.8045846261242068,-2.2823294754834738,0.0945233308526885,2.3768528063361622,-0.11452260108347187,0.9225437648246702,0.9296248835825127,-1.8485651905235227,1.7196332285805922,3.5681984191041147,1.366249802588206,0.8153147250009573,1.5910300512170403,0.24134415466977513,3.980652108273939,3.739307953604164,0.49999999937492845,0.40657656767873174,2,3,0.5693319865704658,1.0027811536234548,Freestyle_1527676714707.csv,1,train,66.000000082625,67.966666751625,66.983333417125,0.0,0,0.0,0,0.65
1.637976066410184,2.272618145914484,2.801385162963559,-5.157772322777133,5.413143397687636,10.570915720464768,-5.604206816688532,1.3800721135261607,5.77163175217813,-8.319041109383447,-3.0872920812287443,5.231749028154702,7.915915300730636,1.402545263907273,8.03920694258147,4.339695947768013,10.05457020834126,5.714874260573247,10.249037000314178,0.8634701765922344,10.285345894994164,6.709699304158902,11.945477910283348,5.235778606124446,-0.3666389285916713,1.201605040937264,1.2562956572259147,-3.4982338770911188,2.1273367497299436,5.625570626821062,-0.5116366007478512,0.617758453919411,0.8021206384414485,-2.2823294754834738,0.4240423361917165,2.70637181167519,-0.028075670501465696,1.1049986177049826,1.1053552317712299,-1.8485651905235227,2.486948814570835,4.335514005094358,1.5482433480103321,1.022951133106659,1.8556633545399444,0.1707564707467543,4.318953458574776,4.148196987828022,0.49999999937492845,0.4305828186001377,3,2,0.6736508462874555,0.8027344436480548,Freestyle_1527676714707.csv,1,train,67.000000083875,68.966666752875,67.983333418375,0.0,0,0.0,0,0.65
1.1008648563604526,2.222028195984375,2.479780783803096,-2.2908688527968,5.413143397687636,7.704012250484436,-6.3802303177034805,1.6859528386871618,6.599225400092042,-10.625515592995534,-3.1074410180001206,7.518074574995413,7.35332103517943,1.3301445361325874,7.4726578092011975,4.305100430718619,9.912873210406548,5.607772779687929,10.250326046802398,0.6859440827057346,10.273251839138117,8.734705591230576,11.945477910283348,3.210772319052772,0.11385854583513878,1.3539893613436218,1.3587681770969622,-3.4982338770911188,3.367909502316338,6.866143379407457,-0.18268898341400477,0.56391809884879,0.592772204873066,-0.9328327066730768,1.926251188159914,2.859083894832991,0.7060768338084622,0.9600247815044041,1.1917181194995574,-1.861910519040884,2.486948814570835,4.348859333611719,1.6115109918297876,1.0103733198757847,1.9020572868094798,0.1707564707467543,4.318953458574776,4.148196987828022,0.49999999937492845,0.4394921182278184,4,3,0.6455419747061009,0.844314822438359,Freestyle_1527676714707.csv,1,train,68.000000085,69.96666675425,68.983333419625,0.0,0,0.0,0,0.65
0.11421776953190091,1.7572728634719519,1.7609808674632883,-2.2908688527968,3.821889363645399,6.112758216442199,-6.88293259749531,2.0810040346231613,7.190642456260873,-10.805994792691838,-3.1074410180001206,7.698553774691717,7.052104446353821,1.2112319198270514,7.155365810766858,4.305100430718619,9.710167119347576,5.405066688628956,10.244866913682554,1.0238917697573717,10.295904643849633,8.11823420734901,12.841320529248428,4.723086321899418,-0.03727375203240384,1.2018599782046868,1.2024378319899718,-2.499968614552645,3.367909502316338,5.867878116868983,0.052534165252419655,0.6770779784172144,0.6791129709969544,-0.9328327066730768,1.926251188159914,2.859083894832991,-0.23391207485576251,1.2935060086462413,1.3144856991109708,-2.0077225361035,2.045072560230764,4.052795096334264,1.7839097476347605,0.6727479711139941,1.906547618168587,0.4937274579322889,3.6376343175333647,3.143906859601076,0.49999999937492845,0.49308855037368865,3,2,1.2290336030779225,0.9398211130070667,Freestyle_1527676714707.csv,1,train,69.00000008625,70.966666755375,69.9833334208125,0.0,0,0.0,0,0.65
2.2101723863810503,1.8024096144118433,2.8519366044226078,-1.5338162268159885,4.933339232938986,6.467155459754974,-7.916007439067025,1.7269097721286355,8.10218434352353,-10.805994792691838,-4.18906120017151,6.616933592520327,5.794919204925068,1.6031638199245626,6.012588695821833,1.0580762345202146,8.649843826341101,7.5917675918208865,10.433051282920587,1.0399986947861941,10.484758287972493,8.11823420734901,12.841320529248428,4.723086321899418,-0.3306472010481209,0.838250138943651,0.9011053584348541,-2.499968614552645,1.1145592146388057,3.614527829191451,0.07381150907942964,0.4388654934454852,0.4450292801712398,-0.7962124600958934,1.3677165898178143,2.163929049913708,-0.5296053258151299,0.8044478173877468,0.9631293225894741,-2.0077225361035,0.3262554112788796,2.3339779473823796,1.1841991921884867,0.7316640571064927,1.3919985701290782,0.20351296202167965,3.0056894060345534,2.802176444012874,0.9999999987498569,0.3748218277927235,3,4,0.4966640553498505,0.6463100820034824,Freestyle_1527676714707.csv,1,train,70.000000087375,71.966666756625,70.983333422,0.0,0,0.0,0,0.65
2.215106900064652,1.768568501519093,2.8345252024421166,-2.2921289682581967,4.933339232938986,7.225468201197183,-7.999790861451285,1.6169311967403701,8.161563595411835,-10.492850998557095,-3.3949395154716693,7.097911483085426,5.288412910240641,2.2400151653773372,5.743255091872583,0.2265240433814354,9.345696317773967,9.119172274392533,10.339202677005849,0.8552897166146136,10.374518422343835,8.675980141790685,12.616319861954334,3.9403397201636494,0.1832178895626943,1.0644888753689807,1.0801413615078932,-2.0751722872225136,2.6995512565039563,4.77472354372647,0.025007784988246694,0.3906320467666197,0.39143171214286787,-0.7962124600958934,0.9125943623003376,1.7088068223962312,0.3345726334127342,0.39024964040295895,0.5140366026494325,-0.2147168574734176,1.208183728084441,1.4229005855578585,1.0581903976813567,0.681462293329253,1.2586332964666844,0.20351296202167965,3.050190801626247,2.8466778396045673,0.49999999937492845,0.708956536070226,3,4,0.8236491020106707,0.859812112725053,Freestyle_1527676714707.csv,1,train,71.000000088625,72.966666757875,71.98333342325,0.0,0,0.0,0,0.65
-1.0432264834910336,2.522975858289927,2.7301517681936405,-4.860283303989994,3.714283118793636,8.57456642278363,-6.105167706746154,2.10235189744352,6.457008303245432,-9.994909134183963,-1.92472236528696,8.070186768897003,7.165111931833305,2.419591375598384,7.562621993764468,0.2265240433814354,9.99056187856876,9.764037835187326,10.273099753212344,0.8963022853199848,10.312125693867458,8.675980141790685,12.616319861954334,3.9403397201636494,0.46488415325683746,0.9096082475103079,1.0215206507399155,-1.2742636935534943,2.6995512565039563,3.9738149500574504,0.09447321286407194,0.3549656442803444,0.36732246945731517,-0.6208588398306047,0.9125943623003376,1.5334532021309424,0.2076299126037169,0.5289625354247856,0.5682530637760298,-0.78837131152612,1.208183728084441,1.996555039610561,1.0177812457191806,0.6822485740618867,1.2252925287241268,0.1274074422766743,3.050190801626247,2.9227833593495727,1.4999999981247853,0.5792818746952008,3,3,0.7758233457026399,0.8091486121452025,Freestyle_1527676714707.csv,1,train,72.00000009,73.966666759,72.9833334245,0.0,0,0.0,0,0.65
-2.6065851126026427,0.9534012289943768,2.7754747076292583,-4.860283303989994,-0.9165834112842248,3.9436998927057694,-3.66772014449647,2.350181418326821,4.35609042116826,-9.104588869041944,1.7911260724012936,10.895714941443238,8.524992134907125,1.3207489233858856,8.626695115677459,3.557246062561173,10.089196389578886,6.531950327017713,10.02402209741375,0.7858964432402911,10.054782555030064,8.866282785850853,12.456700083428723,3.5904172975778703,-0.3303527320377258,1.3258559530158975,1.3663919407375336,-3.778883057586345,1.667056120158148,5.445939177744493,-0.14337390565659136,0.3614974421625511,0.3888913440966411,-0.8644121603256804,0.5079536962009941,1.3723658565266743,-0.10488747015613684,0.40316577073808874,0.4165861496624577,-0.78837131152612,0.7403699565311251,1.5287412680572452,1.0718785497252974,1.021216827101454,1.4804754078728788,0.1274074422766743,3.8578758376136606,3.7304683953369864,0.9999999987498569,0.6012793820687636,3,2,0.6760988960394859,0.8283074548275169,Freestyle_1527676714707.csv,1,train,73.00000009125,74.966666760375,73.9833334258125,0.0,0,0.0,0,0.65
-2.780318963111711,1.6029465821987077,3.2093007465834518,-6.688338504884589,0.2704886885763322,6.958827193460921,-5.980626266189284,3.9244253695460922,7.153251359834221,-10.486217297016363,1.7911260724012936,12.277343369417657,5.712744296468717,3.042633342078598,6.4724852298915465,1.3000479180740387,10.089196389578886,8.789148471504847,10.132863711747971,0.8287064313112494,10.166694711171152,8.866282785850853,11.931770496441164,3.065487710590311,-0.5524294451453732,1.363544838933914,1.4712011486016923,-3.778883057586345,1.4312799128636982,5.210162970450043,-0.05181638130056085,0.5594651695894447,0.5618596028856596,-0.8776835039634352,1.2905366088250363,2.1682201127884717,0.0716994244204702,0.5798298631901343,0.5842460763319826,-0.7129984078735574,1.2511939196397384,1.9641923275132958,1.3802525986005152,0.9572696980306075,1.6797209621574312,0.2782103664637752,3.8578758376136606,3.579665471149885,1.4999999981247853,0.30054045823566816,3,4,1.6109821886692524,1.1131322420865257,Freestyle_1527676714707.csv,1,train,74.000000092625,75.966666761625,74.983333427125,0.0,0,0.0,0,0.65
-3.719037181149677,1.5187140186273016,4.0171793369413855,-6.688338504884589,0.2704886885763322,6.958827193460921,-7.878126145284544,2.523287500312091,8.27235464485458,-11.497365076234516,-1.0255537696108037,10.471811306623712,4.452500838014404,2.5410737343889704,5.126579701528153,1.3000479180740387,11.083277845744544,9.783229927670504,10.456761253898453,1.2278211231627383,10.528599177075575,6.361949480153226,12.78199228110501,6.4200428009517845,0.2781394721889419,1.3743167994237908,1.4021798141351185,-2.16458762837251,3.601425637143094,5.766013265515604,0.1636495317435199,0.5540789520464394,0.5777409924358439,-0.8776835039634352,1.2906462327011443,2.1683297366645795,0.014301874420374823,0.5588532311573794,0.5590362041826804,-0.7486067827755548,1.2511939196397384,1.999800702415293,1.3884296370304476,0.8274524192430815,1.61629649603522,0.2745755279065711,3.742624756954598,3.468049229048027,1.4999999981247853,0.49720859729231304,3,3,1.7954109302748844,1.4975636036630358,Freestyle_1527676714707.csv,1,train,75.000000093875,76.966666762875,75.983333428375,0.0,0,0.0,0,0.65
-4.5723059628844505,1.2224793093499882,4.732910043516308,-6.699694796178805,-1.792981521329704,4.906713274849101,-6.305884052881443,2.3131300686863687,6.7167510303007,-11.497365076234516,-1.0255537696108037,10.471811306623712,5.63415307594694,2.1297222362690453,6.023238139643922,1.6190115917833954,11.083277845744544,9.464266253961148,10.106744968632189,1.2838557975692497,10.187962483731683,6.361949480153226,12.859552689900859,6.497603209747633,0.17224577827290186,1.3782061943980497,1.388927975962034,-2.154129361312664,3.601425637143094,5.755554998455758,-0.006134361247448824,0.4467610944263168,0.4468032071067917,-0.834042508278916,1.2906462327011443,2.1246887409800603,0.11948532316543846,0.4761107857594915,0.4908749563467968,-0.7486067827755548,1.040405624941935,1.7890124077174896,1.2787509574524778,0.8570345616564993,1.5393869724859233,0.2745755279065711,3.742624756954598,3.468049229048027,0.49999999937492845,0.2961714353818654,3,3,1.1842628691048505,0.8736698624224285,Freestyle_1527676714707.csv,1,train,76.000000095,77.96666676425,76.98333342962499,0.0,0,0.0,0,0.65
-5.893254060169742,1.104099572871303,5.995788462289322,-8.665507603281558,-3.221726941634856,5.443780661646702,-5.545305706767057,1.3515978418414225,5.707646809988656,-10.357414071487074,-3.5311837778702064,6.826230293616868,5.6715205116806935,0.8342268625195223,5.732545627604196,3.2176108845046847,6.9754739754335136,3.757863090928829,10.039496090437531,0.772857693724349,10.06920010550289,8.417069327229939,12.859552689900859,4.44248336267092,-0.14821764243970453,0.7492547406144772,0.7637742702288756,-2.154129361312664,1.467713462101023,3.621842823413687,-0.04547811768104816,0.305558304871474,0.3089241603755522,-0.7126169655401463,0.7882129710939741,1.5008299366341205,0.15651483985779188,0.3982816250831386,0.42793124211089806,-0.4249126831951884,1.040405624941935,1.4653183081371233,0.7258522831241296,0.5788340727578635,0.9283913079633864,0.08270485055768904,2.277523845120204,2.194818994562515,1.4999999981247853,0.45807486628378175,2,3,0.6899388920917928,0.8289566587989298,Freestyle_1527676714707.csv,1,train,77.00000009625,78.966666765375,77.98333343081251,0.0,0,0.0,0,0.65
-5.797701502131691,1.1708998516768423,5.914756898679515,-8.665507603281558,-1.8808035585868192,6.784704044694738,-4.809176589082787,0.48604622260634645,4.833675660973941,-6.518350153305417,-3.997868753005666,2.5204814002997513,6.605923581443402,0.9681204329725884,6.676487365120155,4.799904208024748,10.76800999755424,5.968105789529491,10.12880044673879,0.5758946194590602,10.145159096957418,9.386696900423953,13.012198490335411,3.625501589911458,-0.09736095512708438,0.6171858566550484,0.6248180032923861,-1.8739834460015616,1.467713462101023,3.341696908102585,-0.2492287236400351,0.463969834350998,0.5266715901536113,-1.6240240027100388,0.7882129710939741,2.412236973804013,-0.039631621221567895,0.21222860373389846,0.21589730346507324,-0.6989793320174841,0.7726761349518232,1.4716554669693074,0.5913216915547184,0.6039294692706872,0.8452172186821016,0.08270485055768904,2.4772377000487475,2.3945328494910587,0.49999999937492845,0.35219725956260206,2,2,0.5583362989179714,0.4169839448905541,Freestyle_1527676714707.csv,1,train,78.000000097375,79.966666766625,78.983333432,0.0,0,0.0,0,0.65
-1.4518840604123933,3.800046954375453,4.067963148842149,-6.155183015992358,3.489045566373755,9.644228582366113,-6.202406370071533,2.41282044270111,6.655189499046615,-11.580528012414652,-3.898093936175019,7.682434076239632,6.349810343335587,1.7614157289192445,6.589588512677837,2.663109183621223,10.76800999755424,8.104900813933016,10.155073296638129,1.0663182240217628,10.210903398572222,7.994616712474728,13.012198490335411,5.017581777860683,-0.27532617913318813,0.9264565364096341,0.9665020531650287,-2.811621930551811,1.4620961319940222,4.273718062545833,-0.22593941049211025,0.9309007815248912,0.9579273888229606,-1.9302833353784383,1.7609083843571112,3.6911917197355493,-0.4830656064493667,0.7492237433923228,0.8914530822186321,-1.996290651562288,0.7726761349518232,2.7689667865141114,1.3409547782682885,0.9210211623333832,1.6267881542556457,0.306963916802362,3.1989547639804807,2.8919908471781186,0.49999999937492845,0.49489799946034313,1,1,2.56016982950242,1.6877058895870622,Freestyle_1527676714707.csv,1,train,79.000000098625,80.966666767875,79.98333343325,0.0,0,0.0,0,0.65
3.4632555341047504,2.0676841640299854,4.033541458406937,-2.27281608004429,8.800940667770742,11.073756747815032,-6.374760452079519,3.122148836132979,7.098266279618114,-12.5878740056565,-0.4772094219712656,12.110664583685235,6.215059810641431,2.3193791505706476,6.633738621166207,0.8802034779241741,10.2085555539191,9.328352075994925,10.409244322997433,1.5195267655257159,10.51956885841826,6.756547598607963,13.382473329534891,6.625925730926928,-0.4700354960751901,1.6407388542445882,1.7067388070230587,-5.015348141307879,1.709745047976314,6.725093189284193,0.2024104612318361,0.9629668806148267,0.9840097601025787,-1.9302833353784383,2.261669277983441,4.191952613361879,-0.49889194115510244,0.7959678078939982,0.9393923142931727,-1.996290651562288,0.7076662617947213,2.7039569133570094,1.8297940640291641,1.189766433705518,2.182588024233779,0.10026691042878307,5.107909020232895,5.007642109804111,1.4999999981247853,0.5249308641968953,2,2,2.0352874383827317,2.0352874383827317,Freestyle_1527676714707.csv,1,train,80.0000001,81.966666769,80.9833334345,0.0,0,0.0,0,0.65
3.6294992352664504,1.91174791116903,4.102199992035846,-0.085966924533182,8.800940667770742,8.886907592303924,-7.437987976797914,3.3725128205931423,8.166854221060607,-14.246002301078978,-0.4772094219712656,13.768792879107712,2.9769701549779426,4.439793441468738,5.345476321763872,-4.113877969672924,10.2085555539191,14.322433523592023,10.469750271297157,1.5760707490229184,10.58771315012135,6.756547598607963,15.803883019127975,9.047335420520012,-0.7644278415541174,1.6510432225379645,1.8194212397440108,-5.015348141307879,1.709745047976314,6.725093189284193,0.3824735338572651,0.9175429703195147,0.9940679586849294,-0.908330269248407,2.51204415390568,3.420374423154087,-0.0414398104454039,0.48954078335206547,0.4912916002281179,-1.355244875076327,0.8123424896009078,2.167587364677235,1.5786033250095806,1.431028907059203,2.1306881964685402,0.10026691042878307,5.107909020232895,5.007642109804111,0.49999999937492845,0.5447345212422244,3,3,1.6298228868091342,0.9135854962688249,Freestyle_1527676714707.csv,1,train,81.00000010125,82.966666770375,81.9833334358125,0.0,0,0.0,0,0.65
1.5910768230747059,1.599411476408275,2.256023609759436,-1.787662268521017,5.467188031389978,7.254850299910995,-9.921545079613729,1.7241444799724128,10.070239865793997,-14.246002301078978,-6.5208171082301405,7.725185192848837,0.2692872311056371,2.691963313910227,2.7053986945134487,-4.113877969672924,7.449460191413843,11.563338161086767,10.56728884950442,1.4666158153495177,10.668577954849173,7.196771592736464,15.803883019127975,8.60711142639151,0.22574614290337686,1.8315353708906636,1.8453951164613374,-3.538363727253235,3.945208015125416,7.4835717423786505,-0.8005817661482025,1.7424274433104687,1.9175464947402012,-4.335621486055915,2.51204415390568,6.847665639961596,0.5880667856117971,0.9660361738139405,1.1309502347392961,-1.2641222315286709,2.275357170421277,3.539479401949948,2.400801196212957,1.6117288063036812,2.891628629130417,0.1574282146032266,5.018353945460809,4.860925730857582,0.49999999937492845,0.6891784704598841,1,1,1.5990554413076647,4.135845568185736,Freestyle_1527676714707.csv,1,train,82.000000102625,83.966666771625,82.983333437125,0.0,0,0.017519667677284717,0,0.65
-0.325521750444958,1.9264308923230575,1.9537401037265323,-5.375826029514444,2.8225702243427517,8.198396253857196,-9.213705623542621,1.9362258470105655,9.414953098551933,-13.31178756027177,-5.998626338745861,7.313161221525908,3.7282648608479594,3.2159251436077065,4.923630104092092,-2.0309436661633433,8.375982316755389,10.406925982918732,10.743954671364746,1.1260611273033139,10.802804063888408,8.430776416472632,13.565962625605687,5.135186209133055,0.35692073849627687,1.6036536226570335,1.6428929834379824,-2.198673918042404,3.945208015125416,6.143881933167821,-1.7959262663530011,1.063048831512539,2.086965254228447,-4.335621486055915,-0.0572109192885377,4.278410566767378,1.195486893472397,0.6749205014003978,1.3728461660633526,-0.4669806505969237,2.275357170421277,2.742337821018201,2.754040602672705,1.1638248501778818,2.989854164179485,1.120591565300542,5.018353945460809,3.8977623801602665,1.4999999981247853,0.3171136485358106,3,2,2.199812310507347,2.7577509253318135,Freestyle_1527676714707.csv,1,train,83.000000103875,84.966666772875,83.983333438375,0.0,0,0.05306473431737484,0,0.65
0.5026864965999495,2.540716092288261,2.589967562630169,-5.375826029514444,5.182281518354727,10.55810754786917,-7.523706224536725,2.0793128925541913,7.805747719358777,-11.722873776913111,-2.1366763535242335,9.586197423388878,6.397587407228548,1.5828763447982894,6.59049483392949,3.6161340407199023,10.242979670242832,6.626845629522929,10.466598246947077,1.2339257379627517,10.53908210376039,7.300359503573971,13.183467703123087,5.883108199549116,-0.34009959453063043,1.0387903018039593,1.0930475860281015,-3.246274371849769,1.6915124121371408,4.93778678398691,-0.8476104575914393,0.9201044553482247,1.2510138674571205,-2.639500188239209,0.8565795104744955,3.4960796987137046,0.35976262665365843,0.9487643264668815,1.0146836426753387,-1.8273673175334872,1.6118026391952498,3.439169956728737,1.7729686707262757,0.8037124543192544,1.94663083726853,0.20169060064604752,3.6351417545173854,3.4334511538713377,0.49999999937492845,0.5766332280605896,3,2,1.3852982778626766,2.2509183724483406,Freestyle_1527676714707.csv,1,train,84.000000105,85.96666677425,84.983333439625,0.0,0,0.004201834862385321,0,0.65
2.4983288587242503,1.2444281671221207,2.791101673078453,-0.5323366281714984,5.182281518354727,5.714618146526226,-6.128795131538424,2.636977288980639,6.672014612316791,-11.703171992852257,-0.8082532029956592,10.894918789856597,6.868866248974501,2.0044671258189863,7.155362464948235,1.5920320073251149,10.242979670242832,8.650947662917718,10.085647098294258,1.3360247564655314,10.173752480831258,7.300359503573971,13.183467703123087,5.883108199549116,0.4244299906329644,1.3896608217073945,1.453030631589427,-3.246274371849769,4.439414272750077,7.685688644599846,-0.20212707039163996,0.5417011294219928,0.5781829003024643,-1.5633063603577717,0.8565795104744955,2.4198858708322675,-0.038725282348657984,0.6981269423597646,0.6992001681504213,-1.8273673175334872,1.2305059956554834,3.0578733131889706,1.4814210452294199,0.8601546630881505,1.7130307521118575,0.20169060064604752,4.517312298744498,4.31562169809845,0.49999999937492845,0.5128188900196833,3,3,1.012561255827339,1.1856917576985364,Freestyle_1527676714707.csv,1,train,85.00000010625,86.966666775375,85.9833334408125,0.0,0,0.0,0,0.65
-0.0567362950936891,4.2470829540040445,4.24746190393424,-10.55093330291438,4.190046199383317,14.740979502297698,-5.404327532800706,3.8769168587794094,6.65110820928932,-13.770934003806737,0.9165845123164844,14.687518516123221,5.967039220868926,3.0839062401744353,6.716847084873591,-1.4597889377397957,9.79857455816316,11.258363495902955,9.897820741915881,3.0703993811103834,10.363117667894315,4.400582180582744,17.25879920754779,12.858217026965043,-0.23850267373918435,2.1779282363360313,2.1909484083406703,-5.1537281166502575,4.439414272750077,9.593142389400334,0.4641655350584753,1.416844794354262,1.490938903920912,-1.0648433367248022,4.813602045459896,5.878445382184698,0.8854190581674071,0.9219606181217636,1.2782716025686882,-0.5273319532989847,2.7627318646976353,3.29006381799662,2.4634615939703104,1.6088781831456933,2.942300466160608,0.3238927542671891,5.5441321371523635,5.2202393828851745,0.49999999937492845,0.5004976167831865,1,1,5.286328525904459,1.6501286502032413,Freestyle_1527676714707.csv,1,train,86.000000107375,87.966666776625,86.983333442,0.0,0,0.008171631084438856,0,0.65
-3.8563878003931222,4.764578109998677,6.129676291069493,-12.01217891989765,4.190046199383317,16.202225119280968,-5.2074620010399,5.5061906575491735,7.578640778500871,-14.11217025135025,9.214551352738445,23.326721604088696,1.3577465030539417,6.744815618934958,6.88011724463938,-12.255093752414709,12.554278523889415,24.809372276304124,11.115292877728395,4.335320636949513,11.930831521014783,4.400582180582744,18.292997530050194,13.892415349467448,-0.020796004596083405,3.519616161834848,3.519677598936616,-5.1537281166502575,6.988319080432679,12.142047197082936,1.1714650669899314,1.374378499973597,1.8058922072946104,-0.6437547063240604,4.813602045459896,5.457356751783956,0.16242025265880025,2.002710301005555,2.0092856661578784,-4.342351758069712,3.07080608543177,7.413157843501482,4.0371705968584335,1.840613898924177,4.436959088503198,0.7959961548610254,7.9986730761452565,7.202676921284231,0.9999999987498569,0.7064997520109288,2,1,4.022077156268872,3.3667675546449782,Freestyle_1527676714707.csv,1,train,87.000000108625,88.966666777875,87.98333344325,0.0,0,0.11543584818409416,0,0.65
-3.6194924476351193,4.540201238037507,5.806388969089564,-12.01217891989765,5.852185952645232,17.864364872542883,-3.0147408681569723,5.1182764760734,5.940152909451254,-14.11217025135025,9.214551352738445,23.326721604088696,3.4890373607966128,7.783285608937897,8.529532025576454,-12.255093752414709,13.526971838467118,25.782065590881828,11.464471321140703,3.2122240504211246,11.905985302500651,4.731017399247976,18.292997530050194,13.561980130802219,0.7779208033652363,2.884123899175941,2.9871945772088986,-4.694532331829726,6.988319080432679,11.682851412262405,0.7119012038031602,0.8534503816287617,1.1113869163701127,-0.4630350902870733,2.894041074200415,3.3570761644874882,-0.5011471972535738,1.542536482167615,1.6219023744150427,-4.342351758069712,3.07080608543177,7.413157843501482,2.5678557166645164,2.4890151969225562,3.5761822705390824,0.04160079127439039,7.9986730761452565,7.957072284870866,0.49999999937492845,0.60989502351392,2,1,1.7793393363349455,0.5508617270554327,Freestyle_1527676714707.csv,1,train,88.00000011,89.966666779,88.9833334445,0.0,0,0.02529745990145509,0,0.65
-3.2002504709277546,3.0144800411719834,4.396440946413081,-10.31045791535861,5.852185952645232,16.16264386800384,-0.45792404588864166,1.2803491125840116,1.3597750850407906,-6.32311871240319,1.633772069778714,7.956890782181904,8.99125026944085,1.1741751230975013,9.067594423408073,6.7963282668522815,13.526971838467118,6.730643571614836,10.067913167354078,1.4269107747980532,10.168527420655186,7.290651130715082,15.032102863499397,7.741451732784315,0.06214144452112711,0.28667150262011715,0.2933293533583848,-0.463319893340005,1.103152118023227,1.5664720113632322,0.10396495365540476,0.30892979748184607,0.3259544927758243,-0.6367140811527711,0.8516882064548466,1.4884022876076175,0.0358304334830977,0.20715766053699314,0.21023348040392323,-0.2845710283181645,0.7970678730500839,1.0816389013682484,0.3891074969502871,0.2916880405539831,0.48629883527018625,0.04160079127439039,1.291491352234923,1.2498905609605326,0.49999999937492845,0.4942112601300401,1,2,0.82992007336397,0.8905174883788642,Freestyle_1527676714707.csv,1,train,89.00000011125,90.966666780375,89.98333344581249,0.0,0,0.0,0,0.65
-3.9614651403464767,2.1552316513992826,4.509792625983329,-11.71417079334734,2.7516486874267105,14.46581948077405,0.9983496731710758,2.4276198546177006,2.6248886125805146,-2.7792747870621826,9.550638624358037,12.329913411420218,8.360058824465707,1.694367385543256,8.530033082334418,4.034058297349716,11.128478573597992,7.094420276248275,9.85232334832423,1.7092275400347727,9.999486694003252,5.701255188700408,15.46494153549535,9.763686346794943,0.10026212175590854,0.5229232121527702,0.5324482875051507,-1.1014901531955603,1.583156159790534,2.6846463129860942,0.11092640066782335,0.6437509422558458,0.6532380439169231,-1.2423432569010997,1.9192573852517232,3.161600642152823,0.19812008743511245,0.47201895940085686,0.5119115813098628,-0.3455681643575718,1.615770776316263,1.9613389406738349,0.7233213989664339,0.6701348683391878,0.9860398511047815,0.06166549402181301,2.6183284960576643,2.5566630020358514,0.9999999987498569,0.6476113592273607,1,2,1.2301732497022957,1.3153778857904448,Freestyle_1527676714707.csv,1,train,90.000000112625,91.966666781625,90.983333447125,0.15,0,0.0,0,0.65
-8.503409047946949,6.625643665837759,10.779940603888411,-22.296368371631427,2.7516486874267105,25.04801705905814,0.5251570407006334,6.756303705153783,6.7766827927587245,-25.42577292276735,12.916114339731172,38.341887262498524,4.340583950096943,5.9816448290516915,7.3905848137180605,-11.800411241823038,13.949310596680656,25.749721838503696,13.724542554378237,5.328060121550347,14.722475776369757,5.701255188700408,31.551818573174906,25.850563384474498,-0.8741678879283439,2.922085764860419,3.0500417560231865,-9.99998012788116,3.241904693476369,13.24188482135753,0.9196007717130151,2.1212931394771175,2.312044584978382,-7.8716672704285475,6.003540160485643,13.875207430914191,0.6105219031920469,2.624393954030022,2.694472234079723,-5.382621609166677,6.940726869460995,12.323348478627672,3.557034017262496,3.042366594721429,4.680650114742549,0.2935884092639757,10.069875766624792,9.776287357360816,0.49999999937492845,0.8028447981231316,2,3,4.984267086505912,3.102701074503413,Freestyle_1527676714707.csv,1,train,91.000000113875,92.966666782875,91.98333344837499,0.65,0,0.5526502933072539,0,0.65
-10.453483308301205,6.285817139457584,12.197819903065904,-22.653010251929416,2.6925216720349603,25.345531923964376,-0.19748733593221873,6.969729554494686,6.972526895656286,-25.42577292276735,14.917130478304903,40.342903401072256,1.6205151456003313,6.51155108812836,6.710168918173796,-12.562502006905731,13.949310596680656,26.511812603586385,14.471155650025368,5.745864840165102,15.570141573174814,4.653550203328914,31.551818573174906,26.898268369845994,-1.3707628251337751,3.346911930617513,3.6167402718578754,-9.99998012788116,3.241904693476369,13.24188482135753,-0.43858644815679004,4.383328369576904,4.40521573456335,-11.655959589030989,6.003540160485643,17.65949974951663,0.43196784918087544,2.8794466851782254,2.911667809951853,-5.382621609166677,6.940726869460995,12.323348478627672,5.670637559942435,2.9678973973847245,6.400355091526791,1.2484948706139596,12.506295622713312,11.257800752099353,0.49999999937492845,0.6978948503342512,3,2,4.724235651182864,9.895680606178257,Freestyle_1527676714707.csv,1,train,92.000000115,93.96666678425,92.98333344962501,1.0,1,0.9952565907858495,1,0.65
-10.47051965262022,6.031721283539772,12.083602254220922,-22.940220460516752,2.679759709315288,25.61998016983204,-1.626590103179886,7.057222302147569,7.242249787579257,-22.014598151908928,14.917130478304903,36.93172863021383,0.13049251323779193,6.889644808056021,6.890880486351827,-16.984452006057065,10.903122129324972,27.88757413538204,14.402349426173307,6.206463591087494,15.682724868500664,2.750771442137418,29.40656650770497,26.655795065567553,-1.659628699573378,3.510760625358628,3.8832727935359013,-11.822716510388718,4.093266174253071,15.91598268464179,-1.5087801488025656,4.831587802435498,5.0616853151953425,-11.655959589030989,5.874743193945494,17.530702782976483,0.3831470121282392,2.9583972678970487,2.983105098316772,-5.651762390857882,6.710284679442122,12.362047070300004,6.368106409035493,3.007757072950689,7.042682858590455,1.2484948706139596,12.506295622713312,11.257800752099353,0.49999999937492845,0.8217239976396556,2,3,10.43557098025326,3.135693032534499,Freestyle_1527676714707.csv,1,train,93.00000011625,94.966666785375,93.9833334508125,1.0,1,0.9472465303833495,1,0.65
-10.184664694733083,5.9374481287899625,11.789006965228833,-22.940220460516752,0.7914689739131605,23.731689434429914,-1.466080309047615,6.838950037605621,6.994328351560505,-22.014598151908928,12.240527257700831,34.25512540960976,1.389113572521246,7.811143713097344,7.93370043699804,-16.984452006057065,14.758089821789742,31.742541827846807,14.677953697579715,5.950007747170237,15.838084383525677,2.750771442137418,29.40656650770497,26.655795065567553,-1.7627307164255768,3.18574622244148,3.640906284488848,-11.822716510388718,4.093266174253071,15.91598268464179,-0.8198246480718165,4.229220351702754,4.307948146953818,-10.325048917843915,5.874743193945494,16.19979211178941,0.37905296053848,3.0217743621261484,3.0454558677636223,-5.651762390857882,6.710284679442122,12.362047070300004,5.734456265081278,2.864511929742864,6.410102748924474,1.0065963538542213,12.068612222816313,11.062015868962092,0.49999999937492845,0.753563892920897,1,2,6.225801330723634,8.824876198854653,Freestyle_1527676714707.csv,1,train,94.000000117375,95.966666786625,94.983333452,1.0,1,0.990838663414835,1,0.65
-9.798553989098012,6.421031026056563,11.715003188853581,-25.903023664392087,0.7914689739131605,26.69449263830525,-2.120412545662307,6.2540749545600605,6.603756726368525,-20.567802331644145,10.942930263733404,31.510732595377547,1.1427658728441226,7.976537489518217,8.057981394978942,-14.436266508109233,14.758089821789742,29.194356329898973,14.513233050529383,5.928577670803978,15.677434955302283,5.814029305599797,31.53503736304887,25.721008057449072,-1.3730395192794647,2.8486257716149432,3.162262846161276,-11.430818110709192,3.659695809779062,15.090513920488254,-0.7032476084636422,4.222009309830586,4.280177544343923,-9.91786517810174,5.800038205770031,15.717903383871771,0.4679390553519497,3.0849550072152088,3.1202426758292163,-6.4524317894168925,6.67248170746113,13.124913496878023,5.508373666100338,2.777329658142183,6.168933495782221,1.0065963538542213,11.534088179923199,10.527491826068978,0.49999999937492845,0.748370291818646,1,2,15.710734527884512,3.889722119092205,Freestyle_1527676714707.csv,1,train,95.000000118625,96.966666787875,95.98333345325,1.0,1,0.9940745238402742,1,0.65
-9.15810992266699,6.6676862987342425,11.32823984271078,-25.903023664392087,4.340539913652494,30.24356357804458,-2.6464138180151937,6.159612859703202,6.704053749605742,-20.567802331644145,13.342377834787632,33.91018016643178,1.0602364685848487,7.571149728924774,7.6450251528111375,-14.436266508109233,14.995291158060647,29.43155766616988,14.005456226493253,5.963804162317793,15.222344241236225,2.8158692110076093,31.53503736304887,28.71916815204126,-1.2958285216517942,3.0841753625149835,3.345341421181208,-11.430818110709192,4.0687713585822936,15.499589469291486,-0.6026178134437027,4.092693789406329,4.136821325960888,-9.91069632211448,5.800038205770031,15.710734527884512,0.7007679672621975,2.7830554210607303,2.8699256472313546,-6.4524317894168925,6.67248170746113,13.124913496878023,5.270695747034625,2.95987152931051,6.0449212672980135,0.6179498114417645,11.534088179923199,10.916138368481434,0.49999999937492845,0.7123680939375302,2,2,4.7609494175371125,9.037074174345213,Freestyle_1527676714707.csv,1,train,96.00000012,97.966666789,96.9833334545,1.0,1,0.9825681907376547,1,0.65
-8.972927060695476,7.229959730184965,11.523269403110273,-25.841883349120256,4.452378748391549,30.294262097511805,-1.869136850455097,5.7639113487586044,6.059401505270751,-21.70092081011012,13.342377834787632,35.04329864489775,0.8464791430958608,7.440121100960509,7.488119185526772,-18.647593880156723,14.995291158060647,33.64288503821737,13.751675031281037,6.038662692138934,15.0191215880087,2.8158692110076093,27.984032080833646,25.168162869826038,-1.3593504539106773,3.0859121177562447,3.3720449663463854,-12.222149611384673,4.0687713585822936,16.290920969966965,-0.802484090078243,4.082743743750375,4.1608625538416355,-11.116223524626696,5.053583686742843,16.169807211369537,0.526248839909771,2.58490169580132,2.6379261965534444,-6.04478911132743,5.604848989985072,11.649638101312501,5.160771635565436,3.0014255264839913,5.970102098413934,0.6179498114417645,12.516389980855031,11.898440169413266,0.49999999937492845,0.747168748706174,2,3,8.969798314714703,6.035632577080851,Freestyle_1527676714707.csv,1,train,97.00000012125,98.966666790375,97.9833334558125,1.0,1,0.9892313417967143,1,0.65
-9.506767921536717,7.271878523938856,11.969079061518588,-25.841883349120256,4.98526445747112,30.827147806591377,-1.4041782866476424,6.156024394511701,6.314139134238004,-21.70092081011012,20.40492542046261,42.10584623057273,0.7046216564110694,6.9802067442725235,7.015680855873584,-18.647593880156723,11.584641626184112,30.232235506340835,14.029323979019656,5.960289686799943,15.242932278891411,5.607739625776574,27.984032080833646,22.376292455057072,-1.3079890501350804,3.122152039898746,3.3850655408008237,-12.222149611384673,3.5992301233301243,15.821379734714796,-0.5798250967319738,4.0149654229942024,4.0566173704996205,-11.116223524626696,5.053583686742843,16.169807211369537,0.4342194102123892,2.7164387190119856,2.750924537378783,-6.04478911132743,5.604848989985072,11.649638101312501,5.34103028392345,2.6373840301938745,5.956710419057578,1.1310849671610368,12.516389980855031,11.385305013693994,0.49999999937492845,0.7566440717840276,1,2,5.887809130515786,9.941194532123495,Freestyle_1527676714707.csv,1,train,98.000000122625,99.966666791625,98.983333457125,1.0,1,0.9773809262007227,1,0.65
-10.571995684931242,6.51637664911102,12.418947515602285,-27.084916626201977,4.98526445747112,32.0701810836731,-0.4728959315065103,6.959864478580356,6.975911705450408,-20.12398322769341,20.40492542046261,40.52890864815602,0.6459667085495471,6.91314616717019,6.943260251295079,-11.311021589004351,11.584641626184112,22.895663215188463,14.862822837488796,5.495358199076738,15.846212936684223,7.178976938045789,27.424824783683402,20.245847845637613,-1.8313680081164365,2.9432803177924076,3.4665267646819835,-10.131080708894665,3.2194172983634495,13.350498007258114,-0.9380653670552003,4.419663822940953,4.518118517777221,-12.44357965560378,5.663559168544682,18.107138824148464,0.130333129868811,3.384237724841933,3.3867464775186087,-6.684187968199385,5.765675976953458,12.449863945152842,5.885885592132167,3.0424669678163556,6.625726711382132,1.1310849671610368,13.65457483068204,12.523489863521004,0.49999999937492845,0.7292569175440842,2,2,9.45951710764567,5.560258824543803,Freestyle_1527676714707.csv,1,train,99.000000123875,100.966666792875,99.983333458375,1.0,1,0.9740855606206873,1,0.65
-10.957545158387681,6.493527746011715,12.737099296399053,-27.084916626201977,2.2000143359361615,29.284930962138137,-0.8730827899575948,7.38084076098513,7.43230004084467,-20.12398322769341,15.861165175827514,35.985148403520924,1.4617040155097176,7.0484213141276655,7.198390212429887,-11.311021589004351,17.62188615246825,28.9329077414726,15.281832666678419,5.97956473177737,16.410045826684193,6.401697983894311,28.59592032526004,22.194222341365727,-2.010728700894781,2.5795537611232824,3.2706463451628776,-10.131080708894665,2.1610111107148113,12.292091819609476,-0.44070051707071506,4.308743562423585,4.331222463978626,-12.44357965560378,5.663559168544682,18.107138824148464,0.09974982064823289,3.4243627680037196,3.425815288892477,-6.684187968199385,5.765675976953458,12.449863945152842,5.640211919320687,3.0628149546393875,6.418163751511005,1.1622564685803898,13.65457483068204,12.492318362101651,0.49999999937492845,0.6805896193257376,1,2,5.91658429641836,10.279938904371802,Freestyle_1527676714707.csv,1,train,100.000000125,101.96666679425,100.983333459625,1.0,1,0.9972631469743131,1,0.65
-10.077551564054472,6.504537340074385,11.994417515436034,-25.9322483411083,2.2000143359361615,28.13226267704446,-0.6204860294250671,6.981760122505438,7.009277945760093,-20.437749562983697,15.322824910874644,35.76057447385834,1.3955470251523168,7.146555902333301,7.281539175516837,-14.476332347674504,17.62188615246825,32.09821850014275,14.468686225776931,6.05590294837334,15.684924023408719,6.401697983894311,28.59592032526004,22.194222341365727,-1.8662224844161013,2.6092356406641612,3.2079427971602485,-10.87131776200618,2.8659860037786045,13.737303765784784,-0.4595781026208728,4.176048247583519,4.201260643967948,-12.14474174318901,4.938451152175317,17.083192895364327,0.2742785211918025,3.35359223150754,3.36478967580663,-6.27686581968152,6.661582805817208,12.938448625498728,5.514338991417516,2.975796202456354,6.26604321329028,1.1622564685803898,13.573429688527407,12.411173219947017,0.49999999937492845,0.7092363279464434,2,3,7.598346213593036,5.292057533462342,Freestyle_1527676714707.csv,1,train,101.00000012625,102.966666795375,101.9833334608125,1.0,1,0.9972631469743131,1,0.65
-10.302458204437364,6.668880925702775,12.272514732335058,-25.9322483411083,1.3497314722087226,27.281979813317022,-0.912102567816998,6.609312025262819,6.671951479252683,-20.437749562983697,13.804068351732488,34.24181791471619,1.5224465412278387,7.363115317107324,7.518863653765582,-14.476332347674504,20.726657493263012,35.20298984093752,14.616014919296056,6.167250028960666,15.863885559370384,3.8662829603358535,28.512539749611342,24.64625678927549,-1.7589694089197916,2.6945926612828104,3.2178879706656693,-10.87131776200618,2.8659860037786045,13.737303765784784,-0.454340716893158,4.047830998993369,4.07324947473619,-12.14474174318901,4.929410452051911,17.07415219524092,0.23249597934005795,3.451447895375989,3.4592697141021884,-6.27686581968152,6.661582805817208,12.938448625498728,5.423293345965082,3.082304416132349,6.23800538875193,1.156402946098933,13.573429688527407,12.417026742428474,0.49999999937492845,0.6706870231432475,1,2,5.599911339252811,9.279674915088112,Freestyle_1527676714707.csv,1,train,102.000000127375,103.966666796625,102.983333462,1.0,1,0.9972631469743131,1,0.65
-9.883669017549922,6.590858230341092,11.879660157636293,-22.879371803155045,1.3497314722087226,24.22910327536377,-0.9814526624854192,6.353132748047267,6.428494772729488,-19.91505584389502,13.804068351732488,33.71912419562751,1.5493754565935747,7.730541291007867,7.884277579935408,-13.337940543470465,20.726657493263012,34.06459803673348,14.354155375388542,6.210630154872994,15.640131184277632,3.8662829603358535,28.512539749611342,24.64625678927549,-1.5912346167516642,2.346776051201901,2.8353810043878767,-9.069118701715515,2.458193083791705,11.527311785507221,-0.6071720507701073,3.953726934983275,4.000076821218389,-9.2036895644044,5.938027128987099,15.141716693391498,0.7101260092185252,2.8221670801262246,2.910138480745686,-5.74197507793349,5.665793605136551,11.407768683070042,5.105420626525233,2.538421993889064,5.701658179232514,1.156402946098933,9.625256529184504,8.468853583085572,0.49999999937492845,0.6993687447201198,1,3,10.571595490214756,3.9544825258180842,Freestyle_1527676714707.csv,1,train,103.000000128625,104.966666797875,103.98333346325,1.0,1,0.9993097202238483,1,0.65
-9.703732769486049,6.575982963859108,11.722029756085872,-22.879371803155045,4.994127162757167,27.873498965912212,-0.8585381793046802,7.452358570473196,7.501648889959401,-19.91505584389502,22.02050116821546,41.93555701211048,1.006787167179512,7.438732316114982,7.506554394048624,-13.337940543470465,13.670817434377886,27.00875797784835,14.615540637531865,6.034488247917722,15.812307755087568,4.346706696951269,28.689938895726428,24.34323219877516,-1.7205199654657373,2.470245991771385,3.0103661258107484,-9.069118701715515,3.207034714643362,12.276153416358877,-0.5451524656778924,3.9887504795643234,4.025831789712445,-9.2036895644044,5.938027128987099,15.141716693391498,0.48610274867866465,2.8508969072764367,2.8920423679799896,-5.74197507793349,5.665793605136551,11.407768683070042,5.2782787412242715,2.4027709833896664,5.79944263431232,1.0696013626865213,9.625256529184504,8.555655166497983,0.49999999937492845,0.6812344429123806,2,1,4.70733873198984,12.694897359620134,Freestyle_1527676714707.csv,1,train,104.00000013,105.966666799,104.98333346449999,1.0,1,0.9978037179275537,1,0.65
-9.967835984042242,6.104740910700225,11.688696068918228,-22.847119710895633,4.994127162757167,27.8412468736528,0.4142008257997688,7.725837912027348,7.736933098263957,-18.506540603816777,22.02050116821546,40.527041772032234,1.499233628920607,6.9588322959651645,7.118500431794203,-10.68322906783765,18.267452341667816,28.950681409505464,14.675589055764753,5.637897109945234,15.721284869755747,7.187238460754675,28.689938895726428,21.502700434971754,-2.1172151152863212,2.842871361709727,3.544646304446495,-10.523285985835566,3.291557849663554,13.814843835499119,-0.5870225926602722,4.0927288155873285,4.134613002716511,-11.12986948404726,5.3023620992068095,16.43223158325407,0.18076450753907067,3.3303570024177627,3.335259145964354,-6.281771589080326,6.2468195919223595,12.528591181002685,5.68963407272487,2.9002689177187864,6.386195712362525,1.0696013626865213,12.593516153400596,11.523914790714075,0.49999999937492845,0.6541697792216046,1,3,11.49493256794016,5.644185319514592,Freestyle_1527676714707.csv,1,train,105.00000013125,106.966666800375,105.9833334658125,1.0,1,0.9972631469743131,1,0.65
-10.120168118148827,6.158118622556695,11.84652808670437,-22.847119710895633,3.4031196455138764,26.25023935640951,0.025541143815003824,7.393865180815009,7.393909294960004,-18.506540603816777,17.594554468510616,36.1010950723274,1.6354000772845907,6.644010748966464,6.8423250613489826,-9.314335428925146,18.267452341667816,27.58178777059296,14.47637557825072,5.679972247622518,15.550804950752093,7.187238460754675,27.235671111498483,20.04843265074381,-2.083812344368511,2.7494059282078744,3.449856061433172,-10.523285985835566,3.291557849663554,13.814843835499119,-0.4339032375365137,4.13439730771044,4.15710393393622,-11.12986948404726,5.3023620992068095,16.43223158325407,0.2350234445991933,3.395847779560975,3.4039709401609866,-6.281771589080326,6.2468195919223595,12.528591181002685,5.6890806683751585,2.8990341964757373,6.385141981476658,1.027068564629712,12.593516153400596,11.566447588770885,0.49999999937492845,0.653117353171743,3,1,3.9493816848090013,14.5629632878491,Freestyle_1527676714707.csv,1,train,106.000000132625,107.966666801625,106.983333467125,1.0,1,0.9972631469743131,1,0.65
-10.166710382790187,6.514195265446654,12.074632083997482,-22.309723030310412,3.4031196455138764,25.712842675824287,-0.40512682447275616,7.253918760874957,7.265222992674144,-18.165991764706103,19.81539067560827,37.98138244031438,1.106155067787291,7.121266742898788,7.2066649053156215,-13.495216500951509,15.73326616549239,29.2284826664439,14.65109692787824,5.988454138140077,15.827704323580544,3.795876777714114,26.927694946896715,23.1318181691826,-1.981434290378207,2.677449772142713,3.3308886396025987,-10.524761588462754,2.92673161629453,13.451493204757284,-0.32109140514593454,4.159907172061567,4.172280835541618,-11.54064934051131,5.680696515562222,17.221345856073533,0.26361666793894495,3.4019245357854815,3.412123135936699,-5.8642304162698204,7.099884617143016,12.964115033412837,5.634516629139728,2.8978531969035055,6.336034311369849,1.027068564629712,12.354238091858644,11.327169527228932,0.49999999937492845,0.6150887588013424,2,3,7.5053794851533215,5.882489464205384,Freestyle_1527676714707.csv,1,train,107.000000133875,108.966666802875,107.98333346837501,1.0,1,0.9972631469743131,1,0.65
-10.282009818221471,6.318561037531256,12.06830309061762,-22.11489973227926,4.528455570505411,26.64335530278467,-0.4711492704846953,7.032773315157167,7.048537588568637,-18.165991764706103,19.81539067560827,37.98138244031438,1.2408411628557177,7.323474554289669,7.427850721357115,-13.495216500951509,15.73326616549239,29.2284826664439,14.636067564989032,6.023646254248101,15.827153501601012,3.795876777714114,28.241034497045227,24.445157719331114,-2.005987484561348,2.6240664809633745,3.3029851172435323,-10.524761588462754,2.1676210506537608,12.692382639116515,-0.4021844487917783,4.0825098217167035,4.102272391646281,-11.54064934051131,5.680696515562222,17.221345856073533,0.357734566969574,3.2832063979488546,3.302638077649018,-5.662950475123894,7.099884617143016,12.762835092266911,5.416978579240876,3.049936196706133,6.216572024189277,1.1228282104824083,12.354238091858644,11.231409881376235,0.49999999937492845,0.5929380706607107,1,1,6.074605972406274,14.722617012096592,Freestyle_1527676714707.csv,1,train,108.000000135,109.96666680425,108.983333469625,1.0,1,0.9972631469743131,1,0.65
-10.073713147496996,6.1280539929819815,11.791214624412373,-23.704747121661597,4.528455570505411,28.23320269216701,-0.8030018519864321,6.814233372621314,6.861383856835273,-18.60724322731692,17.15331928699661,35.760562514313534,1.2294564105913515,7.1245441708732,7.229847350274241,-14.494297459486445,13.370790228432371,27.865087687918816,14.283540631515535,5.861952787758376,15.43962510743261,4.9056191521061425,28.241034497045227,23.335415344939086,-1.9280885600674498,2.578715241009789,3.219828844780285,-9.50659278839492,2.7432246819895068,12.249817470384427,-0.3678316620186139,3.98076717430017,3.9977252816531976,-10.789311887793955,5.207978344726766,15.997290232520722,0.6090210175349698,3.0611027150264594,3.12109859372332,-6.151302140280831,6.949815433722619,13.10111757400345,5.31475218511554,2.800673286872206,6.007525418089379,1.1228282104824083,11.710763795766733,10.587935585284324,0.49999999937492845,0.6132905254412376,2,3,7.272776843949943,4.451586509380111,Freestyle_1527676714707.csv,1,train,109.00000013625,110.966666805375,109.9833334708125,1.0,1,0.9978037179275537,1,0.65
-10.007759882708163,6.4664186816474425,11.915109249868502,-23.704747121661597,8.781256494969277,32.486003616630875,-0.030583960084760786,7.693494678347029,7.693555468336373,-18.60724322731692,28.42235098837155,47.029594215688476,0.8243265614865902,6.770294797358328,6.8202936830542376,-14.494297459486445,10.986217595523245,25.48051505500969,14.592171174492925,5.894537345549508,15.737758102848703,4.9056191521061425,30.77652492630837,25.870905774202228,-1.978805673075286,2.6080198017196383,3.273750017633704,-9.50659278839492,2.7432246819895068,12.249817470384427,-0.5616114052385811,4.122134663276787,4.160216527139193,-10.789311887793955,5.207978344726766,15.997290232520722,0.5399551982656466,3.0894966329957145,3.1363260451403887,-6.151302140280831,6.949815433722619,13.10111757400345,5.561635497597134,2.6324118948090502,6.153160309309738,1.454931515085998,11.710763795766733,10.255832280680735,0.49999999937492845,0.6804115880219437,2,1,4.661810389791718,14.396064894313886,Freestyle_1527676714707.csv,1,train,110.000000137375,111.966666806625,110.983333472,1.0,1,0.9800541136528166,1,0.65
-10.633781223912045,6.465062848426146,12.444851977911359,-23.75604876068267,8.781256494969277,32.537305255651944,0.5373240904265868,7.9634176321619,7.981524764252743,-21.025554739985303,28.42235098837155,49.44790572835686,1.5924144854624174,6.4932545857066835,6.685666683907552,-9.878970853611886,14.459421887918843,24.33839274153073,15.12148886092645,5.883688634835535,16.225819465371092,7.8666742792820274,30.77652492630837,22.909850647026342,-2.1372556998864067,2.7359310143625337,3.4717690651953994,-9.956897200381515,2.67651442805333,12.633411628434846,-0.7718402925839386,4.4112658902193465,4.4782813881520145,-12.634200637079706,4.812947418197539,17.447148055277246,0.22858433647604182,3.3087794053349575,3.316665788416274,-6.534974943289353,6.549209482034424,13.084184425323777,5.827300679002706,3.0250658475580363,6.565703053410762,1.4771472256342237,13.66559025104616,12.188443025411935,0.49999999937492845,0.6281103164706696,2,3,7.299021762624849,6.283255527650145,Freestyle_1527676714707.csv,1,train,111.000000138625,112.966666807875,111.98333347325,1.0,1,0.9943845908698844,1,0.65
-10.35273864081145,6.5683762342609615,12.260618406905696,-23.75604876068267,3.582616858698753,27.338665619381423,-0.14970231035907652,6.9807933234301265,6.982398313342878,-21.025554739985303,17.74708096043064,38.77263570041595,1.9735216285757906,6.647727117139381,6.9344836464156945,-9.878970853611886,14.498445233072554,24.37741608668444,14.576164185366736,5.890598527277767,15.721441198832089,5.738632003091341,26.908671894968098,21.170039891876755,-2.028522110354855,2.674530399602229,3.3567863814361156,-9.956897200381515,2.938478319895327,12.895375520276843,-0.4882704300103449,4.3706670298555315,4.397856102544587,-12.634200637079706,4.812947418197539,17.447148055277246,0.2576956214083958,3.332662442117834,3.342610654323334,-6.534974943289353,6.549209482034424,13.084184425323777,5.6434061793108965,3.1518511689156705,6.46391515226488,1.1804060841515207,13.66559025104616,12.485184166894639,0.49999999937492845,0.5916151481501729,2,1,4.925675961508765,15.55660464481852,Freestyle_1527676714707.csv,1,train,112.00000014,113.966666809,112.9833334745,1.0,1,0.9984672782083858,1,0.65
-9.454721507165761,6.286706160204249,11.354049195014653,-22.106819370501995,3.582616858698753,25.689436229200748,-0.7567038228747534,6.892849149297515,6.934260600130683,-20.33880284824751,18.270514728917895,38.609317577165406,0.9773329015435362,6.684488035328056,6.755557704207955,-12.431140362118873,14.498445233072554,26.929585595191426,13.892386232462762,5.444039663365818,14.920990687223858,5.738632003091341,26.908671894968098,21.170039891876755,-2.0026279274573993,2.6187043492504567,3.2966848628001406,-8.826546402916946,3.010576929956333,11.83712333287328,-0.16431167697777393,4.034235447989327,4.0375802130737775,-11.108119561133384,5.315419740388928,16.42353930152231,0.3406873204242835,3.2351482565888,3.253037364127168,-6.140927869857083,5.732775189900729,11.873703059757812,5.428292769433726,2.8785542835495437,6.144301193303263,1.1804060841515207,12.384437021537071,11.20403093738555,0.49999999937492845,0.5973216505172722,2,3,6.693844142587403,3.881944138231706,Freestyle_1527676714707.csv,1,train,113.00000014125,114.966666810375,113.9833334758125,1.0,1,0.9993097202238483,1,0.65
-9.95421670273986,5.78436922003022,11.512834465879296,-23.699680973082938,3.17240548737129,26.872086460454227,0.3954230527789895,6.978051050420167,6.989245728470208,-20.33880284824751,18.270514728917895,38.609317577165406,0.9031178994944951,6.834635214706574,6.8940452898493865,-12.431140362118873,14.909930019932736,27.34107038205161,14.168542490536218,5.308029525543495,15.130194108145863,7.313292063691999,27.398540808573642,20.085248744881643,-2.02073573808218,2.6279372789839557,3.3150305074668815,-8.826546402916946,3.010576929956333,11.83712333287328,-0.4436416771763031,4.033026620422959,4.05735402186795,-11.108119561133384,5.315419740388928,16.42353930152231,0.22389365699168054,3.2772943975528324,3.28493332320038,-6.140927869857083,5.732775189900729,11.873703059757812,5.441402631841759,2.938277260617525,6.1840387985584675,0.801519856233576,12.384437021537071,11.582917165303495,0.49999999937492845,0.6522723066991508,2,1,4.159330519259324,14.61274195283771,Freestyle_1527676714707.csv,1,train,114.000000142625,115.966666811625,114.983333477125,1.0,1,0.998805732983019,1,0.65
-10.496007936706757,5.7201051792876765,11.953484256463675,-23.699680973082938,3.17240548737129,26.872086460454227,0.3054596105601825,6.761023265546444,6.76792000329081,-19.006957158035203,18.18977023827205,37.19672739630725,1.4796080542580425,6.5590001367143325,6.7238175754287015,-12.00339559536954,14.909930019932736,26.913325615302277,14.29426850925943,5.438210883489805,15.293797756872317,7.313292063691999,27.398540808573642,20.085248744881643,-1.9036397396888125,2.4716102485373073,3.119727789278599,-9.925698668836738,2.600657460894609,12.526356129731347,-0.5155063265177817,4.112931739134993,4.145112092991438,-10.238148727124592,4.697123231255684,14.935271958380277,0.47059991424502645,3.072892154054364,3.108718460995832,-6.147537591371805,6.116292800527026,12.26383039189883,5.367488944359314,2.7872654420736134,6.0480398653115115,0.801519856233576,10.944222398646254,10.142702542412678,0.49999999937492845,0.6332832354905708,2,3,6.707692623385202,3.419014210425509,Freestyle_1527676714707.csv,1,train,115.000000143875,116.966666812875,115.983333478375,1.0,1,0.9993097202238483,1,0.65
-10.449889410156878,5.775685364042232,11.939796066471173,-22.653499030792982,2.6737000743785053,25.327199105171488,-0.0013405811719980677,7.7528402953670845,7.752840411270276,-19.006957158035203,29.29212322109337,48.29908037912857,1.4258971449412998,6.414740065952113,6.571306778844149,-12.00339559536954,14.576565258178768,26.579960853548307,14.535332013141524,5.87975004579039,15.679519678014024,7.980917346515585,35.2867255849328,27.305808238417217,-1.9879617940610885,2.603624409873461,3.2757979428431647,-9.925698668836738,2.6512793581788654,12.576978027015603,-0.5023400892754784,4.0905218328571875,4.121251561161321,-10.238148727124592,4.697123231255684,14.935271958380277,0.4860473167322912,3.108300962598546,3.1460732458405523,-6.3716618588047504,6.116292800527026,12.487954659331777,5.557784242232004,2.5931405240945704,6.132971829456242,1.7110623074508626,10.944222398646254,9.23316009119539,0.49999999937492845,0.600919866404428,2,1,4.532077102732883,13.338361905194846,Freestyle_1527676714707.csv,1,train,116.000000145,117.96666681425,116.983333479625,1.0,1,0.9993097202238483,1,0.65
-10.58073406593173,6.010861735546274,12.16891088708528,-22.653499030792982,2.6737000743785053,25.327199105171488,0.6355722283784585,8.201602755405569,8.226192303548595,-20.035401159320692,29.29212322109337,49.32752438041406,1.6906766447892232,6.71897039293776,6.9284161724314695,-10.493721853718094,15.40848191124269,25.902203764960785,15.009190653477672,6.203207120413858,16.240553643616792,6.658964585698233,35.2867255849328,28.62776099923457,-2.109965669529529,2.8998433340363596,3.5862301220847916,-9.750993471362507,3.33055064188128,13.081544113243787,-0.5753476520398474,4.33779518375158,4.375784726981683,-12.438803623600268,5.578332500185168,18.017136123785434,0.1999656087723796,3.286504410625255,3.29258219119143,-6.3716618588047504,6.377996909291348,12.749658768096099,5.7923981040156765,3.04922287735433,6.545963332557357,0.898912783109311,13.454782006373026,12.555869223263715,0.49999999937492845,0.5997505165145203,2,2,7.781871363931971,7.825563327880113,Freestyle_1527676714707.csv,1,train,117.00000014625,118.966666815375,117.9833334808125,1.0,1,0.9984672782083858,1,0.65
-10.649635253852473,6.5135954182759885,12.483655566903604,-22.968060559069713,3.2465675528088997,26.21462811187861,-0.2154160142277564,7.752333829436042,7.755326160917042,-20.035401159320692,19.334369046685296,39.36977020600599,1.64152419913883,6.525485023034856,6.728785661782561,-10.493721853718094,15.40848191124269,25.902203764960785,14.94975231849776,6.145583965179312,16.163641194282253,6.25898792091451,28.219421700721504,21.960433779806994,-2.083500118322223,2.8401800636636017,3.522441701019464,-9.750993471362507,3.33055064188128,13.081544113243787,-0.33102582808983416,4.3501138723354895,4.362690546113513,-12.438803623600268,5.578332500185168,18.017136123785434,0.10258969456696623,3.3485584278057092,3.3501295780700766,-6.295693973547538,6.377996909291348,12.673690882838887,5.779027491125684,3.0441540343587588,6.531771010077521,0.898912783109311,13.454782006373026,12.555869223263715,0.49999999937492845,0.5667662184973223,3,1,4.297765277490741,15.748255164542124,Freestyle_1527676714707.csv,1,train,118.000000147375,119.966666816625,118.983333482,1.0,1,0.9984672782083858,1,0.65
-9.602532326912517,6.440680755535697,11.562482245786489,-23.07192938945642,3.2465675528088997,26.31849694226532,-0.09114721673018274,7.179037956252685,7.17961654912255,-18.006178732353636,20.671291143344295,38.67746987569793,0.6363009532311085,6.476054811809887,6.507239416883999,-9.96730231164699,12.823460734034386,22.790763045681373,13.961206439288617,5.715485024455668,15.085822957505865,6.25898792091451,27.508467708498177,21.249479787583667,-2.214761370358775,2.660884523292633,3.4620043867580157,-8.806497329287176,3.1927778324702256,11.999275161757401,-0.1562095457376803,4.027867082454642,4.030895019235956,-10.703927194216764,5.869011237981791,16.572938432198555,0.2123323838502716,3.3218228603602857,3.328602132554104,-5.89290171741066,7.467217204581408,13.360118921992068,5.6431886130171405,2.7326916153840695,6.270022423155814,0.8870359013991921,11.936462450650303,11.04942654925111,0.49999999937492845,0.6066029729440585,2,2,7.089049312466043,5.696405671056006,Freestyle_1527676714707.csv,1,train,119.000000148625,120.966666817875,119.98333348325,1.0,1,0.9878151370985006,1,0.65
-8.993773830373849,6.2332828424501,10.942658849927668,-23.07192938945642,12.242882730988155,35.31481212044458,0.7515516820176972,6.625912023743803,6.668398614145403,-15.544523355553004,20.671291143344295,36.2158144988973,1.45930661574226,7.342038385851396,7.48565985455287,-9.96730231164699,17.80062427464043,27.76792658628742,13.752451703123711,5.578037145300388,14.840634293759184,6.291107196017291,30.702928299835506,24.411821103818216,-2.1458044734337705,2.580773116838488,3.3563174341537816,-8.806497329287176,2.2393967733189064,11.045894102606082,-0.3203524410274702,3.9646021715660567,3.977523861054583,-10.703927194216764,5.869011237981791,16.572938432198555,0.5784633096316244,3.035320346923156,3.089949742153694,-5.89290171741066,7.467217204581408,13.360118921992068,5.22886099155153,3.048338059357856,6.0525492309521,0.7372735548134467,11.936462450650303,11.199188895836857,0.49999999937492845,0.6353414025207842,1,1,6.615749392239864,13.802823372570664,Freestyle_1527676714707.csv,1,train,120.00000015,121.966666819,120.98333348450001,1.0,1,0.9985627853829374,1,0.65
-10.333595976024355,6.647124063309083,12.286881789483019,-26.259646494856785,12.242882730988155,38.50252922584494,-0.4991300661340437,7.482916614667482,7.499544778517268,-19.418065703577415,20.201939841177275,39.62000554475469,1.7261417231653438,7.6161904400232965,7.809348376603165,-13.718086169989444,17.80062427464043,31.518710444629875,15.222155240367506,6.040078467952357,16.376707790666277,6.132771274501171,30.789667320169286,24.656896045668116,-2.008873794811149,2.582994774014834,3.272221863820803,-8.183498414067781,4.408168823719595,12.591667237787377,-0.17198003688410657,4.0608134611037086,4.064453603987594,-11.619688863004184,5.831020270160991,17.450709133165176,0.7541555821892584,2.951718604817425,3.046537930860626,-6.292301573352108,6.343988296574466,12.636289869926575,5.182559536030419,3.1063948629733695,6.042235711159171,0.7372735548134467,13.300458645632935,12.563185090819488,0.49999999937492845,0.5496580480075439,2,3,7.593218655533461,4.790491796174568,Freestyle_1527676714707.csv,1,train,121.00000015125,122.966666820375,121.9833334858125,1.0,1,0.9993097202238483,1,0.65
-10.081078779311879,6.556208156396001,12.025473576732258,-26.259646494856785,12.283245480729663,38.54289197558645,0.17163915335810115,8.087504104833123,8.089325228018597,-19.418065703577415,27.70883897993472,47.12690468351214,0.8663533191618176,7.3116976724717455,7.362845301053897,-13.718086169989444,18.432762090351165,32.15084826034061,15.081305419632987,6.067529576058442,16.256096958267545,6.132771274501171,36.676570758825555,30.543799484324385,-2.0267453606244374,2.8147584564037538,3.4685100439106598,-8.183498414067781,4.408168823719595,12.591667237787377,-0.30960826750278053,4.173749384831954,4.185216984421618,-11.619688863004184,5.831020270160991,17.450709133165176,0.6267810570835396,3.046672517361955,3.1104771212094438,-6.292301573352108,6.343988296574466,12.636289869926575,5.59073448494529,2.8222967547391655,6.262720738861642,1.1529572812998228,13.300458645632935,12.147501364333111,0.49999999937492845,0.5937158795296779,2,2,4.574183405741216,8.686792466050669,Freestyle_1527676714707.csv,1,train,122.000000152625,123.966666821625,122.98333348712501,1.0,1,0.9993097202238483,1,0.65
-10.195621818245977,6.664722316299766,12.180690777377016,-24.756628756421552,12.283245480729663,37.03987423715122,0.4531702770018568,7.800518146839381,7.813670498499949,-18.364000333079456,27.70883897993472,46.07283931301417,1.4268763897674503,6.739093411628103,6.888494483000265,-10.077969126129169,18.432762090351165,28.510731216480334,14.830657732999065,6.076645614330831,16.027290186289477,7.345973970896417,36.676570758825555,29.33059678792914,-2.020838961817493,2.8739895127300334,3.5133468130661134,-9.797612893905946,4.030838070707373,13.82845096461332,-0.5671557069893077,4.3023954108975495,4.339616557679126,-12.099326732672626,5.019236835504472,17.1185635681771,0.09126743043965521,3.2816404192818944,3.282909317255611,-6.6021943100140605,5.480522525230124,12.082716835244184,5.755606766189185,2.970919392189162,6.477142215660264,0.6222012833523592,13.262340246919496,12.640138963567138,0.49999999937492845,0.6118377343145935,2,3,6.797720805234841,5.406378261657298,Freestyle_1527676714707.csv,1,train,123.000000153875,124.966666822875,123.983333488375,1.0,1,0.9984672782083858,1,0.65
-10.51279757056758,6.372859051439862,12.293585532677218,-24.756628756421552,2.209773712119853,26.966402468541403,0.11431119847683127,6.944796088304185,6.945736804560213,-18.364000333079456,15.644768383459905,34.008768716539365,1.6726676056279701,6.67082377984511,6.877332827533084,-10.077969126129169,13.753471535676075,23.831440661805246,14.614361436127497,5.752708200697001,15.705833687777835,6.165991263079995,29.660935612976694,23.4949443498967,-2.0441074612022843,2.571712231265819,3.285129999465024,-9.797612893905946,3.2451051652308527,13.0427180591368,-0.4550965246811071,4.289312937217449,4.313388264480465,-12.099326732672626,5.019236835504472,17.1185635681771,0.1205195477916991,3.262590025469188,3.264815252918755,-6.6021943100140605,5.480522525230124,12.082716835244184,5.550692974712222,3.040760360454966,6.329013830703312,0.6222012833523592,13.262340246919496,12.640138963567138,0.49999999937492845,0.6062850698075014,1,2,6.029476225744278,9.028106475858504,Freestyle_1527676714707.csv,1,train,124.000000155,125.96666682425,124.983333489625,1.0,1,0.9937210305890525,1,0.65
-10.038228138085211,6.439548295212063,11.926181551469616,-23.067633779289334,2.209773712119853,25.277407491409186,0.1399415338603808,7.019607902330939,7.021002687320818,-19.517424741098292,18.20851589141233,37.72594063251062,1.46535062119154,6.882868118750061,7.037124837824921,-12.486476066782997,13.753471535676075,26.239947602459072,14.434868836310509,5.7169898369355625,15.525766039623065,6.165991263079995,26.900993688339188,20.735002425259193,-2.015639908577867,2.9687121785700934,3.588322204072843,-9.31135992228956,2.992044641152395,12.303404563441955,-0.06482986500093815,3.955996432302038,3.956527604324592,-10.592975684453812,6.143416790679239,16.73639247513305,0.06890908866390112,3.241400498517784,3.2421328865874437,-6.326766029318437,6.1292569765561735,12.45602300587461,5.4610054385024,3.0362826250142994,6.248327182399824,1.3251431267698017,13.508447075149085,12.183303948379283,0.49999999937492845,0.6097608271860968,2,3,6.8273465960035855,3.720250769977762,Freestyle_1527676714707.csv,1,train,125.00000015625,126.966666825375,125.9833334908125,1.0,1,0.9891913634366568,1,0.65
-9.737661952221872,6.450954623791265,11.680619669091335,-27.734132342525605,2.4924279961005182,30.226560338626122,0.8765171829371982,7.285817866536915,7.338352972999642,-19.517424741098292,25.35142837864125,44.86885311973954,1.281670348476066,7.062772868732102,7.178122280754281,-12.486476066782997,25.144225220613436,37.630701287396434,14.227775308337124,6.275679203339633,15.550361400551344,5.430549010826087,35.99476943875418,30.564220427928095,-1.992106730203513,2.96248185083185,3.569984305431921,-9.31135992228956,2.992044641152395,12.303404563441955,-0.33492928247946546,4.018501489900984,4.032434977603314,-10.592975684453812,6.143416790679239,16.73639247513305,0.030313092034222368,3.298479165577187,3.2986184516090145,-6.326766029318437,6.1292569765561735,12.45602300587461,5.532994906397428,3.045023948133158,6.315552507811518,1.3446975752614405,13.508447075149085,12.163749499887645,0.49999999937492845,0.6595745975580377,1,1,6.03755445897825,13.508765059260154,Freestyle_1527676714707.csv,1,train,126.000000157375,127.966666826625,126.983333492,1.0,1,0.9993097202238483,1,0.65
-9.846803687575282,6.019945225523998,11.541199390875946,-27.734132342525605,2.4924279961005182,30.226560338626122,0.26534688376091914,7.652974685148802,7.657573408087579,-17.001242602590292,25.35142837864125,42.35267098123154,1.3794371919760604,6.858358735877682,6.995708078286037,-13.727555250916684,25.144225220613436,38.871780471530116,14.3257687266545,5.9623817210247125,15.517011484071338,5.430549010826087,35.99476943875418,30.564220427928095,-2.1421104745029917,2.8066462673498447,3.530708222864678,-9.72720222559552,2.4493827068897653,12.176584932485284,0.1144154016506581,3.748174127068401,3.749920021941781,-11.650082211312355,5.435580425381894,17.08566263669425,0.2561447266828219,3.0448116404305914,3.055566730855186,-5.803296099570759,6.11577890629799,11.919075005868748,5.266083647128406,2.8517804603650565,5.988680052622042,0.9148540451738221,13.39977858034502,12.484924535171197,0.49999999937492845,0.5938440829838002,2,2,8.00164281122246,3.9377235284775627,Freestyle_1527676714707.csv,1,train,127.000000158625,128.966666827875,127.98333349325,1.0,1,0.9971064236989621,1,0.65
-9.646791421810548,5.820440774778035,11.266681656486805,-21.68546945264382,2.405268362094798,24.090737814738617,0.23166097898595323,7.5005167873115814,7.504093475292508,-17.001242602590292,22.386097713583077,39.387340316173365,1.026953258513044,6.8518856637605845,6.928417578669633,-13.727555250916684,19.916385725023098,33.643940975939785,14.112834674213843,5.663956394365133,15.206988675571578,6.117262813632585,29.52549949154493,23.408236677912345,-2.1177801657107795,2.8585750260247593,3.5575896348075937,-9.72720222559552,2.4493827068897653,12.176584932485284,-0.3995352122640467,4.070005628257599,4.089568950376973,-11.650082211312355,5.435580425381894,17.08566263669425,-0.14941771083853125,3.464692596020922,3.467912980055068,-7.162674925997158,6.11577890629799,13.278453832295149,5.7058818677546705,2.9749539085573637,6.434861198721559,0.5635371398881328,13.39977858034502,12.836241440456886,0.49999999937492845,0.6771209278119505,1,2,5.79203814082792,8.950468483995632,Freestyle_1527676714707.csv,1,train,128.00000016,129.966666829,128.98333349450002,1.0,1,0.9993097202238483,1,0.65
