ACC_0_mean,ACC_0_std,ACC_0_rms,ACC_0_minimum,ACC_0_maximum,ACC_0_range,ACC_1_mean,ACC_1_std,ACC_1_rms,ACC_1_minimum,ACC_1_maximum,ACC_1_range,ACC_2_mean,ACC_2_std,ACC_2_rms,ACC_2_minimum,ACC_2_maximum,ACC_2_range,ACC_MAG_mean,ACC_MAG_std,ACC_MAG_rms,ACC_MAG_minimum,ACC_MAG_maximum,ACC_MAG_range,GYRO_0_mean,GYRO_0_std,GYRO_0_rms,GYRO_0_minimum,GYRO_0_maximum,GYRO_0_range,GYRO_1_mean,GYRO_1_std,GYRO_1_rms,GYRO_1_minimum,GYRO_1_maximum,GYRO_1_range,GYRO_2_mean,GYRO_2_std,GYRO_2_rms,GYRO_2_minimum,GYRO_2_maximum,GYRO_2_range,GYRO_MAG_mean,GYRO_MAG_std,GYRO_MAG_rms,GYRO_MAG_minimum,GYRO_MAG_maximum,GYRO_MAG_range,dominant_frequency,periodicity_strength,positive_peak_count,negative_trough_count,mean_positive_prominence,mean_negative_prominence,recording,participant,split,start_time,end_time,center_time,clean_fraction,label,clean_probability,prediction,clean_probability_threshold
-0.39073183109801735,4.503743182728719,4.520660794597248,-4.314073667109018,12.165368801565492,16.47944246867451,-0.9541818385929794,3.7470880969482963,3.8666693920468926,-12.606142163133134,6.327843779660442,18.933985942793576,7.396394798031898,3.0806957641029005,8.012324406769542,-2.832660265166056,15.833372571784029,18.666032836950084,9.791990688616291,1.923997650873729,9.979220841654712,3.5608166515271806,16.276349435211525,12.715532783684345,-0.1950518177672955,2.7446336730261547,2.751555780049419,-6.72536712476826,9.054406098726432,15.779773223494692,-0.8023076537189814,2.005771415585438,2.1602815887739424,-8.277198764796472,3.0907830653808275,11.3679818301773,-0.5217764616399314,1.2666581328340016,1.3699173337818622,-4.825840812364177,1.2345787585434356,6.060419570907612,2.4524278759022353,2.846075678616556,3.756933490882563,0.09373581738802807,10.715593744827164,10.621857927439136,1.499999998125105,0.3451974704885862,1,2,5.336857606475222,5.326736689561966,Freestyle_1527873200322.csv,0,train,0.0,1.966666669125,0.9833333345625,0.0,0,0.04142713194200229,0,0.65
4.221582740063485,4.639292564036275,6.272543050942273,-7.732455715373175,12.165368801565492,19.897824516938666,-0.18159123662704024,4.620856517164102,4.624423242896101,-12.606142163133134,8.628633925004712,21.234776088137846,5.686711343661837,3.420021264500627,6.635904712680002,-2.832660265166056,15.833372571784029,18.666032836950084,9.937919287007096,2.450118008599359,10.235493051686888,3.5608166515271806,16.38028212000705,12.81946546847987,0.3360810007948896,2.847377890906695,2.8671434028871925,-6.72536712476826,9.054406098726432,15.779773223494692,0.040462845508749255,2.5782231949760517,2.578540689029201,-8.277198764796472,3.573968763052804,11.851167527849276,-0.8553410569699158,1.4869009716862018,1.7153666731459438,-4.825840812364177,1.7562090255910874,6.582049837955265,3.536830232653425,2.3027588033546285,4.220410667344888,0.4791349053467468,10.715593744827164,10.236458839480417,0.49999999937503503,0.4671135567886451,3,3,4.914419218711379,6.107197960068798,Freestyle_1527873200322.csv,0,train,1.00000000125,2.966666670375,1.9833333358125,0.0,0,0.2570410687444758,0,0.65
2.151638922943501,5.317939124634169,5.736726121058971,-10.33040771369195,10.90790973535096,21.23831744904291,2.177222571729074,2.955703032267104,3.671032353684657,-4.0251659672763624,8.757165510345686,12.782331477622048,7.6988343928986644,7.170553976230634,10.520879019136961,-1.347758468880098,57.99943328407132,59.34719175295142,10.614931969932742,6.6632289273936784,12.532972531093975,4.876973886704581,58.93462415942631,54.05765027272173,0.47488748992836755,2.0430546429402976,2.097520060006667,-2.385029114190368,13.478285137158636,15.863314251349005,0.3908181856960725,1.998786995156276,2.03663651795715,-4.995851185754223,3.573968763052804,8.569819948807027,-0.34410091477384813,1.8007280379941988,1.8333103682591871,-5.640616176803271,3.485209173850265,9.125825350653535,2.8166849784892216,1.9936878759542096,3.4508702691891555,0.5152892348095455,13.927513673583732,13.412224438774187,0.49999999937503503,0.6254831767153007,3,3,4.869962365477967,5.821558820393285,Freestyle_1527873200322.csv,0,train,2.0000000025,3.966666671625,2.9833333370625,0.0,0,0.1715295733981612,0,0.65
0.4196232108161148,3.738716871988909,3.7621918462447064,-10.33040771369195,10.76917216110737,21.099579874799318,1.3271085458279246,3.945696545282573,4.162900229391085,-10.203328111449874,8.757165510345686,18.96049362179556,9.032534365346114,6.908398255484371,11.37157172591098,-0.8515914233548176,57.99943328407132,58.85102470742614,10.765530414881304,6.700733110012523,12.680554771986616,4.876973886704581,58.93462415942631,54.05765027272173,-0.05271789903819525,2.8270387981002667,2.827530290349372,-7.233040208652413,13.478285137158636,20.711325345811048,-0.4857896342428686,1.6944014607264117,1.7626649933693064,-6.095654041727972,2.4782365958358343,8.573890637563807,-0.030872115249130014,1.588157918687955,1.588457951030248,-5.640616176803271,3.485209173850265,9.125825350653535,2.817991324953389,2.384122265399045,3.6912212184972106,0.0767499059269078,13.927513673583732,13.850763767656824,0.49999999937503503,0.325079154089783,2,3,4.9476903951563,5.881445858988825,Freestyle_1527873200322.csv,0,train,3.00000000375,4.966666672875,3.9833333383125,0.0,0,0.10674111568758705,0,0.65
2.798974390786014,2.108256982590538,3.504141142265491,-5.430989167057968,8.992435340734671,14.423424507792639,0.40212126731296743,3.5885523944278273,3.611012295905274,-10.203328111449874,6.29282926085681,16.496157372306683,8.606788686017824,2.4785506594257685,8.956563227996792,-0.8515914233548176,14.164753374098469,15.016344797453286,10.07473895483153,2.0094961545624366,10.273190342011633,5.608640896937948,16.779303655108198,11.170662758170248,-0.10485102374668595,2.278470839273914,2.2808820887109227,-7.233040208652413,6.699942914176428,13.93298312282884,-0.11719856402925151,1.028921908624465,1.0355751046920403,-6.095654041727972,2.128233936916496,8.223887978644468,0.07566608691925057,0.6461501074123189,0.650565383354066,-1.261116104919494,1.783867114813257,3.0449832197327513,1.9126885888395473,1.7434725636504391,2.588063797142345,0.0767499059269078,7.550520328181428,7.47377042225452,1.9999999975001401,0.6270117762080494,3,3,2.112369192548672,3.168853010735235,Freestyle_1527873200322.csv,0,train,4.000000005,5.966666674125,4.983333339562501,0.0,0,0.010831353757757522,0,0.65
3.4160974671985858,0.999751711558659,3.5593855354773054,0.6919246718963766,6.284353632518344,5.592428960621967,0.15858429859699122,2.193094582493162,2.1988207811284566,-6.694132408644689,6.224858154111856,12.918990562756544,8.76856167948746,1.2975220850818565,8.864041825727762,6.011321731669712,11.43023805161341,5.418916319943698,9.72379377604974,1.2341435519399198,9.801799615679693,6.951981159266998,12.211738275440702,5.259757116173704,-0.1851961666337925,1.2806757552071564,1.2939969127131916,-3.7558248672039816,3.4416228000390343,7.197447667243016,0.009053779081626438,0.34993880615294853,0.35005590834523814,-0.7661450892718762,1.3246764976422625,2.0908215869141387,-0.08374130770147539,0.743920054472884,0.7486184970079832,-3.508690910461999,1.783867114813257,5.292558025275256,1.2244998416916397,0.9262812428405975,1.5353816473897208,0.15253314804422594,3.8339180303886473,3.6813848823444215,1.9999999975001401,0.774830681280828,3,3,1.1591110155354052,1.2163614803198184,Freestyle_1527873200322.csv,0,train,5.00000000625,6.966666675375,5.9833333408125,0.0,0,0.0,0,0.65
3.7980460561612457,1.1493602660171192,3.9681460237522677,1.3731005097717957,6.701370697369562,5.3282701875977665,-0.022586542953668947,1.9586820988645723,1.958812322897506,-6.694132408644689,4.616506959819538,11.310639368464226,8.74227004003469,1.3427689405870882,8.844790211231327,5.070095471570414,12.34140200715478,7.271306535584366,9.816892839786961,1.2008569585879072,9.890067869476404,7.160384892374129,12.761073939843802,5.6006890474696736,-0.1520349611786875,1.2982432748758752,1.3071152321739052,-2.6930344796640835,3.5387356468346205,6.231770126498704,0.02249803506518044,0.43005753479395675,0.43064561395055384,-1.7475969616807387,0.9026439061070722,2.650240867787811,-0.19180788044826175,0.7665302111242052,0.7901637979357021,-3.508690910461999,1.519852593874045,5.028543504336044,1.2992078296739313,0.9112758736398205,1.5869356327728181,0.15253314804422594,3.7796133942472685,3.6270802462030427,1.9999999975001401,0.6857710092720961,2,3,0.9259715968459309,1.4723779657496323,Freestyle_1527873200322.csv,0,train,6.0000000075,7.966666676625,6.983333342062499,0.0,0,0.0,0,0.65
3.7093587289501726,1.7283955519859124,4.092272396134393,0.1962864904583121,9.585909103806696,9.389622613348383,0.7040261069110142,1.7470577819734516,1.883577355132057,-2.890881673861499,4.616506959819538,7.507388633681037,8.765247925833766,1.4648357911743977,8.886805674506371,3.8372426447776897,12.34140200715478,8.504159362377091,9.875849925182576,1.3181275995288753,9.96342672544785,7.3492466726062675,13.7548547464915,6.405608073885232,0.10348814748051265,1.2553296539960448,1.259588161611079,-2.6930344796640835,3.5387356468346205,6.231770126498704,0.07917296766070255,0.6414677770181239,0.6463352595679552,-2.3980372260964127,1.870428042907111,4.268465269003523,-0.06160304543721061,0.809297677613678,0.8116388767167524,-2.4995798164379006,2.6595271204166395,5.15910693685454,1.3945457139336528,0.8475326085637437,1.6318913171009843,0.25549543866814445,3.7796133942472685,3.524117955579124,0.9999999987500701,0.5239265070726138,3,3,1.6543127838186846,2.384310999451351,Freestyle_1527873200322.csv,0,train,7.00000000875,8.966666677875,7.9833333433125,0.0,0,0.0,0,0.65
2.498234161458869,1.8544703676941552,3.1113074856297622,-1.1897807789533663,9.585909103806696,10.775689882760062,1.030233621594137,1.9423096046650317,2.1986240959829857,-2.519825856749108,4.296028102366061,6.815853959115169,8.897594928531142,1.1886323425847927,8.976638700430229,3.8372426447776897,11.2363952595585,7.399152614780811,9.690971662774638,1.0859524736071406,9.751626763962744,7.3492466726062675,13.7548547464915,6.405608073885232,-0.10688643639179231,1.0389988217870818,1.0444822937510627,-2.806650435994003,2.8475644185891533,5.654214854583156,0.08513978006414903,0.6853424326473844,0.6906106226640351,-2.3980372260964127,1.8761320453195889,4.274169271416001,-0.04508083413726176,0.752626171309367,0.7539750893406943,-2.4995798164379006,2.6595271204166395,5.15910693685454,1.2591060826500735,0.742304925267091,1.4616308458164788,0.25549543866814445,3.5844270703946104,3.328931631726466,0.9999999987500701,0.5139148287437132,3,3,1.7978355022548609,1.8571773319946325,Freestyle_1527873200322.csv,0,train,8.00000001,9.966666679125,8.9833333445625,0.0,0,0.0,0,0.65
1.8261570553074256,1.0558408333549256,2.109419222446954,-1.1897807789533663,4.365770432954312,5.555551211907678,0.5557673461088893,1.7699213150576958,1.8551277057109792,-2.519825856749108,4.296028102366061,6.815853959115169,9.263874927115303,0.6650891320547335,9.287718892107625,6.8879013608185655,10.833511869529262,3.945610508710697,9.685436760917526,0.5875246629763865,9.703240205175698,7.487385594540542,10.993511172582616,3.5061255780420746,-0.10711484447023552,0.7807077581679731,0.7880216961286949,-2.806650435994003,0.9670665883731752,3.773717024367178,0.03713804039024045,0.5378500967207581,0.5391307453545531,-1.1973508400974164,1.8761320453195889,3.0734828854170053,-0.010747050152324494,0.5133509863185081,0.513463469237259,-1.3502733529071342,1.240325387237279,2.5905987401444133,0.9322899110359676,0.5532814927121731,1.0841055706882345,0.28417564832948483,2.9474421506475057,2.663266502318021,1.499999998125105,0.5653723486103284,3,4,1.1994017081462667,1.3955010821022418,Freestyle_1527873200322.csv,0,train,9.00000001125,10.966666680375,9.9833333458125,0.0,0,0.0,0,0.65
1.6240399649058284,0.8616081766102789,1.8384434877398361,-0.3277444245109014,3.5119255210492573,3.839669945560159,0.2983898427129017,0.8592972585077427,0.9096308463949278,-2.0537406618615948,1.8236623417516684,3.877403003613263,9.564151969115573,0.3503808711256267,9.570567885093759,8.684409165928546,10.45265056816967,1.7682414022411237,9.782271134862178,0.3320298503995158,9.78790439151886,9.140226028665714,10.993511172582616,1.853285143916903,0.10081723724963405,0.4720066544695276,0.4826534959887528,-1.7620032428669434,0.9670665883731752,2.7290698312401185,0.03551064091592875,0.3578622184052174,0.3596197616652394,-0.8287407667251809,0.8722958686227029,1.7010366353478839,0.0580289135844931,0.4115431107392387,0.4156141080482302,-1.309838049440351,1.073785527765856,2.383623577206207,0.6265373543161712,0.3774477455563179,0.7314477814437983,0.06955147933842437,1.9916686675335618,1.9221171881951373,1.499999998125105,0.8930090249849151,3,4,1.2132060826875557,0.7922967188570152,Freestyle_1527873200322.csv,0,train,10.0000000125,11.966666681625,10.9833333470625,0.0,0,0.0,0,0.65
0.48683898466477427,1.0674952378549218,1.1732682045603915,-1.4512262562684477,2.502368577783495,3.953594834051943,2.3787156420950946,2.3313580816729162,3.33069341292913,-0.6071892039726215,6.292380469448619,6.899569673421241,9.037152069443664,0.8590184079927136,9.077886876995125,7.070328470331812,10.45265056816967,3.382322097837858,9.730535819216522,0.4413385471794199,9.740539360953385,8.569569013014084,10.609800882728688,2.0402318697146047,0.2907153401713697,0.5860013095027596,0.6541505512876254,-0.6609340714950328,1.9981813233600765,2.6591153948551094,0.07760744545119683,0.3199470297386292,0.32922487364722575,-0.4385713792273648,1.0100964886129116,1.4486678678402765,-0.03553647004106573,0.33234422211235487,0.33423872108785635,-1.309838049440351,0.6704789060546196,1.9803169554949704,0.6348930859872861,0.4949022663293457,0.8049953315717937,0.06955147933842437,2.249157754178738,2.1796062748403138,1.499999998125105,0.3951854756927322,4,3,0.7258944523228222,0.8940811974157912,Freestyle_1527873200322.csv,0,train,11.00000001375,12.966666682875,11.983333348312499,0.0,0,0.0,0,0.65
-0.27750981927085455,0.8154874256820458,0.8614124687031599,-1.4745553422147446,2.502368577783495,3.9769239199982396,5.337666181716977,1.9420184860168224,5.6799750058848115,-0.6071892039726215,8.202981120958723,8.810170324931345,7.76040763668609,1.170652841091779,7.848207104931166,3.0235047695612103,10.1985727528117,7.175067983250489,9.698610594554463,0.7317477747156762,9.726176138164755,6.186101152467855,11.282918108808769,5.096816956340914,0.33450696666765023,0.6353187946849206,0.7180006139475738,-0.8766262707355923,1.9981813233600765,2.8748075940956688,-0.0003808490466683916,0.3256186557028059,0.3256188784264493,-0.5637006507296067,1.0100964886129116,1.5737971393425183,-0.10345842019878236,0.2650450113304169,0.28452153300087607,-0.6397210332694218,0.4750292531310512,1.114750286400473,0.684158669528633,0.4841817357839625,0.8381557363389934,0.08209939644048736,2.249157754178738,2.1670583577382505,0.49999999937503503,0.49583343675137753,3,3,0.9034537219225829,0.6670460025636378,Freestyle_1527873200322.csv,0,train,12.000000015,13.966666684125,12.9833333495625,0.0,0,0.0,0,0.65
0.4435049385240878,1.4311522190825519,1.498296801264745,-1.5529316036398793,6.864519949303111,8.41745155294299,5.63971298766745,2.3777859565464805,6.120476177423989,-2.690889706553683,9.249856604061677,11.94074631061536,7.40640087621331,1.1247703079955689,7.49132045669665,3.0235047695612103,10.0242754615808,7.000770692019589,9.72920855345585,1.0805114767451725,9.789024677056263,6.056487335623579,11.96669427024129,5.91020693461771,-0.5105852287533922,1.1770440911968825,1.2830160047492194,-3.159117602454603,1.7028824881798907,4.862000090634494,-0.3241132831304333,0.4366937559960298,0.5438298050194642,-2.107509473982437,0.4095897599042261,2.5170992338866633,0.08510071759840096,0.39397790286345363,0.403064163726382,-0.7694804593895515,1.3127984705960258,2.082278929985577,1.1137828414620876,0.9294242451191181,1.4506349111167167,0.13236041614932678,3.5254268534308744,3.3930664372815476,0.49999999937503503,0.6809439640373004,3,4,1.0386591556700837,0.8415713294477589,Freestyle_1527873200322.csv,0,train,13.00000001625,14.966666685375,13.9833333508125,0.0,0,0.0,0,0.65
2.78138714398963,2.3916273458701056,3.6682415141678546,-1.5529316036398793,8.532052975006993,10.084984578646871,0.6496182285640492,5.168364685173137,5.209030366759971,-8.77512332518403,9.249856604061677,18.024979929245706,7.395905730595392,2.228537682428476,7.724364166574322,2.504423192131508,14.697908641856996,12.193485449725488,9.9270934652073,1.307138201946511,10.012781578859565,6.056487335623579,15.305443211713067,9.248955876089488,-0.285427316937058,1.7549209977017208,1.7779810070493696,-3.159117602454603,3.048574962481153,6.207692564935756,-0.21758088187379432,1.0271908313049745,1.0499821160734037,-2.4196247792567553,3.085039775941374,5.504664555198129,0.18761675309196632,0.517420225006306,0.5503850790913106,-1.105159774115369,1.3127984705960258,2.4179582447113948,1.840853511934733,1.0852930426323497,2.136961076105183,0.2397622272153803,3.9838000449919413,3.744037817776561,0.49999999937503503,0.4349459431371743,3,2,1.9440906264844517,1.8048486424479322,Freestyle_1527873200322.csv,0,train,14.0000000175,15.966666686625,14.9833333520625,0.0,0,0.0,0,0.65
3.507538151922204,2.0081348220682718,4.041711190918148,-2.748359918318243,8.532052975006993,11.280412893325236,-1.3583991243547167,3.885904032835321,4.116491021908523,-8.77512332518403,9.98271976640872,18.75784309159275,7.9951186710019035,2.639410111874996,8.419525420240218,2.504423192131508,14.697908641856996,12.193485449725488,10.064925344658871,1.6931077321780812,10.206338030180937,7.492819998011558,15.695806698027303,8.202986700015746,0.43406349404836775,1.662670834799622,1.7183961771834657,-3.1201509928888513,4.108886948690331,7.229037941579183,0.040049750979744156,1.151823996549244,1.1525200655868046,-2.6987413532429683,3.085039775941374,5.783781129184343,0.1115318842567491,0.6373123988457241,0.6469980331719348,-1.6018630909962075,1.230758095676071,2.8326211866722786,1.897838319771687,1.047856903529052,2.1679009152328232,0.5512402390010025,4.301299020704265,3.7500587817032627,0.9999999987500701,0.6579234113012686,2,3,3.9255308326510825,1.7971463170723148,Freestyle_1527873200322.csv,0,train,15.00000001875,16.966666687875,15.983333353312501,0.0,0,0.004914163090128756,0,0.65
2.8917811972407526,2.446586988753429,3.7878999968653777,-7.2768828106456835,9.97287175684452,17.249754567490204,1.0847414929052737,3.8511276413529907,4.000980906780662,-7.670524876406933,11.47817169170854,19.148696568115476,8.58470220515451,2.484078251947435,8.936876227910004,1.1349471142951708,15.57046637803611,14.43551926374094,10.232125441061008,2.3510423803179554,10.49875189323279,7.1135310001714815,17.55894189543893,10.44541089526745,0.04538262711867837,1.861972468723371,1.862525451404087,-3.7839976414588143,4.564179458296279,8.348177099755095,-0.02629722095845079,1.059430353574323,1.0597566786318229,-2.6987413532429683,3.0445196334198785,5.743260986662847,0.11416017121076666,1.0841606394736467,1.0901545013780287,-2.5196209961589644,5.302054807497356,7.821675803656321,2.041511956075036,1.269941354988572,2.4042716385441,0.5255093457223448,5.839817023957264,5.314307678234919,1.499999998125105,0.44062185766888684,2,2,3.462532300422919,3.329808203004509,Freestyle_1527873200322.csv,0,train,16.00000002,17.966666689125,16.9833333545625,0.0,0,0.0,0,0.65
3.552387363921819,2.236499808009562,4.197783626460304,-7.2768828106456835,9.97287175684452,17.249754567490204,-0.21846383727234106,3.9287063240508764,3.934775702480779,-7.670524876406933,11.47817169170854,19.148696568115476,8.421358017198546,2.296589086323129,8.728894104366988,1.1349471142951708,15.57046637803611,14.43551926374094,10.21090270764694,2.243859483932186,10.454541572382027,7.1135310001714815,18.73844447756841,11.62491347739693,-0.37181529571484284,1.5717604049150966,1.6151400510749476,-3.7839976414588143,4.564179458296279,8.348177099755095,-0.08427731077637395,0.8126452357461593,0.8170036378698862,-2.2041240527050916,3.0445196334198785,5.24864368612497,0.02203011727614368,0.9809875735658078,0.9812349084483958,-2.5196209961589644,5.302054807497356,7.821675803656321,1.5809684249583142,1.3189136111669981,2.05888180195871,0.1717017206796667,5.839817023957264,5.668115303277597,1.499999998125105,0.4907703180202238,3,2,2.070286324900956,2.060046992495963,Freestyle_1527873200322.csv,0,train,17.00000002125,18.966666690375,17.983333355812498,0.0,0,0.0,0,0.65
4.513646530287884,1.3116831305922088,4.700374201641827,1.2176375098947776,8.161740416825129,6.944102906930351,-0.7517745731718597,4.129577487018046,4.197448657238586,-8.998902399209927,10.28393469487383,19.282837094083757,7.667467028373427,1.7663851626822917,7.868301416070547,3.786538067208593,15.295186481020844,11.508648413812251,9.962545007960797,1.5394664673539329,10.080786677623518,6.469602400974145,18.73844447756841,12.268842076594266,-0.035632854845524906,3.0100071133327617,3.010218019123908,-11.664514976964313,9.269614927655203,20.934129904619518,-0.24527424291290195,0.8516822803757736,0.8862968808150998,-2.1029873586979217,2.0339980601024874,4.136985418800409,-0.35796849525874386,0.4101931773724768,0.5444261991865725,-1.175130746230125,0.6501290340727617,1.8252597803028867,2.1801447999057393,2.3217026556830107,3.1848602119970004,0.1717017206796667,11.683306487804806,11.51160476712514,1.499999998125105,0.36439057791255786,2,4,2.039413729142228,0.8907753987477489,Freestyle_1527873200322.csv,0,train,18.0000000225,19.966666691625,18.9833333570625,0.0,0,0.0036698717948717946,0,0.65
6.295168059510948,1.7008737276264945,6.520898123327558,1.2176375098947776,9.192596209756816,7.9749586998620385,2.526693427394733,4.213026433163971,4.912613500223488,-8.998902399209927,10.28393469487383,19.282837094083757,4.98129410644991,2.1943450509863722,5.443201372146818,1.149207634200645,9.355377541134072,8.206169906933427,9.760041854883024,1.012871120166551,9.812457638896381,6.469602400974145,12.342797832548527,5.873195431574382,0.4453590735253033,2.9508820614045854,2.984300528547802,-11.664514976964313,9.269614927655203,20.934129904619518,-0.18950545787504686,0.9304546083124711,0.9495567896099447,-2.1029873586979217,2.0339980601024874,4.136985418800409,-0.348945064299245,0.4828887920771384,0.5957719726644767,-1.175130746230125,0.7914916874993636,1.9666224337294886,2.2176879442643926,2.2900899909527426,3.1878914637731253,0.23870772368553317,11.683306487804806,11.444598764119274,0.49999999937503503,0.4044521404927579,1,2,3.2644024217708987,2.3619860287030003,Freestyle_1527873200322.csv,0,train,19.00000002375,20.966666692875,19.9833333583125,0.0,0,0.0036698717948717946,0,0.65
5.132012712629513,3.1726916842521335,6.033533542287931,-0.4367474460752943,9.192596209756816,9.62934365583211,5.993648079107758,2.481380607429054,6.486992139282822,-2.3458604021054223,10.264666918645808,12.610527320751231,3.9569321330504175,1.7797035234792666,4.33873904919983,1.149207634200645,8.88640362663295,7.737195992432305,9.814860452451567,0.9888199315266482,9.864545126770018,7.706319311829953,13.240261532529129,5.533942220699176,0.6267266364399906,1.149770281564984,1.3094876773736388,-2.2926857072621347,5.055136338360032,7.347822045622166,0.49871417545546154,1.0134189421197053,1.1294838560365719,-1.1120733678762005,2.9421114993385244,4.054184867214725,-0.0868898221693099,0.43866126400105965,0.44718401775065897,-1.066140893937496,0.8771982724193955,1.9433391663568913,1.4164717024945686,1.0881512854398558,1.7861873653041755,0.23870772368553317,5.75850014552394,5.519792421838407,0.49999999937503503,0.7570167321580384,1,2,3.845471636383551,0.9685129659884945,Freestyle_1527873200322.csv,0,train,20.000000025,21.966666694125,20.9833333595625,0.0,0,0.0,0,0.65
1.4161683464259556,2.424729179089225,2.807996505935421,-0.4367474460752943,7.947536405037268,8.384283851112562,8.293674752759154,2.1923919362717483,8.578556015250118,-2.3458604021054223,10.264666918645808,12.610527320751231,3.699795580541179,1.7391264352984745,4.088159499792788,1.7479070422750276,8.88640362663295,7.138496584357922,9.863131310443853,0.9529724722245184,9.909062305782296,7.706319311829953,13.240261532529129,5.533942220699176,0.4450156608769797,1.125623238287149,1.210399360953988,-2.2926857072621347,5.055136338360032,7.347822045622166,0.5690785338363464,0.9085888835971904,1.0720933434499602,-0.9033601370450268,2.9421114993385244,3.845471636383551,-0.027660096308126568,0.34538486467431234,0.34649067184250126,-1.066140893937496,0.8771982724193955,1.9433391663568913,1.0727134959329563,1.258488097434656,1.653634341606815,0.02159870172634972,5.75850014552394,5.73690144379759,0.49999999937503503,0.4827273397492327,1,1,2.1985793412319334,1.1964540201924916,Freestyle_1527873200322.csv,0,train,21.00000002625,22.966666695375,21.9833333608125,0.0,0,0.0,0,0.65
0.17202760931691266,0.16470866171028656,0.23816473628496296,-0.3786403719537362,0.4785398613189974,0.8571802332727336,9.367715015751745,0.23017211526710088,9.370542343908769,8.70281420373811,9.805282206176004,1.1024680024378934,2.4824181199447373,0.3229506650454709,2.503337143551239,1.942909848267086,3.1788566900064317,1.2359468417393458,9.699343758651116,0.23068109241081688,9.702086534085344,8.99993492164788,10.247619022806182,1.2476841011583026,0.06562096017900546,0.11985865956622108,0.13664629042833876,-0.1514258176253488,0.5705840671239139,0.7220098847492626,0.05329810500682249,0.10388467254170344,0.11675921028516435,-0.07981450218916,0.2930938831474647,0.37290838533662474,0.003940184070294969,0.0449346383989029,0.04510705907668959,-0.0711359024822193,0.1418229188419368,0.21295882132415608,0.13969716619989475,0.12175496050883544,0.185309386305144,0.007948314338989794,0.641579839051607,0.6336315247126172,0.49999999937503503,0.8624089547432973,2,3,0.08411027331668006,0.09696606468951034,Freestyle_1527873200322.csv,0,train,22.0000000275,23.966666696625,22.983333362062503,0.0,0,0.0,0,0.65
0.2114633263992804,0.12770001987080398,0.24703043028512162,-0.1412230026816692,0.4785398613189974,0.6197628640006666,9.468386847811214,0.1104962782779715,9.469031572833499,9.2293529120803,9.699149367451184,0.46979645537088466,2.1476482410943434,0.1532052426157267,2.1531058529112244,1.9394317397706613,2.506174133540537,0.5667423937698757,9.713251548569128,0.11041797346672703,9.713879131152757,9.485956871614297,9.944804503623367,0.45884763200906953,0.015200635613759391,0.04987441369213487,0.05213939455149533,-0.1215140862084877,0.1427818164547814,0.26429590266326913,-0.026335250727131467,0.025149324123143243,0.036414748862401806,-0.07981450218916,0.0365049146186372,0.1163194168077972,-0.0033178291740122916,0.0248826139889238,0.025102837874425937,-0.0489908157937099,0.047084281862329,0.0960750976560389,0.06244822330514896,0.027837425784153578,0.06837179877886794,0.007948314338989794,0.14349992934449962,0.13555161500550983,0.9999999987500701,0.7883350952987853,3,3,0.06889473304901338,0.061585565507376296,Freestyle_1527873200322.csv,0,train,23.00000002875,24.966666697875,23.9833333633125,0.0,0,0.0,0,0.65
0.21329749693247838,0.12434204052702989,0.24689423897710971,-0.1412230026816692,0.4411669688346148,0.582389971516284,9.490958562174878,0.11001101835166228,9.491596117254431,9.298600141101783,9.750600646848586,0.4520005057468026,2.134133582007052,0.14636907930411425,2.139147038711128,1.8271774539698653,2.520337517285223,0.6931600633153578,9.73218825923007,0.10869847492271663,9.732795265058547,9.52910272368267,9.978777453444048,0.44967472976137834,-0.016382736600554795,0.04594705297813146,0.04878038269528414,-0.1315736189116405,0.084863415738462,0.2164370346501025,-0.013720877929910833,0.03327335110637655,0.03599136542305285,-0.0847828571495548,0.074247964352833,0.1590308215023878,-0.001632185254927472,0.024056962226842064,0.024112267837972202,-0.0489908157937099,0.047084281862329,0.0960750976560389,0.058438935329269776,0.029003386333075528,0.0652403677273834,0.012138288283442374,0.13961316427484977,0.1274748759914074,0.9999999987500701,0.6456910333147584,3,2,0.07554396450252877,0.10591023515329036,Freestyle_1527873200322.csv,0,train,24.00000003,25.966666699125,24.983333364562498,0.0,0,0.0,0,0.65
0.776261737978755,0.6840847152585458,1.0346758833084702,-0.109111598216777,2.045185077725802,2.154296675942579,9.398397671820492,0.4447539272562324,9.408915179418438,8.256125810198123,10.739690187224085,2.483564377025962,2.249839641179615,0.2315704123194052,2.2617257275993916,1.5983731435856867,2.7380333439635827,1.139660200377896,9.723395854224211,0.41135795352870647,9.732093418369752,8.719444047797591,11.082633190857262,2.363189143059671,-0.00014790329416697248,0.09059921386163643,0.09059933458768316,-0.4267177023400565,0.1891765582436368,0.6158942605836933,-0.002668283920810112,0.07209051407270223,0.07213987772618229,-0.2638983513186751,0.1430372669594989,0.40693561827817404,0.0691311374163864,0.16026878747619724,0.17454282683506012,-0.0528158414221008,0.604232500654111,0.6570483420762119,0.13378702309440224,0.16117888272720826,0.20946980638185844,0.012138288283442374,0.7853835064258813,0.773245218142439,1.9999999975001401,0.46463564672711744,3,2,0.10272240988541781,0.2235028164992619,Freestyle_1527873200322.csv,0,train,25.00000003125,26.966666700375,25.9833333658125,0.0,0,0.0,0,0.65
0.8804037267257812,1.0855235449379979,1.3976666586305198,-0.9973329525631026,3.831248386687717,4.828581339250819,9.322398413414328,0.7619233322105732,9.353482738669957,7.436369684540685,11.128368742502149,3.691999057961464,2.389172703473852,0.7376591601930081,2.50045740688403,-0.4323814649952757,3.892929924431507,4.3253113894267825,9.753397666223972,0.7514204145365248,9.78230027523616,7.8191438575490455,11.33999276940082,3.5208489118517736,-0.0398412811950643,0.1675078486050162,0.17218073943256604,-0.5422314435319852,0.2969857469490483,0.8392171904810335,0.06080694162388577,0.42725102203674925,0.4315563925851376,-0.9019986830685232,1.0804312788052826,1.9824299618738057,-0.01480503601962646,0.3238436316543083,0.32418187311229135,-0.9786829987809444,0.604232500654111,1.5829154994350554,0.4253162005248854,0.3742821708795544,0.5665518633516585,0.02048673197445205,1.1540524026389087,1.1335656706644568,0.9999999987500701,0.43702036555968055,2,2,0.6883536742133456,0.6569479542268782,Freestyle_1527873200322.csv,0,train,26.0000000325,27.966666701625,26.9833333670625,0.0,0,0.0,0,0.65
-0.028079325163843753,1.1187995900754593,1.119151898204472,-2.3365009554202576,3.831248386687717,6.1677493421079745,9.222217776281509,0.8146598205062281,9.258130012929712,6.260554885475291,11.128368742502149,4.867813857026857,2.6587766337784076,0.7462174529067337,2.7615093111102578,-0.4323814649952757,3.892929924431507,4.3253113894267825,9.690374756061317,0.8294836164764081,9.725811327746042,6.514837847452377,11.33999276940082,4.825154921948442,-0.21059992397428484,0.5690721500176915,0.6067911007123725,-3.2591665182255003,0.2969857469490483,3.5561522651745485,0.03259735590824792,0.4426130191566201,0.4438117532683734,-0.9019986830685232,1.0804312788052826,1.9824299618738057,0.09923857770700262,0.5806219783933271,0.5890417447844337,-0.9786829987809444,2.306883914562616,3.28556691334356,0.5794510107241632,0.7591910270230516,0.9550573225422493,0.06535681535072561,4.032021123459594,3.9666643081088684,0.9999999987500701,0.4111893480558991,1,1,1.6871888568246516,0.9435172192903235,Freestyle_1527873200322.csv,0,train,27.00000003375,28.966666702875,27.9833333683125,0.0,0,0.0,0,0.65
-1.4777936784912526,3.4172031770756215,3.7230567695919476,-11.225024153747365,3.6255670069143857,14.85059116066175,2.627545465450437,7.585517905485411,8.027706837413094,-13.658282522820894,10.081967225076028,23.74024974789692,4.379199433586141,3.3772351479998246,5.530199356624187,-2.272980087625845,13.93392151532741,16.206901602953256,10.170169625575653,2.33580467678235,10.434957292728129,5.637937400358452,17.70445755555939,12.066520155200937,-0.5327413309214392,3.1798512206441103,3.224169212542013,-5.23682039832139,12.269013563637667,17.505833961959056,0.5995486333911352,0.8968008355224019,1.078754050928596,-0.6067575780193689,2.8734386731374135,3.4801962511567823,1.0794193824415037,1.1769815287636536,1.5970071140233608,-0.7656134205518665,4.261210094054944,5.026823514606811,2.5180647796549276,2.7872493432058154,3.756249344191605,0.07716216619886487,12.724993271299649,12.647831105100783,0.49999999937503503,0.6674691246727034,2,1,2.9352265735100946,0.6866679070695008,Freestyle_1527873200322.csv,0,train,28.000000035,29.966666704125,28.9833333695625,0.0,0,0.0,0,0.65
-3.017521975193545,4.603497205911922,5.504327878643752,-16.213352552571184,3.6255670069143857,19.838919559485568,-4.600232016915119,8.013349254928729,9.239908056410398,-24.645410745323744,18.578611623445223,43.22402236876897,4.2910239572400695,5.5669850476854155,7.028812781882956,-13.306288952685312,17.417825399635937,30.72411435232125,11.724218512719704,5.255514786897128,12.848258069064997,2.6782177747953355,30.1897044122824,27.511486637487064,-0.951412002674083,6.038837704782674,6.113325250920091,-11.647247843640004,16.750539256376257,28.39778710001626,0.1256891013952637,1.632314936936468,1.6371468485006022,-4.36633034447951,3.1726640297681308,7.5389943742476415,0.28227372662377437,1.8927271612573981,1.913659991666117,-4.377202463976786,4.261210094054944,8.638412558031732,5.539816220661816,3.609089390980562,6.6117388023723525,1.0294107068368643,16.830429884875745,15.80101917803888,0.49999999937503503,0.8229237556971546,2,2,4.0652230049540155,3.219967437986163,Freestyle_1527873200322.csv,0,train,29.00000003625,30.966666705375,29.983333370812502,0.0,0,0.24360794354673446,0,0.65
0.9725288567911412,5.6914630585330555,5.773955673880596,-16.213352552571184,10.614637721197546,26.82799027376873,-6.138634908353382,7.120391586094843,9.40121347898158,-24.645410745323744,18.578611623445223,43.22402236876897,2.511801587085442,5.1393864771190625,5.720353186131013,-13.306288952685312,17.78948009134082,31.095769044026135,11.340124069549626,5.083837690428689,12.427542781073102,2.6782177747953355,30.1897044122824,27.511486637487064,-0.08352031151935545,5.319315726016241,5.319971375438028,-11.647247843640004,16.750539256376257,28.39778710001626,-0.48161761992344787,1.197344462230117,1.2905771162754494,-4.36633034447951,3.1726640297681308,7.5389943742476415,-0.7972039950302998,0.9580406958619088,1.2463451306198619,-4.377202463976786,1.900207951510699,6.277410415487486,3.9921190369799704,3.9476634238161425,5.6143620219178665,0.2945335244080749,16.830429884875745,16.53589636046767,0.49999999937503503,0.7722043752941463,3,3,2.693548488229769,2.7404053837613667,Freestyle_1527873200322.csv,0,train,30.0000000375,31.966666706625,30.9833333720625,0.0,0,0.09432660133793977,0,0.65
5.658832252963787,1.2639923761336538,5.798280710185322,2.108997793089181,10.614637721197546,8.505639928108366,-6.0756123468308,1.8592982191850989,6.353743405019418,-10.638190517046189,-2.8298015050268472,7.808389012019342,4.0165719702999185,3.327355390771228,5.215759224608948,-1.8425086275072229,17.78948009134082,19.631988718848042,9.92257517615041,1.6543157539212445,10.059535711951535,7.944632254393444,19.84658320441168,11.901950950018236,0.27409189618948493,1.3493357040252796,1.376892591930883,-4.71638130549942,2.8680310236159356,7.584412329115356,0.05228307420242917,0.40974174457541546,0.413063938265932,-1.8999315995189645,0.7010134328963884,2.600945032415353,-0.22578456926625012,0.37339935439636607,0.43635507282758745,-1.4861679457431634,0.4222353317673166,1.90840327751048,1.1633155691665935,0.9505565017014399,1.5022851847742742,0.09409528671623353,4.7280163283750145,4.633921041658781,0.49999999937503503,0.5797828270968926,3,3,1.0789486407368658,1.154705525593901,Freestyle_1527873200322.csv,0,train,31.00000003875,32.966666707875,31.983333373312497,0.0,0,0.007459302856695421,0,0.65
6.093473229062079,0.7271064874522406,6.136701054914715,4.445754470128122,8.532149242052057,4.086394771923935,-5.191233192483845,1.2586417188115147,5.3416365502604926,-9.607654575459296,-3.222734050075036,6.38492052538426,5.335558147306683,1.3411593464075036,5.5015351617295805,-1.724316143044383,7.552243268527984,9.276559411572366,9.788554527760645,0.8020413114507952,9.82135784951435,8.681995008194987,14.810743618478712,6.128748610283726,-0.26251680957063966,1.1398866238684382,1.1697250063930982,-4.71638130549942,2.005202457867451,6.721583763366871,-0.03240669973805848,0.24773925710937494,0.24984982229534936,-0.525744724170986,0.7010134328963884,1.2267581570673745,-0.07375011809207573,0.20690206297905686,0.2196532348580023,-0.5593249930600713,0.3125201946443589,0.8718451877044302,0.8749837446098477,0.8445901458899843,1.216112276011527,0.09409528671623353,4.7280163283750145,4.633921041658781,1.499999998125105,0.7365837901098014,3,3,0.7285308346249496,0.6394161261925472,Freestyle_1527873200322.csv,0,train,32.00000004,33.966666709125,32.983333374562505,0.0,0,0.0,0,0.65
7.165669071237177,1.3143869859092403,7.285219721272149,4.59363312767081,12.41361260413988,7.81997947646907,-3.2633179246496082,3.4508038821065026,4.749451685205435,-8.608436564419907,3.753879841964988,12.362316406384895,4.047714016015106,1.2496188758450246,4.236217191116778,1.7449712278429192,6.376644653223433,4.631673425380514,9.615710342651358,1.0561100292367538,9.67353367635771,5.2404075371333585,15.35288427960499,10.112476742471632,0.31859815891038956,1.1139087947947637,1.1585756729632348,-1.892530831619759,3.13123754006453,5.023768371684289,-0.17032577811632538,0.3284806528261471,0.37001406726234537,-1.6139865084700038,0.5987984915504586,2.2127850000204625,-0.3819519381650177,0.4767697184584997,0.6108982300735619,-1.882236508665157,0.1835554743430457,2.0657919830082028,1.1236316588498512,0.7680211863559351,1.3610307298004873,0.19400222495625674,3.5126519995545427,3.3186497745982857,1.9999999975001401,0.5832797662464311,2,2,0.9396108658834424,1.2713778765645252,Freestyle_1527873200322.csv,0,train,33.00000004125,34.966666710375,33.9833333758125,0.0,0,0.0,0,0.65
8.215306099802467,1.2091734204778108,8.30381566957273,4.59363312767081,12.41361260413988,7.81997947646907,0.6936158405151838,3.9804039636318755,4.040385952840388,-11.030966407323932,6.812576713800986,17.843543121124917,3.0418638106120564,1.3012980661435603,3.3085211347761203,-0.7135797993078592,9.206471893979147,9.920051693287007,9.715216649004766,1.356079232313651,9.809402908506298,5.2404075371333585,16.235201026217183,10.994793489083825,0.40955773652828764,0.995550094276,1.0765024522791982,-2.659118303849464,3.13123754006453,5.790355843913995,-0.011303030961398343,0.43379675638263665,0.433943987580207,-1.6139865084700038,0.8786434207270009,2.4926299291970047,-0.2964020137611032,0.5505159716765559,0.625237545923643,-1.882236508665157,1.2943044606745044,3.176540969339661,1.0496316729038302,0.7977219153250487,1.318365238829042,0.11576141986763912,3.5126519995545427,3.3968905796869033,0.49999999937503503,0.7761546433162063,3,3,1.099128096654528,1.0565531700000899,Freestyle_1527873200322.csv,0,train,34.0000000425,35.966666711625,34.9833333770625,0.0,0,0.0,0,0.65
8.556230365051947,1.0353055876823547,8.618638855394932,4.469524207899726,10.644962235064186,6.175438027164461,2.4025695613670304,2.4644403882651025,3.4417738049615654,-11.030966407323932,8.617860320735545,19.648826728059475,3.019692143393159,1.3500820671108424,3.307757885457256,-0.7135797993078592,9.206471893979147,9.920051693287007,9.798127860037846,1.0318407393574633,9.852309621253665,7.687450665957115,16.235201026217183,8.547750360260068,-0.40306613970260674,0.8581062282334346,0.948055173451299,-2.931049002291604,1.3009072110796185,4.231956213371222,-0.032176838851676055,0.4236997129987646,0.4249197521341203,-1.1534554583150547,0.8786434207270009,2.0320988790420556,-0.01776018352053575,0.38251267390509025,0.3829247573828376,-1.129126732435751,1.2943044606745044,2.4234311931102557,0.8992804116978009,0.6459810512815632,1.107247387659235,0.11576141986763912,3.1063495190864017,2.9905880992187623,1.499999998125105,0.29195150234649,3,3,0.7632052591161621,0.9327436562379524,Freestyle_1527873200322.csv,0,train,35.00000004375,36.966666712875,35.9833333783125,0.0,0,0.0,0,0.65
8.710548351525075,0.9096477695618708,8.757917083926126,4.469524207899726,10.644962235064186,6.175438027164461,0.4809451859125834,2.3901272589075435,2.43803539466214,-4.51062318619033,8.617860320735545,13.128483506925875,3.3018554001199107,0.8590842188464657,3.41178469109234,0.7019413240272462,5.536004363674048,4.834063039646802,9.689353725825383,0.6338985634597467,9.710067096211153,7.687450665957115,11.676650336920758,3.989199670963643,-0.6600843684063257,0.7276336843077738,0.9824266649239948,-2.931049002291604,1.2343332744546256,4.16538227674623,-0.12973913444631333,0.3353820645413689,0.3596016855117749,-1.1534554583150547,0.4698080699581496,1.6232635282732044,0.0010125978206995563,0.37937279039354493,0.3793741417721179,-1.129126732435751,0.7793217598453487,1.9084484922810998,0.941623431322663,0.5930814254434693,1.1128343379056578,0.11915100648108616,3.1063495190864017,2.9871985126053153,1.499999998125105,0.4059844886003638,3,3,0.7795997795284243,0.7087178604829134,Freestyle_1527873200322.csv,0,train,36.000000045,37.966666714125,36.983333379562495,0.0,0,0.0,0,0.65
8.714218289335406,0.36412153357107235,8.721822337413084,7.773481145167043,9.913972239091008,2.1404910939239645,-2.1965746257857495,1.6420819196366416,2.7425121909379664,-4.862546778695077,2.0956970250978335,6.958243803792911,3.0534385526404284,0.879068577758522,3.177459450434146,1.2625654080447142,5.536004363674048,4.273438955629334,9.66989004996343,0.42547970998948303,9.679246177362907,8.627036235694016,11.001894713230529,2.374858477536513,-0.22259123677201212,0.7552759978407141,0.787393606528514,-1.6714311105693034,1.5555716824041237,3.227002792973427,-0.0497066085820591,0.1930421215505595,0.1993389265283402,-0.4649810341452549,0.4698080699581496,0.9347891041034044,0.12643590340250233,0.25188970900918006,0.28184120205168073,-0.3759848469911327,0.8196172029873239,1.1956020499784565,0.7364115927110116,0.4436858444059474,0.8597436608695568,0.08161608471718537,1.7448543191912058,1.6632382344740204,1.499999998125105,0.7279142961213225,3,4,0.5773972028596517,0.49209831598712606,Freestyle_1527873200322.csv,0,train,37.00000004625,38.966666715375,37.983333380812496,0.0,0,0.0,0,0.65
7.472094178038501,2.566145291572668,7.900461572777721,-1.379832468034278,10.83651817082729,12.216350638861568,-1.4602692205742602,3.0921129410730517,3.4195831086417527,-5.893091514751086,6.978276274292516,12.871367789043603,3.882447300299565,2.1755232919052467,4.450426792255504,1.091771661420359,10.028966678606066,8.937195017185708,9.670000195273206,0.6389339218473326,9.691085611688251,8.220467334690744,11.599564623881156,3.379097289190412,0.941781632144193,1.7780070574831148,2.012029259007916,-1.6714311105693034,8.119423962463832,9.790855073033136,0.5306176005729064,1.0254593009089636,1.15460894499326,-0.3495771519849792,3.7534955630779536,4.1030727150629325,0.082466295628195,0.4900620139786118,0.49695217824194104,-1.1318865307727348,1.1116096188092464,2.243496149581981,1.62549178856946,1.7280397760801287,2.372413332963251,0.08161608471718537,8.970625773398728,8.889009688681544,0.49999999937503503,0.5594780428364904,2,2,1.471118300331433,0.7562017361970823,Freestyle_1527873200322.csv,0,train,38.0000000475,39.966666716625,38.9833333820625,0.0,0,0.0,0,0.65
2.625166279140888,4.3858695473310405,5.1114919230440155,-2.8433257548540287,10.83651817082729,13.679843925681318,4.015524764832184,4.4027867532882015,5.9589403698904935,-5.893091514751086,9.611887021086067,15.504978535837154,5.615348945382041,1.826554791079761,5.9049509890616045,1.091771661420359,10.028966678606066,8.937195017185708,9.797572529239497,0.7157784075857717,9.823683942110234,8.220467334690744,11.599564623881156,3.379097289190412,0.9401599900265611,1.726801308282908,1.9661494259425718,-0.514619771646881,8.119423962463832,8.634043734110714,0.48574184419710925,1.078498164619169,1.1828370260906296,-0.6963573519824615,3.7534955630779536,4.449852915060415,-0.036066136447181145,0.5594294015712243,0.5605907790363349,-1.2008173049191375,1.1116096188092464,2.312426923728384,1.5856605542466569,1.7506540559665065,2.3620137630771323,0.12596060140581491,8.970625773398728,8.844665171992913,0.49999999937503503,0.5891590629137571,2,1,2.457610419894081,0.8373718839475275,Freestyle_1527873200322.csv,0,train,39.00000004875,40.966666717875,39.9833333833125,0.0,0,0.0,0,0.65
-0.8669180012313488,0.9363911698733335,1.2760780712306385,-4.030943657129255,1.270043682438786,5.3009873395680405,5.190704701281429,5.260509234775438,7.390289081291933,-17.71394152254394,9.611887021086067,27.32582854363001,5.836339569875837,3.2895251259415255,6.699539919210804,-7.797323796790854,10.97172438949842,18.769048186289275,9.890727906478931,1.817163877595114,10.056270833566366,5.587687447377009,19.0152466408184,13.427559193441391,-1.2681064410157779,3.104321776214679,3.3533427555241597,-14.281843560542104,1.6023232823730575,15.88416684291516,-0.062174684250884786,0.5059577239594688,0.5097635822574453,-1.5573655740241092,1.1496448468147908,2.7070104208389,0.043038150979721364,0.5419170664933746,0.5436233893023164,-1.3640920366674496,1.3720043150169632,2.736096351684413,1.728490611823476,2.9686045779215777,3.435155445568489,0.12596060140581491,14.423729384274369,14.297768782868554,0.49999999937503503,0.348783448116665,2,3,1.3557341611629932,1.3465106454437048,Freestyle_1527873200322.csv,0,train,40.00000005,41.966666719125,40.9833333845625,0.0,0,0.03626773766039435,0,0.65
-2.055371663772104,2.515082144757543,3.248105735827501,-9.37711075948237,2.296888420997451,11.673999180479822,-0.6391966416646414,8.892495617099048,8.91543889255269,-27.567291245138833,11.96364539189456,39.53093663703339,3.253357537083598,7.039539295780692,7.754962847166915,-10.845258380352314,20.098273166675725,30.943531547028037,11.259020355223841,4.838300416422176,12.254578339498092,1.8967907650483118,29.380891440255567,27.484100675207255,-1.0021217852980528,8.269356174845706,8.329855918263398,-16.226165157783875,19.50585090223373,35.7320160600176,0.08062017285548766,1.1431032878770486,1.1459427293833524,-3.0969592923399483,2.904061392823233,6.001020685163182,0.34577044267463747,0.8819885583077764,0.9473441908901139,-1.3640920366674496,3.1780607103394853,4.542152747006935,6.397987451292905,5.537409317286024,8.461509639187772,0.21851432816600758,19.538972007093175,19.320457678927166,1.9999999975001401,0.6381261306218264,2,3,3.3471696757341833,2.925144503099048,Freestyle_1527873200322.csv,0,train,41.00000005125,42.966666720375,41.9833333858125,0.0,0,0.07564982709007476,0,0.65
-6.000122731362834,3.270529102182268,6.833581301165454,-10.11907855480713,2.296888420997451,12.415966975804581,-3.952703899768163,6.846122909191066,7.905268307084408,-27.567291245138833,11.96364539189456,39.53093663703339,2.091466691104912,5.93328536321526,6.2911134246129885,-10.845258380352314,20.098273166675725,30.943531547028037,11.333460732358038,4.507979187626703,12.197098365102132,1.8967907650483118,29.380891440255567,27.484100675207255,0.5906566100405443,7.6805112206934085,7.703189459060574,-16.226165157783875,19.50585090223373,35.7320160600176,0.15850340171436406,1.127133553950982,1.1382237815109977,-3.0969592923399483,2.904061392823233,6.001020685163182,0.247755042768511,0.8959386979337501,0.9295637211468886,-1.2068130340109042,3.1780607103394853,4.38487374435039,5.609691232707592,5.479975748517064,7.842115143929703,0.24437023143801115,19.538972007093175,19.294601775655163,0.49999999937503503,0.3757888772614211,2,2,3.4602101236585074,4.135806930447991,Freestyle_1527873200322.csv,0,train,42.0000000525,43.966666721625,42.9833333870625,0.0,0,0.058911418489785226,0,0.65
-8.513206767573392,0.6288542308479841,8.536401297450396,-10.11907855480713,-7.1575916729078255,2.9614868818993045,-4.205916354725248,0.7172722859389499,4.266639417049605,-5.3463734271597625,-1.0299650802536031,4.31640834690616,2.9804030541709774,0.6133089911126227,3.042852326993749,1.9686099557745185,5.170010470118394,3.201400514343876,10.002534640825676,0.5316108249536198,10.01665160171429,8.85206807907707,11.434504863710133,2.582436784633064,0.47018880964645127,0.9581668947436306,1.0673150026582583,-1.7459589176856178,4.872225876540083,6.6181847942257015,0.20281345250351393,0.3778143882072453,0.428808825064049,-0.3934902308813148,1.226620485716667,1.6201107165979818,-0.015847496032821547,0.400173650629759,0.40048732038462675,-0.7183438763788867,1.3552933894047132,2.0736372657836,0.8092488089930904,0.910244353063688,1.2179607617411439,0.16842352279011458,5.186453051328273,5.018029528538158,0.9999999987500701,0.4689202052743584,2,2,0.3571096354646377,0.476614179165443,Freestyle_1527873200322.csv,0,train,43.00000005375,44.966666722875,43.9833333883125,0.0,0,0.0,0,0.65
-8.76963207191938,0.6195436129400279,8.79148912102903,-10.966766628931298,-8.123239327770856,2.8435273011604423,-4.2636254268030145,0.4408402687676425,4.286355319224984,-5.021764093239749,-2.5737005798106427,2.4480635134291067,2.6951836620118943,0.27860321346317624,2.7095451135804796,1.9686099557745185,3.319510292419867,1.3509003366453487,10.137848927907289,0.47830609997889817,10.14912595302413,9.657089437305316,11.744425350012085,2.0873359127067683,0.11088253878729246,0.20116956194311642,0.229704440662998,-0.3086282362572733,0.6353795267464115,0.9440077630036848,0.06692147234183568,0.1400612935409266,0.15522773401926826,-0.1532587068377146,0.3473175449362619,0.5005762517739765,0.0799745939934752,0.16723378681643725,0.18537280042494578,-0.1330351279604388,0.5577355785834335,0.6907707065438723,0.3017042756480146,0.14211750301124446,0.33350090645520625,0.07630967157215028,0.6858282335616978,0.6095185619895475,0.49999999937503503,0.8061998686715312,3,2,0.17233343097446152,0.1610403067110123,Freestyle_1527873200322.csv,0,train,44.000000055,45.966666724125,44.9833333895625,0.0,0,0.0,0,0.65
-8.807210910804661,0.7808573252999458,8.841758998630944,-10.966766628931298,-7.653902264323688,3.31286436460761,-3.0311486584563805,1.0578316749152923,3.210431441740503,-4.523905304997616,-1.556309259854307,2.967596045143309,3.1917221674936473,0.6902234923887959,3.2655013189272695,2.3041617584338123,4.988923653123369,2.684761894689557,9.92107366129441,0.8481559426622483,9.9572622289414,8.31931919448642,11.744425350012085,3.4251061555256648,0.017352367702956624,0.23798080855188375,0.23861259376635374,-0.321976857745788,0.6739404506879436,0.9959173084337316,-0.11896718032936195,0.0933589531401886,0.15122527608488887,-0.3101628905977573,0.0377294171695444,0.34789230776730173,0.10415079417814174,0.16457422496291194,0.19476155536984394,-0.1913497508639152,0.5577355785834335,0.7490853294473487,0.3052582444885587,0.15669882466917837,0.3431284270953642,0.07630967157215028,0.7001507549511685,0.6238410833790182,1.499999998125105,0.5904323749455912,2,3,0.2033183842056171,0.14988387529220507,Freestyle_1527873200322.csv,0,train,45.00000005625,46.966666725375,45.983333390812504,0.0,0,0.0,0,0.65
-4.840815184041799,5.550946078676424,7.365221925673577,-10.30582045425774,8.30552511037672,18.611345564634462,-3.9296466134348633,3.1824437490097495,5.0566857448423,-11.351878733047595,3.893890861795785,15.245769594843381,4.297377974444405,1.833060804506418,4.67199843410265,-0.1523262423721995,9.259729286725127,9.412055529097326,10.019893759786775,1.116182398785141,10.081871557641058,7.820907398046957,12.523799556513305,4.702892158466348,-0.32913543844479803,1.3300267186908745,1.3701464189172865,-5.444587008521584,1.79530989210822,7.2398969006298035,-0.6565303681882318,0.8930886581304188,1.1084401091780138,-3.483271738852353,0.8239973587480712,4.307269097600424,-0.49538762946253917,0.907262880682498,1.0336995879310482,-2.716821378818739,0.8360490582080548,3.552870437026794,1.3730050697351963,1.5130540642940356,2.043153328312697,0.07665898217483855,6.592724270105501,6.516065287930663,0.49999999937503503,0.6112855447758831,0,1,0.0,3.5210011560218972,Freestyle_1527873200322.csv,0,train,46.0000000575,47.966666726625,46.983333392062505,0.0,0,0.004201834862385321,0,0.65
0.745436273735773,4.51659406839966,4.577695623007722,-8.9792569946893,8.30552511037672,17.28478210506602,-4.812324884520047,3.0722935396059188,5.709418393118089,-11.351878733047595,3.893890861795785,15.245769594843381,6.146717971988809,2.3207536350023688,6.570238904449893,-0.1523262423721995,10.008574978683091,10.16090122105529,9.708234818664234,1.5719324323270076,9.834673094014164,6.159630949906492,12.523799556513305,6.364168606606813,-0.2625459242173242,1.5929404301225194,1.6144316573463386,-5.444587008521584,2.871845766997159,8.316432775518743,-0.37633980336042433,1.0841464454828251,1.147608453631467,-3.483271738852353,0.9028904825736463,4.386162221425999,-0.555385289814253,0.8963785803338129,1.0544891556689067,-2.716821378818739,0.8360490582080548,3.552870437026794,1.783411612550329,1.3619049668506285,2.243956799609069,0.34566260848096614,6.592724270105501,6.247061661624535,0.49999999937503503,0.6459806532321165,1,2,1.0855888078321665,1.9851044872727985,Freestyle_1527873200322.csv,0,train,47.00000005875,48.966666727875,47.9833333933125,0.0,0,0.0,0,0.65
1.8140010100414519,1.0759451896758292,2.109089309540486,-0.2228987987581854,3.972111238738655,4.19501003749684,-5.782719542117574,2.530198910425636,6.312032305771855,-10.87673468505096,0.0975909763285452,10.974325661379506,6.741434888984963,2.366040584538448,7.144584831192554,-1.0082676320627224,10.008574978683091,11.016842610745814,9.652776173017232,1.4693584002764868,9.763969579778106,6.159630949906492,11.777136214766678,5.617505264860186,-0.3703582327684532,1.2739151055086153,1.3266593069143255,-4.01111501154854,2.871845766997159,6.8829607785457,0.18985666882717325,0.3760799815850087,0.4212857785958736,-0.8420417999035542,0.9028904825736463,1.7449322824772007,-0.14931462121008726,0.4980448182476457,0.519945667440784,-1.3164422075409807,0.4608379518918273,1.777280159432808,1.184415170761276,0.8972239543338718,1.4858836162230111,0.20004276909827443,4.227141099988793,4.027098330890518,0.49999999937503503,0.370176692333798,2,2,0.5741022543792454,0.7856023813701083,Freestyle_1527873200322.csv,0,train,48.00000006,49.966666729125,48.9833333945625,0.0,0,0.0,0,0.65
1.4455073007141575,1.0633401644302074,1.79448701909721,-0.2228987987581854,3.7825862836066406,4.005485082364826,-8.471070216632814,1.2098950797820673,8.55703667861745,-10.87673468505096,-6.351565525627258,4.525169159423703,3.8918005220289262,3.0701737430606033,4.957023110279333,-1.0082676320627224,8.939107725044924,9.947375357107646,10.013766543059173,0.8600105335778573,10.050628761264448,7.888544063291636,11.777136214766678,3.8885921514750414,-0.37268089821366934,1.0184950583693377,1.0845382592680204,-4.01111501154854,1.650573199771698,5.661688211320238,-0.07042849444867313,0.2814685493859875,0.29014602724104094,-0.8420417999035542,0.5602315051709342,1.4022733050744884,0.1053772951172127,0.59058308188481,0.5999106191215325,-1.3164422075409807,0.9784893011241106,2.2949315086650914,0.9738733667035605,0.8196776009505928,1.2729103282928642,0.20004276909827443,4.227141099988793,4.027098330890518,0.9999999987500701,0.4454709770053148,1,2,0.4840586382419186,0.6135003711390752,Freestyle_1527873200322.csv,0,train,49.00000006125,50.966666730375,49.9833333958125,0.0,0,0.0,0,0.65
2.2645405095215327,1.420996233580953,2.67345731499781,0.4018335574813033,5.357073300075719,4.955239742594415,-9.357642357603684,0.8661033735656501,9.39763829621679,-11.405072970273434,-7.254164828110308,4.150908142163126,0.572531512640552,1.4838996148743424,1.5905189090327412,-2.2216818243715464,2.651823769030507,4.8735055934020535,9.874629592083748,0.696003147098022,9.899127737413355,7.888544063291636,11.625668852008893,3.7371247887172565,-0.005174575253003705,0.5819152205382282,0.5819382270680485,-1.2632755658096886,1.650573199771698,2.9138487655813865,-0.08808799803675678,0.10879398993213245,0.13998438357001328,-0.3387780744759504,0.1452805637659682,0.4840586382419186,-0.057900215106657583,0.5544192110312233,0.5574343875918325,-0.9190216173279624,0.9784893011241106,1.897510918452073,0.7445597843436452,0.33854327902737363,0.8179124795700708,0.33478251532887604,1.7139196083237407,1.3791370929948648,0.49999999937503503,0.5448017595487775,3,2,0.21180920578634269,0.28571531142435475,Freestyle_1527873200322.csv,0,train,50.0000000625,51.966666731625,50.983333397062495,0.0,0,0.0,0,0.65
2.7936619076785703,1.924781997729862,3.3925407283036746,-1.8180188526697303,6.192798655901892,8.010817508571622,-8.921625794568389,1.506910304977329,9.04799345079089,-11.520358368989635,-4.222082609178421,7.298275759811214,-0.9420225371685409,2.333911731528403,2.516853279613129,-7.92663719642936,2.356581730060624,10.283218926489985,9.900939476350695,1.2967135364041855,9.985492902699068,5.576164900018331,12.613432751286767,7.037267851268436,-0.23082433561823154,1.417599109540265,1.4362684669945764,-3.8701916572203334,3.584689790503151,7.454881447723484,-0.23082372742552096,0.48323969469218697,0.5355372962444439,-1.864459450494287,0.4438613302121346,2.3083207807064214,-0.03130921537480347,0.7999793812491441,0.800591829455653,-0.9190216173279624,1.7154410170638912,2.634462634391854,1.395041996974767,1.0219943292501985,1.729339348520963,0.33478251532887604,4.1247882133085945,3.7900056979797183,1.9999999975001401,0.40472556608427335,1,1,1.5392510179548595,1.9713066746490884,Freestyle_1527873200322.csv,0,train,51.00000006375,52.966666732875,51.983333398312496,0.0,0,0.0,0,0.65
2.3362665101126425,2.5602501470795085,3.465980672464079,-3.979417878868925,6.192798655901892,10.172216534770817,-8.235996528621119,1.6307457839836237,8.395890103582792,-11.520358368989635,-4.178115309266866,7.342243059722769,-2.961861314185187,3.042400989758387,4.246036531513786,-9.586139911491406,2.356581730060624,11.94272164155203,9.878350359391034,1.7178512908289443,10.026605551246327,5.576164900018331,14.401178649639702,8.82501374962137,-0.06073138388349006,1.497427893851829,1.4986589332713194,-3.8701916572203334,3.584689790503151,7.454881447723484,0.3646261960480793,1.1109473936897778,1.1692546234206658,-1.864459450494287,2.1468031289607317,4.0112625794550185,0.153723345585531,0.6911276722684415,0.7080171794195412,-0.9021008579302776,1.7154410170638912,2.617541874994169,1.8186351900228124,0.898325856595715,2.0284041261587236,0.4352116361018954,4.1247882133085945,3.689576577206699,0.49999999937503503,0.5441389827834321,2,2,1.5261420341623513,1.6621320000416144,Freestyle_1527873200322.csv,0,train,52.000000065,53.966666734125,52.9833333995625,0.0,0,0.0,0,0.65
1.9557276937655392,2.8511362518885797,3.4574338372548414,-4.211996945246905,5.582297099093031,9.794294044339935,-8.16003630882075,1.4877600175317816,8.294553781309705,-11.069647004717703,-4.178115309266866,6.891531695450837,-1.2592696194267912,3.811833643513464,4.014453350112867,-9.586139911491406,5.31409829123705,14.900238202728456,9.745244897611748,1.3782266707035244,9.842220626985878,5.920028611602664,14.401178649639702,8.481150038037038,-0.0003700185721734646,0.915204630350056,0.9152047051495782,-1.5256123261416037,2.738933504149041,4.264545830290645,0.7242907278279069,0.8962593566925299,1.1523358420514338,-0.6041135027491088,2.1468031289607317,2.7509166317098406,0.38073277526918675,0.7825812584329396,0.8702820647437589,-0.6018345551399968,1.9954896200189505,2.5973241751589473,1.5836645186201568,0.6441079955120572,1.7096398502079242,0.4352116361018954,3.2502303808575506,2.815018744755655,0.49999999937503503,0.7582933445438909,1,1,2.4801165195375563,1.5130330503698428,Freestyle_1527873200322.csv,0,train,53.00000006625,54.966666735375,53.9833334008125,0.0,0,0.0,0,0.65
-2.517498077694756,5.190273153313071,5.768598788024628,-8.685383983089757,5.2616656464504095,13.947049629540167,-7.348802669932746,1.5982642298256338,7.520595005047856,-10.21726509508864,-5.132430707773049,5.084834387315591,1.7170254773712192,1.3582012358855373,2.189266335351381,-1.8073268623947676,5.31409829123705,7.121425153631818,9.703895614789404,0.680718878483531,9.727742199208038,7.42004453502622,10.71572727174822,3.295682736722,0.1151221245201235,0.7928303768904433,0.8011448745852833,-1.5256123261416037,2.738933504149041,4.264545830290645,0.20307839510958064,0.48266517978999013,0.5236473148427159,-0.3333133905768248,1.7610609633105891,2.0943743538874138,0.7396575968211907,0.7683548743190101,1.0665189043917978,-0.6018345551399968,1.9954896200189505,2.5973241751589473,1.251429395613031,0.6981594815204762,1.4330046035659956,0.0705488379965252,3.2502303808575506,3.1796815428610254,0.49999999937503503,0.6593920495036697,0,1,0.0,0.8417174350706795,Freestyle_1527873200322.csv,0,train,54.0000000675,55.966666736625,54.9833334020625,0.0,0,0.0,0,0.65
-7.586624274808655,0.9879394961648227,7.650679207442852,-8.732429155579094,-4.633749859684769,4.098679295894326,-6.364424367283291,1.0013212920979062,6.442712305921936,-9.659490947686454,-4.940357301929317,4.719133645757137,0.614981430914023,1.05593967284564,1.2219700295254448,-1.674362022503509,2.2643523602484676,3.938714382751977,10.066025939824234,0.45800297370258314,10.07644009286686,9.056425603975036,11.079192290471985,2.022766686496949,0.2770653696861626,0.5823918737585454,0.6449383797691989,-0.9929053924755608,1.8761755407399032,2.869080933215464,0.173276050978341,0.37424178376679335,0.4124093870895763,-0.441630730655001,0.8382922588883384,1.2799229895433393,0.2525006385729899,0.6361562865474141,0.6844350907088,-0.4466456983838684,1.532813651491954,1.9794593498758224,0.8994898057354667,0.4953751094175552,1.0268779916097543,0.0705488379965252,2.051100555927616,1.9805517179310907,0.49999999937503503,0.7300371152064832,2,1,0.6736164019023468,0.21711566706750252,Freestyle_1527873200322.csv,0,train,55.00000006875,56.966666737875,55.9833334033125,0.0,0,0.0,0,0.65
-8.046039446689667,0.6221828475396967,8.07005962019233,-9.51146393446704,-6.894066610682632,2.6173973237844077,-5.315900565395228,1.4058680206693626,5.498660174325205,-7.209573959146168,-1.1555987958721905,6.053975163273977,1.3518879760315008,1.8220086970374538,2.2687698851621483,-1.674362022503509,4.273267925682,5.947629948185509,10.013711354578849,0.483764080070214,10.025389906531693,8.979901754871435,11.079192290471985,2.0992905356005505,0.202240754525343,0.8870823274640747,0.9098441506599136,-1.2867973091610183,2.2363646308405696,3.5231619400015877,0.043012888843141715,0.42672094105294195,0.42888328265361536,-0.6848688592770067,0.8382922588883384,1.523161118165345,0.08184887765980324,0.33991711736034463,0.34963250056128325,-0.4466456983838684,0.7846222162154352,1.2312679145993035,0.9497386141461565,0.4816603563490297,1.064894423911843,0.2741107264665042,2.3490300672420354,2.0749193407755313,0.9999999987500701,0.6352448610453791,2,2,0.49308983404399254,0.4524283917100509,Freestyle_1527873200322.csv,0,train,56.00000007,57.966666739125,56.9833334045625,0.0,0,0.0,0,0.65
-8.24097305255947,0.4469001673909167,8.253081643399959,-9.51146393446704,-6.955082538911078,2.5563813955559613,-4.110279153952039,1.0962887304363846,4.253967995165749,-7.196411066700758,-1.1555987958721905,6.040812270828567,3.3521494408946024,0.9614974975074893,3.487317495124749,-0.0606689349459924,4.365886705050736,4.426555639996728,9.911840517523713,0.35552944111320883,9.91821473997831,8.979901754871435,10.813016698396362,1.8331149435249277,0.002814030005818634,0.7796758815951114,0.7796809598200972,-1.2867973091610183,2.2363646308405696,3.5231619400015877,-0.20103407382447339,0.2081261920151989,0.2893634576811856,-0.6848688592770067,0.2296778768311819,0.9145467361081886,0.21799632590193285,0.19833999608010422,0.29472216094450293,-0.1045136828559447,0.7846222162154352,0.8891358990713798,0.7375924618337871,0.4842025631334163,0.8823235018398845,0.17215613622325662,2.3490300672420354,2.176873931018779,0.9999999987500701,0.5829426019483214,2,3,0.45113276202906827,0.3522019010826991,Freestyle_1527873200322.csv,0,train,57.00000007125,58.966666740375,57.9833334058125,0.0,0,0.0,0,0.65
-7.254555487653756,2.1703527884865874,7.572252409286072,-8.832484586601478,1.2098798807629925,10.04236446736447,-4.04945010411517,1.6779147967560621,4.383314295244102,-11.92854495233405,-1.5041297037312988,10.424415248602752,4.928050467462277,1.632138426479009,5.191296297943756,2.749252795110484,9.509359807181324,6.76010701207084,10.15571663593928,0.6028495868628275,10.173593662707125,8.970623476790525,12.34495136388949,3.374327887098964,-0.5673774328179813,1.2126241166479887,1.3387958767293235,-5.242977588958948,0.9773622083976534,6.220339797356601,-0.6062877062846671,0.5697300706704425,0.8319718361928307,-1.8900942083830163,-0.1066465425757138,1.7834476658073026,-0.02691587520363594,0.5743864137323627,0.5750167098600724,-2.5509224134719135,0.3171466274534102,2.8680690409253238,1.0607773158014195,1.2999797070204389,1.6778545087056298,0.17215613622325662,5.854160081196836,5.682003944973579,0.49999999937503503,0.6121461187849927,2,1,0.33030000418358957,1.1253639498789354,Freestyle_1527873200322.csv,0,train,58.0000000725,59.966666741625,58.9833334070625,0.0,0,0.0,0,0.65
-0.28860756122819303,6.322887281269072,6.329470585762469,-8.644069748646974,8.353995546555177,16.998065295202153,-3.1333538195929194,4.644149776409087,5.602323919988749,-11.92854495233405,5.696845551426784,17.625390503760833,4.863890621104725,1.7862160165195882,5.18150553717176,1.6710643906751754,9.509359807181324,7.838295416506149,9.861240262739537,1.025754021574685,9.914445563532638,8.125648069505191,12.34495136388949,4.219303294384298,-0.0004692838722692471,1.960959665188681,1.9609597213416332,-5.242977588958948,5.449836213473305,10.692813802432253,-0.4318015694364167,0.722500160928153,0.8417001116246566,-1.8900942083830163,0.6506936162894494,2.5407878246724658,-0.9316518691793433,1.038947631596568,1.3954882251547238,-2.9790247777019263,0.2365438906304082,3.2155686683323346,2.0052834264352817,1.5748167743717594,2.549746946890749,0.251605923619278,5.854160081196836,5.602554157577558,0.49999999937503503,0.566179057561153,1,2,1.2807229824898867,1.2401167525315868,Freestyle_1527873200322.csv,0,train,59.00000007375,60.966666742875,59.983333408312504,0.0,0,0.0,0,0.65
5.88373375198098,1.54703489987451,6.083719244477832,0.9677084305339804,8.353995546555177,7.386287116021197,1.1053585104384964,5.265670168142977,5.3804367625936935,-11.90561018373836,7.094472058371032,19.000082242109393,4.714955113765441,1.478232750430807,4.9412522491033695,1.6710643906751754,7.743389272991539,6.072324882316364,9.457375990885254,0.9668261261446767,9.506666786585544,7.569116997244433,12.193722067873217,4.6246050706287845,0.3108303052809465,1.55517123494923,1.585929711145661,-2.3666995181892156,5.449836213473305,7.816535731662521,0.051150317831916856,0.29295224742138243,0.297384219963913,-0.6300293662004371,0.6506936162894494,1.2807229824898867,-0.8198197571799837,1.0030921009807554,1.2954914887071367,-2.9790247777019263,0.5394980082374905,3.5185227859394166,1.5593730784858562,1.3602441774858955,2.0692773183627993,0.12030813155999384,5.721020289475729,5.600712157915735,0.9999999987500701,0.5728858881540796,2,4,0.9519051385326956,0.6140892805405869,Freestyle_1527873200322.csv,0,train,60.000000075,61.966666744125,60.983333409562505,0.0,0,0.0,0,0.65
6.286579902781877,0.5586990325278799,6.311357340779286,4.316194594001313,7.410050958542535,3.093856364541222,3.3445446355838757,1.405249048753575,3.627768419901649,0.9207401098596076,7.094472058371032,6.173731948511424,6.122583825123498,0.8855903715453135,6.1862996210851,2.93212343287074,7.743389272991539,4.811265840120799,9.52907756594086,0.6789101086039065,9.553231819299787,7.569116997244433,11.445574744466889,3.8764577472224557,-0.3482316350872355,0.6152670822727652,0.70697868016226,-2.3666995181892156,2.022586894760177,4.389286412949392,-0.005991453799223821,0.1896280485501158,0.18972267738874368,-0.4501013110629838,0.6098229456125714,1.0599242566755551,-0.03171831816447027,0.2121760692976879,0.2145337644516588,-0.4713206447129411,0.5394980082374905,1.0108186529504315,0.6000127726666353,0.4709808459441007,0.7627832487734141,0.0536836652799687,2.45902511899219,2.405341453712221,1.499999998125105,0.5278761449073687,3,3,0.4387004752756858,0.38853414523570606,Freestyle_1527873200322.csv,0,train,61.00000007625,62.966666745375,61.9833334108125,0.0,0,0.0,0,0.65
6.632888371892146,0.35058944843948053,6.64214732713293,5.839693167544658,7.257492789320364,1.417799621775706,0.9490193731093551,1.7844236063349492,2.021090145783285,-1.8319059291382636,4.143700967197185,5.975606896335449,6.636772028821846,0.34787957009421117,6.645883173652767,5.817983223890506,7.476910633252488,1.658927409361982,9.606468418282935,0.29403091520274754,9.610967154795734,8.948942118013889,10.218739061553281,1.2697969435393919,-0.23788985310461397,0.3805047716441846,0.4487487754346834,-0.8964887987400912,0.6165407615713786,1.5130295603114698,-0.054430113139174556,0.07140373362909866,0.0897837980513111,-0.1896716677022136,0.1039435869710126,0.2936152546732262,0.006721664846701816,0.11785149673530942,0.11804302631271378,-0.2576392561796215,0.2810104178557788,0.5386496740354003,0.4306959193387908,0.1946067187242629,0.47262114839235725,0.0536836652799687,0.9320447862338287,0.87836112095386,1.499999998125105,0.44338746615540126,3,3,0.19243098702485814,0.1597943244649667,Freestyle_1527873200322.csv,0,train,62.0000000775,63.966666746625,62.9833334120625,0.0,0,0.0,0,0.65
7.115159738082394,0.4364634756057642,7.128534103444169,6.049918637285724,8.323203051663008,2.273284414377284,0.12419054937558727,1.0499337963378974,1.0572531717837121,-1.8319059291382636,2.1519748852714637,3.9838808144097273,6.459660664910606,0.5752920452120253,6.4852275860664745,4.949591212936186,7.547532240148331,2.597941027212145,9.68862641156721,0.34996833195750043,9.694945052773164,8.902197873437487,10.776667998706362,1.874470125268875,0.10891804495194254,0.40803198617530145,0.4223188869306165,-0.8964887987400912,0.8562789510117025,1.7527677497517937,-0.08379069986621336,0.07460621926019935,0.11219166339960732,-0.3210619302647883,0.0398312096063328,0.3608931398711211,-0.011113049977053348,0.14839425757995167,0.14880979659450358,-0.3967191047998073,0.2810104178557788,0.6777295226555862,0.4109245126893622,0.21029886359225386,0.46161083951439347,0.06510096419968119,0.9320447862338287,0.8669438220341475,1.9999999975001401,0.8497410086652922,3,3,0.18727783640049758,0.2102296544918307,Freestyle_1527873200322.csv,0,train,63.00000007875,64.966666747875,63.983333413312494,0.0,0,0.0,0,0.65
7.137209204002498,0.6528093961662207,7.167001836850671,3.795737415403476,8.323203051663008,4.527465636259532,1.8622443646624192,1.2679034098974153,2.25289438956788,-0.4040644043653066,4.5724063892566535,4.97647079362196,5.625572095478791,0.7607271787200485,5.676774369470132,3.339972353206171,7.547532240148331,4.20755988694216,9.389332977630826,0.7124899557288994,9.41632708129026,6.771430935398636,10.776667998706362,4.005237063307725,0.2473336045221955,0.42554406431760233,0.49220083563712647,-0.9836918629863286,1.838374474834764,2.8220663378210924,-0.07817514771658049,0.12644705794705485,0.14866140112340873,-0.6967320514757457,0.1076617688266631,0.8043938203024088,-0.05687730778157233,0.1510557346825686,0.16140899330883104,-0.3967191047998073,0.3597608771908437,0.756479981990651,0.438903656684369,0.312695247894688,0.5389014176144193,0.06510096419968119,1.8942430555793701,1.829142091379689,0.9999999987500701,0.4139530655542853,3,2,0.26466807225746514,0.2660403440992651,Freestyle_1527873200322.csv,0,train,64.00000008,65.966666749125,64.98333341456251,0.0,0,0.0,0,0.65
7.217658376605275,1.1056661831215673,7.30185525396655,3.795737415403476,10.091830324295966,6.29609290889249,-0.7896675136385247,4.38729599732105,4.457795525840699,-7.653575029460542,4.763947838644079,12.41752286810462,4.107659295315865,1.2178426378838658,4.284390922528284,1.6497474090325084,6.2256644912829024,4.575917082250394,9.515764196978363,0.9976314071999386,9.56791705007558,6.723986287617392,11.270262928419818,4.546276640802426,0.1764980552082979,0.8596878259842516,0.8776187792189957,-2.7029200174543826,1.838374474834764,4.541294492289147,-0.39822959330608754,0.3953757578439373,0.5611673537149141,-1.3323897832569291,0.1076617688266631,1.4400515520835921,0.7179050896454126,0.9139302996272449,1.162177400535535,-0.3680363387507434,2.8721628421549275,3.240199180905671,1.2349448140145998,0.9543013869670416,1.560698507344956,0.11346931427962524,3.237678158061633,3.1242088437820077,0.49999999937503503,0.7578072554407964,2,2,0.5381030613517538,0.9915863831458682,Freestyle_1527873200322.csv,0,train,65.00000008125,66.966666750375,65.9833334158125,0.0,0,0.0,0,0.65
6.025254423588875,1.7646600970599624,6.278352978857831,4.010154664594434,10.091830324295966,6.081675659701532,-6.2194349712213945,2.981270955391458,6.897053564436946,-8.786656672701984,4.763947838644079,13.550604511346062,3.169568432348861,0.56643069249038,3.219783809006057,1.6497474090325084,4.963516443886856,3.313769034854348,9.839495840821785,0.7337529373254529,9.866816699147854,6.723986287617392,11.270262928419818,4.546276640802426,0.15527433321902798,0.784666959697498,0.7998827140259557,-2.7029200174543826,1.6792697302257833,4.382189747680166,-0.39414321023801774,0.38624904161753815,0.5518488854090374,-1.3323897832569291,0.0343299190275166,1.3667197022844457,0.8100446361690445,0.8451770149335791,1.170682065788263,-0.1302601485013792,2.8721628421549275,3.0024229906563065,1.1446913435450479,1.002261331038983,1.5214618127587036,0.08294807163996741,3.237678158061633,3.1547300864216656,0.49999999937503503,0.8191125186632965,2,2,0.5413310169861543,0.5381111013120288,Freestyle_1527873200322.csv,0,train,66.0000000825,67.966666751625,66.9833334170625,0.0,0,0.0,0,0.65
4.386728195071882,0.5264216127193306,4.418201440832754,3.0717440559853695,5.515021617138629,2.4432775611532596,-7.895188761529783,0.41784278572892963,7.906237927976358,-8.786656672701984,-7.1642480683982255,1.6224086043037582,3.5524947837245473,0.6836724038907008,3.6176825654321587,2.7808067706441215,5.229602046541996,2.4487952758978744,9.748413830296398,0.29181686563025705,9.752780592722278,9.124774722627262,10.303779943690833,1.179005221063571,0.0002234740776485405,0.27274228902020414,0.2727423805730308,-0.7029224399857302,0.6006477487112568,1.303570188696987,0.28652868964130407,0.4041868732252138,0.49544497017846273,-0.1961194610705725,0.9742866981356268,1.1704061592061994,-0.05350360853417934,0.27060363278537775,0.27584227776543296,-0.4907708062385809,0.6320141742567915,1.1227849804953725,0.5313973893338347,0.3369865003939904,0.6292400868020124,0.08294807163996741,1.1269934617090092,1.0440453900690418,0.49999999937503503,0.8733312186561235,1,1,0.611204626910502,0.23044938009808907,Freestyle_1527873200322.csv,0,train,67.00000008375,68.966666752875,67.9833334183125,0.0,0,0.0,0,0.65
3.1617606668704643,1.258401303110403,3.4029846244494153,1.1423172882613994,5.2195385998050785,4.0772213115436795,-7.252499974523202,0.9230345483786562,7.311001891530301,-8.776638467550173,-5.0976297246439355,3.6790087429062375,5.19687317172712,1.6643907045719102,5.456893546742732,2.7808067706441215,8.268910566730202,5.488103796086081,9.73397292993554,0.24189086787918043,9.736977980496885,9.370868083503604,10.280534059541147,0.9096659760375427,0.1434204119078209,0.46611012973655813,0.4876761913348242,-0.7029224399857302,1.227713767963362,1.9306362079490924,0.35021305833807637,0.3777220200985949,0.5150952442974719,-0.3627727999296399,0.9742866981356268,1.3370594980652668,0.05966941895097005,0.40084430781637775,0.405261148726025,-0.4907708062385809,1.0617405223600611,1.552511328598642,0.7200847007559583,0.38583131119266595,0.816938049646024,0.12493411510788782,1.4649027584266738,1.339968643318786,0.49999999937503503,0.7565137439659587,1,1,0.923709289050072,0.2082132001911284,Freestyle_1527873200322.csv,0,train,68.000000085,69.966666754125,68.9833334195625,0.0,0,0.0,0,0.65
0.7300088526399612,2.2091843383827556,2.3266732400335823,-5.851598959448478,3.023994799522056,8.875593758970535,-5.351975714311353,1.8993268483278154,5.679004008042026,-7.787764796510333,-1.481760493953155,6.306004302557178,6.959736998251591,1.871698351522306,7.207023921420227,3.4610446624119646,10.257072430626405,6.79602776821444,9.43726609733584,0.7373583262191598,9.466028137142269,6.879068060288344,10.499118328932136,3.6200502686437916,-0.057893453060963704,1.1451977207073805,1.1466601377133077,-2.8719846598921337,1.5950065884575575,4.466991248349691,0.1985956677159784,0.5022205002241679,0.5400608022074632,-0.5263672024899709,1.462591190892205,1.988958393382176,0.9111042153554731,0.7636351534381178,1.1888017239241244,0.0688914142025319,3.0484968505247276,2.9796054363221955,1.4374581888134677,0.9764520652442423,1.737741258158602,0.15303731168642484,3.463811966990992,3.310774655304567,0.49999999937503503,0.5138866268568938,2,2,0.7298163593747921,0.673277060323242,Freestyle_1527873200322.csv,0,train,69.00000008625,70.966666755375,69.9833334208125,0.0,0,0.0,0,0.65
-2.386996145026998,5.013442976102974,5.552689534901982,-10.899728939801712,8.969620535699155,19.86934947550087,-5.456428689737352,3.6967486825942197,6.590793948262302,-14.641372112739582,-0.3316746884358538,14.309697424303728,5.584373487172375,3.3176962148679943,6.495562748398568,-1.0714414309090976,10.257072430626405,11.328513861535502,10.468542710720516,2.621616843031137,10.791814553532882,6.879068060288344,17.25315161086363,10.374083550575286,-0.01805147626392783,2.0831023907363986,2.083180603329199,-3.763669883689458,6.642492017943577,10.406161901633036,-0.058867021228941385,0.7222473661036674,0.7246423835465695,-1.3941654495284974,1.462591190892205,2.856756640420702,0.2922750007441587,1.5120455363145704,1.5400345385571113,-2.8259716886009856,3.0484968505247276,5.874468539125713,2.376185527879373,1.2610300262739573,2.6900658709533256,0.3304586109124233,6.8019120090194445,6.4714533981070215,0.49999999937503503,0.5478506873333946,2,2,1.5042731889785215,1.3241162245583094,Freestyle_1527873200322.csv,0,train,70.0000000875,71.966666756625,70.9833334220625,0.0,0,0.0,0,0.65
-2.469304411753894,4.704188277334232,5.312894844293086,-10.899728939801712,8.969620535699155,19.86934947550087,-5.276174809609674,3.6265999403650535,6.402362669281981,-14.641372112739582,-0.3316746884358538,14.309697424303728,6.5537742011754165,3.609100466690542,7.4818154520583,-1.0714414309090976,10.048718029465444,11.120159460374541,10.93688262327564,2.362045791021264,11.1890420427394,7.213427585903726,17.25315161086363,10.039724024959902,0.29616791500690515,1.7987195908121312,1.8229392749762396,-3.763669883689458,6.642492017943577,10.406161901633036,-0.20001528013805162,0.479152462724285,0.5192236462483683,-1.3941654495284974,0.5881479037628521,1.9823133532913495,-0.40284021022275385,0.9605435910303969,1.0415969591170489,-2.8259716886009856,1.2863079217142148,4.1122796103152,1.4708721699029668,1.585610317865386,2.1627817782467633,0.1129831800437212,6.8019120090194445,6.688928828975723,0.49999999937503503,0.634279068061587,2,3,0.6302405413952725,0.7051937115286672,Freestyle_1527873200322.csv,0,train,71.00000008875,72.966666757875,71.9833334233125,0.0,0,0.0,0,0.65
-0.07915968141910265,1.2091674190877195,1.2117557932791698,-2.206991402914204,3.5129508524206345,5.719942255334839,-3.490528488615522,1.2769495984429098,3.7167713686478043,-6.229322392262874,-0.953776004241128,5.275546388021747,9.082181833624192,0.9433661075901146,9.131044106342003,6.528080528327206,10.238465208716397,3.7103846803891907,9.905195372541623,0.7387913190398803,9.932708995098404,7.128831199350582,11.015222849259557,3.8863916499089743,-0.0886130778098221,0.5608631197253392,0.5678201446118037,-1.5070006881153524,1.0486736747398862,2.5556743628552385,-0.10506766062871782,0.22192938574028157,0.24554401960758504,-0.5172667540795655,0.322678850931034,0.8399456050105994,0.020623412470519072,0.09272195605706375,0.0949878217298261,-0.1338628437284017,0.2620768680992287,0.39593971182763044,0.5232922900621918,0.3433648899210051,0.6258867856641464,0.1129831800437212,1.5635556864094209,1.4505725063656998,0.49999999937503503,0.7246823226833073,3,2,0.4062499619792231,0.31132256046570767,Freestyle_1527873200322.csv,0,train,72.00000009,73.966666759125,72.9833334245625,0.05,0,0.0,0,0.65
-4.663843787100082,8.084997057609813,9.333735387937208,-24.200277589104132,3.5129508524206345,27.713228441524766,-0.9471568012192793,7.2374739927294485,7.299187338432348,-26.091123784636515,17.07366938366507,43.164793168301586,7.144174006477789,3.32381776656646,7.879529603991328,-3.422371023308153,13.99003542526762,17.412406448575773,12.527500678808158,6.748738075833089,14.229678101550231,4.082613542149702,35.01790098106879,30.93528743891909,-0.13384378551530257,2.5149986289773807,2.518557575811832,-7.479689739668068,5.31642735235331,12.796117092021378,1.165432968077668,1.8250775688444802,2.165442711175154,-0.5172667540795655,5.608061405490568,6.125328159570134,0.06230361831953943,1.3524255462467256,1.3538598889827782,-4.274798906880954,4.479369994566173,8.754168901447127,2.6678334233316727,2.3974727990973426,3.586810699919531,0.1176429976973851,8.642204402105826,8.524561404408441,0.49999999937503503,0.8917333543157369,1,1,4.060567085925498,3.200548605291444,Freestyle_1527873200322.csv,0,train,73.00000009125,74.966666760375,73.9833334258125,0.55,0,0.1709502361320579,0,0.65
-8.984846246337442,8.045297922683824,12.060442808415646,-24.23438749858666,3.6469761518611383,27.8813636504478,0.9897126715821949,8.013451273892484,8.074337898016124,-26.091123784636515,22.32156595954468,48.41268974418119,5.475172442879869,9.876055074569217,11.292208690738738,-12.515490460078494,63.87967941466874,76.39516987474724,15.621947770663686,9.701440006115353,18.389213967475598,4.082613542149702,68.61828076402192,64.53566722187222,-0.35107832859390237,2.892620266302397,2.9138476277649863,-7.479689739668068,5.31642735235331,12.796117092021378,-0.03909905712562422,3.8314483641233155,3.831647857412179,-9.716797425656676,5.608061405490568,15.324858831147244,-0.44874118778896593,1.867058281491288,1.9202279239984645,-4.988741820288122,4.479369994566173,9.468111814854295,4.427983787270225,2.693003557520572,5.182596702536908,0.13450427121088104,10.270283455290759,10.135779184079878,0.49999999937503503,0.5544688031697823,2,1,5.044033043604283,11.120598223314227,Freestyle_1527873200322.csv,0,train,74.0000000925,75.966666761625,74.9833334270625,1.0,1,0.9949229528237611,1,0.65
-10.365244870033559,8.0740293419349,13.138807062674399,-27.29150212524013,3.6469761518611383,30.938478277101268,1.1108845028393999,8.178460139803141,8.253561330540748,-28.50242495580676,22.32156595954468,50.823990915351445,5.08388470129847,10.047202020757165,11.260202134153873,-12.515490460078494,63.87967941466874,76.39516987474724,16.601782172460748,9.587622565962226,19.171376522544843,5.7548133664079995,68.61828076402192,62.86346739761392,-0.7627836001288945,2.34060865229154,2.4617651561039726,-6.295442475912519,3.108823884855522,9.404266360768041,-0.23929875780234997,3.8719140871800586,3.87930181785191,-9.716797425656676,5.663491304361459,15.380288730018135,-0.5504358384527226,1.6907264002576676,1.7780706883533635,-4.988741820288122,3.6251936638480746,8.613935484136196,4.11418715370894,2.7100313125191904,4.926540941733678,0.13450427121088104,10.270283455290759,10.135779184079878,0.49999999937503503,0.7103119065046883,2,1,7.501024854883157,11.984661601352332,Freestyle_1527873200322.csv,0,train,75.00000009375,76.966666762875,75.9833334283125,1.0,1,0.99648234650681,1,0.65
-9.100996209059725,7.9956038001847025,12.1143638762771,-27.29150212524013,1.234621074347502,28.52612319958763,0.89168476597475,8.679554584726692,8.725237504568089,-28.50242495580676,16.737056967733455,45.23948192354021,4.6540899543217,6.946376679185969,8.361381600672035,-10.097128507554611,23.840739712825695,33.93786822038031,15.450573089065303,7.3539156324693415,17.1114080048962,3.3463277311761717,39.12214314818153,35.775815417005354,-0.23369207612123388,2.671686225832604,2.6818872600736814,-6.295442475912519,5.29862018486252,11.594062660775037,0.013990056384228922,3.6712276458148927,3.671254301880108,-8.480785127171101,5.663491304361459,14.14427643153256,-0.6651829630482584,1.9504445992963524,2.060752898640196,-6.158314394042711,3.6251936638480746,9.783508057890785,4.346595915090001,2.4544722212719385,4.991726147744154,1.232030662739486,9.595198732200636,8.36316806946115,0.49999999937503503,0.5559064071289169,1,1,5.566243428745358,10.637025106805357,Freestyle_1527873200322.csv,0,train,76.000000095,77.966666764125,76.98333342956249,1.0,1,0.9915540405022027,1,0.65
-9.25401753278666,7.458628875873786,11.88562094318766,-25.17192323765516,1.234621074347502,26.406544312002662,0.4830741215320836,8.861821722730488,8.874978583205255,-25.621307331557777,17.263430912529888,42.884738244087664,4.163205766967251,7.034089380680034,8.173780990062372,-10.097128507554611,23.840739712825695,33.93786822038031,15.504754760813515,6.815167315483072,16.936467333272255,3.3463277311761717,35.0688862652161,31.72255853403993,-0.5408653623989045,2.870612772992667,2.9211218791265026,-7.525534642627065,5.29862018486252,12.824154827489584,-0.18223337716243185,3.8049681887574835,3.8093295894695727,-8.480785127171101,5.8536018100097165,14.334386937180817,-0.7268748856358461,1.9680512057679012,2.097992528083123,-6.158314394042711,3.81296096927499,9.971275363317702,4.648414224395055,2.4161462704592855,5.2388469725515545,1.232030662739486,9.595198732200636,8.36316806946115,0.49999999937503503,0.6677829920406587,1,0,12.828751586439704,0.0,Freestyle_1527873200322.csv,0,train,77.00000009625,78.966666765375,77.98333343081251,1.0,1,0.9915250268307885,1,0.65
-8.990401105002938,7.220534681716739,11.530977110319501,-25.17192323765516,1.5614705839690244,26.733393821624187,0.62734246931502,8.240291176820678,8.26413681231107,-25.621307331557777,17.634353529297965,43.25566086085574,5.1229112155624685,9.392064404942245,10.6983687125243,-15.372905564766054,54.3626236049927,69.73552916975875,15.567689809650327,8.565133826796599,17.768356240249858,5.155782297105026,60.0132080580648,54.85742576095977,-0.6569272950445367,2.8047784891112,2.8806832252011745,-7.525534642627065,4.6578565466138455,12.183391189240911,-0.12956651940571434,3.777133901568614,3.779355499728737,-9.689173546711622,5.8536018100097165,15.54277535672134,-0.37069736501110356,1.7285254733493232,1.7678282859043968,-4.588107649660369,3.81296096927499,8.401068618935359,4.191333378168549,2.8530343844368904,5.070215053203262,0.21344762038538062,10.591464126329981,10.3780165059446,0.49999999937503503,0.5888416982555195,1,1,4.599780166052861,10.644334589456806,Freestyle_1527873200322.csv,0,train,78.0000000975,79.966666766625,78.9833334320625,1.0,1,0.9990056401622625,1,0.65
-9.179975781350784,8.439490010563226,12.469841497973556,-28.731721829881103,1.5614705839690244,30.29319241385013,0.257268040651345,8.282950126819676,8.286944530291166,-28.814926621297413,17.634353529297965,46.44928015059538,4.766421202928791,9.822282711449482,10.91769246440696,-15.372905564766054,54.3626236049927,69.73552916975875,16.009589476209644,9.330565373186774,18.530148552563595,7.544494209239018,60.0132080580648,52.46871384882578,-0.4930441900159062,2.812336370675119,2.8552282632270476,-6.959113217263501,4.385920478129452,11.345033695392953,-0.6903041004537361,4.110031870553176,4.167599036383669,-9.689173546711622,6.44103779240759,16.130211339119214,-0.457249404585542,2.089124595786197,2.1385786388890806,-4.588107649660369,5.728257395897545,10.316365045557914,4.571316617373984,3.0327863659726795,5.485866272331955,0.21344762038538062,10.591464126329981,10.3780165059446,0.49999999937503503,0.6908456663442317,1,1,13.848848059277234,2.69904716773605,Freestyle_1527873200322.csv,0,train,79.00000009875,80.966666767875,79.9833334333125,1.0,1,0.9983285456690119,1,0.65
-8.678034395090428,8.695028285792104,12.284616308745555,-28.731721829881103,0.979277096862098,29.7109989267432,1.0856413882893183,7.854501603964792,7.929174778667213,-28.814926621297413,15.922719684394949,44.737646305692365,5.481348760464501,10.35377239441983,11.715194707272085,-14.848525086748754,61.55214871222683,76.40067379897559,15.805213155842079,10.061045405495486,18.73577854141763,7.547176667574083,66.81401862033627,59.266841952762185,-0.5240316829380796,2.566425278105849,2.6193792991515377,-6.517243570499453,4.2138224961183885,10.731066066617842,-0.12529104432230623,3.4713513868038475,3.4736117077837547,-7.407810266869644,6.44103779240759,13.848848059277234,-0.4415370885654657,2.2024367500074735,2.2462596996701767,-4.7680325044243475,5.728257395897545,10.496289900321893,4.096124182314664,2.682270592370454,4.8962035137071585,0.17123472330718695,8.71997751619062,8.548742792883433,0.49999999937503503,0.6019235089948455,2,1,4.042681621360801,8.840206827494256,Freestyle_1527873200322.csv,0,train,80.0000001,81.966666769125,80.9833334345625,1.0,1,0.9923580177588259,1,0.65
-9.061307487177903,7.701382813454511,11.891954869429956,-33.483869228626304,0.1531849671396388,33.63705419576594,1.1556178246106075,7.9455987975951485,8.029196274154918,-29.906661588717252,17.708241326596024,47.61490291531328,4.738273701831393,10.43486321449757,11.460262125219543,-14.848525086748754,61.55214871222683,76.40067379897559,15.76706112900795,9.414030739185538,18.363664977454896,7.547176667574083,66.81401862033627,59.266841952762185,-0.37358555067778476,3.0647547087933122,3.087440297195398,-8.59429480327447,6.564622596663298,15.158917399937769,-0.37355468400132336,3.8492350481134086,3.867318652188356,-9.215608702032974,6.137700134248857,15.35330883628183,-0.6792996538396375,2.2161262633602408,2.3179006956428645,-4.814445836959372,5.592857563715796,10.407303400675168,4.546503931197182,3.0315683704611067,5.464531524400939,0.17123472330718695,10.079650941742358,9.908416218435171,0.49999999937503503,0.5818387672164119,2,1,7.675358916755174,4.407151079022368,Freestyle_1527873200322.csv,0,train,81.00000010125,82.966666770375,81.9833334358125,1.0,1,0.9990056401622625,1,0.65
-8.970278909114354,7.853757825654972,11.922559108318087,-33.483869228626304,4.2112631733442365,37.69513240197054,1.1927180544009321,8.649844966170619,8.731689086086444,-29.906661588717252,20.916500995127127,50.82316258384438,4.79272442760968,9.069694916519582,10.258146680455864,-12.45433382520958,46.179387230968274,58.633721056177855,16.052214428024353,8.120701648373375,17.989424207160365,3.493579375372809,51.67270003463577,48.179120659262956,-0.5613089215788457,3.262417554428058,3.3103528520211194,-8.59429480327447,6.564622596663298,15.158917399937769,-0.07335056071627301,3.8474103046570525,3.8481094523335306,-9.215608702032974,6.137700134248857,15.35330883628183,-0.6961783041204007,2.155220567956696,2.2648708412780496,-4.919484756987947,5.592857563715796,10.512342320703743,4.787236969173975,2.8246034218397003,5.558419045888368,0.8110904728339924,10.079650941742358,9.268560468908365,0.49999999937503503,0.5502120272359851,2,2,3.9336883706508443,7.950506200055152,Freestyle_1527873200322.csv,0,train,82.0000001025,83.966666771625,82.9833334370625,1.0,1,0.9845432890253708,1,0.65
-8.873143505729368,7.897473775810232,11.878668600178962,-25.92142938659544,4.2112631733442365,30.132692559939677,0.8301088161459512,8.241380485183697,8.283081126501774,-26.215017012479173,20.916500995127127,47.1315180076063,4.818455075940716,8.780989371799269,10.016151140358785,-12.45433382520958,46.179387230968274,58.633721056177855,15.672777734313987,8.024931303032435,17.607824520013768,3.493579375372809,51.67270003463577,48.179120659262956,-0.5988712440188159,2.728263743190487,2.793218541274637,-6.373845519582211,4.912187999409994,11.286033518992205,0.15267272665134382,3.638878202532455,3.642079561779092,-8.983140226444956,6.57735726740821,15.560497493853166,-0.4278452647417551,1.7274554457830187,1.7796499340396557,-4.919484756987947,3.29237086670036,8.211855623688306,4.262879089707027,2.4620782091386415,4.922800751744554,0.8110904728339924,9.750223793799462,8.93913332096547,0.49999999937503503,0.5831708589900472,3,1,6.715634341576016,3.2134942557545947,Freestyle_1527873200322.csv,0,train,83.00000010375,84.966666772875,83.9833334383125,1.0,1,0.991252539623643,1,0.65
-8.85588459541329,7.892597394578367,11.862537064228025,-25.92142938659544,5.525265388403448,31.44669477499889,0.812557295390522,7.42291372862589,7.4672550231604555,-26.215017012479173,14.337541552880491,40.55255856535966,4.433418408902975,7.410880135016366,8.63575955918065,-11.67889156209946,24.15026437276371,35.829155934863174,14.93999208917804,6.917561905785617,16.46377922425707,5.11622493322571,32.0500852846425,26.93386035141679,-0.538537057934353,2.480482510335389,2.5382702076115424,-6.373845519582211,3.907120312393383,10.280965831975594,-0.08184694698986034,3.757755462990847,3.7586467035848306,-8.983140226444956,6.57735726740821,15.560497493853166,-0.4516625035755021,1.693790358703854,1.7529759828286924,-5.090312832313693,3.29237086670036,8.382683699014052,4.007091090322365,2.754339572284216,4.862423828255993,0.22326807430300866,9.750223793799462,9.526955719496453,0.49999999937503503,0.593946558940113,2,2,3.9062002048858635,6.472651829602878,Freestyle_1527873200322.csv,0,train,84.000000105,85.966666774125,84.9833334395625,1.0,1,0.9990056401622625,1,0.65
-9.028843025238077,7.928811617369333,12.016075067929675,-25.22901895602047,5.525265388403448,30.75428434442392,1.154344911086968,8.161244621995255,8.242476930741075,-27.583410395515667,18.67041393006244,46.25382432557811,4.551457580168741,8.116731570838999,9.305756148595878,-11.67889156209946,24.353886479337753,36.03277804143721,15.42161398155529,7.816355013236565,17.289348845143067,6.328631042412761,38.68931784300342,32.36068680059066,-0.5370354239807316,2.4557691924050142,2.5138037658050676,-6.4380487497872725,4.280968608407852,10.719017358195124,-0.3169510038694875,3.8267563967657154,3.839859692624354,-8.88337718601177,7.121039474456026,16.004416660467797,-0.5640605661924203,2.168237212215428,2.2404055281955193,-5.090312832313693,4.881873203902192,9.972186036215884,4.275258292264039,2.7937994375426376,5.107166412286365,0.22326807430300866,9.673416146650125,9.450148072347115,0.49999999937503503,0.6455421188948041,1,1,14.797411182502817,5.951051446008071,Freestyle_1527873200322.csv,0,train,85.00000010625,86.966666775375,85.9833334408125,1.0,1,0.9990056401622625,1,0.65
-8.826151687762252,7.9696893904915616,11.891883896015056,-25.22901895602047,0.1727274941639298,25.4017464501844,1.0185415524914894,8.699606281165593,8.759028276095906,-27.583410395515667,18.725769090773085,46.309179486288755,4.912367809829155,7.912011005941147,9.312962775464076,-13.042948100453414,24.353886479337753,37.39683457979117,15.474235289191087,8.08806508441188,17.460491247239563,6.328631042412761,38.68931784300342,32.36068680059066,-0.5751203358252696,2.358832471736752,2.4279320481429223,-6.4380487497872725,4.280968608407852,10.719017358195124,-0.19015146938419367,3.5716683663979123,3.576726506295456,-7.676371708046791,7.121039474456026,14.797411182502817,-0.4200023293218733,2.057895423377119,2.1003179593081356,-4.558641554147424,4.881873203902192,9.440514758049616,4.016211993092708,2.6399248640759794,4.806158763651933,0.2063295014400906,8.355838941875387,8.149509440435295,0.49999999937503503,0.6091068065999934,2,2,3.8093807411185527,7.600881853398561,Freestyle_1527873200322.csv,0,train,86.0000001075,87.966666776625,86.9833334420625,1.0,1,0.9921396537922027,1,0.65
-8.795565644999373,7.676168009738968,11.674139382808185,-29.07965377357089,0.1727274941639298,29.25238126773482,0.8992789136603975,8.53279229048153,8.580049349336823,-30.456143240704307,18.725769090773085,49.18191233147739,4.597369786671982,7.369341417014082,8.685793105751687,-13.042948100453414,19.6033241840462,32.64627228449962,15.396867000773124,6.948544135480142,16.89218100312129,7.081727663740402,34.38024184042494,27.298514176684535,-0.49387996422958197,2.5185630512656365,2.566530198978357,-8.073600051513804,4.887126414511256,12.96072646602506,-0.2865205954688895,3.913019689027023,3.9234955254646318,-10.34420382364648,6.39202966611922,16.7362334897657,-0.3433116434498668,1.9655849888561392,1.9953413825570891,-4.558641554147424,4.720965426596677,9.2796069807441,4.142598396228941,2.966674933509756,5.095319581101239,0.2063295014400906,10.909446234422974,10.703116732982883,0.49999999937503503,0.5798190759184876,2,2,7.7118000022246544,3.90106137341649,Freestyle_1527873200322.csv,0,train,87.00000010875,88.966666777875,87.9833334433125,1.0,1,0.9990056401622625,1,0.65
-8.872896166666994,7.479515416447487,11.60480233564232,-29.07965377357089,1.4074162475306171,30.487070021101506,1.2939194322121486,8.852056791179553,8.946124128991519,-30.456143240704307,23.040415546896472,53.496558787600776,4.761141915561996,10.65923271052447,11.674232922005462,-14.201893907770824,64.86644552724442,79.06833943501525,16.16104112139114,9.476974114694753,18.7347881892988,4.933451420445191,72.20820274307157,67.27475132262637,-0.5694735176210252,2.888136053597669,2.9437442061704995,-8.073600051513804,4.887126414511256,12.96072646602506,-0.16066153534759542,4.006542097734886,4.009762051526511,-10.34420382364648,6.39202966611922,16.7362334897657,-0.2963383696831309,2.0881876840168223,2.109109820048732,-4.937692011319223,4.720965426596677,9.658657437915899,4.634788757196943,2.776850566813293,5.402977502660036,0.968547477423628,10.909446234422974,9.940898756999346,0.49999999937503503,0.5841354000933696,1,2,4.475287345705958,8.697743293181311,Freestyle_1527873200322.csv,0,train,88.00000011,89.966666779125,88.9833334445625,1.0,1,0.9922021213240388,1,0.65
-8.562224138497358,7.836007617896237,11.606666084005116,-27.304456859216565,1.4074162475306171,28.71187310674718,1.2393682595910602,8.780254673943398,8.867294165763683,-29.457154490488225,23.040415546896472,52.4975700373847,4.900880208587693,10.590590162303661,11.669585545545722,-14.201893907770824,64.86644552724442,79.06833943501525,15.935455109713734,9.776712159969188,18.69552968526409,4.933451420445191,72.20820274307157,67.27475132262637,-0.7038949649142251,2.7222488049360476,2.8117799838549495,-7.557952893735613,4.323501720371915,11.881454614107529,0.19211699681684763,3.3917515605939204,3.397188188672688,-8.67408311668641,6.271652513085606,14.945735629772015,-0.18286175786128275,2.061450066732784,2.069544587613594,-4.937692011319223,5.589257541447796,10.526949552767018,4.201123995008348,2.4658804199616777,4.871345714172345,0.968547477423628,9.39313298374434,8.424585506320712,0.49999999937503503,0.5901780241567588,1,1,14.52789033353689,5.519471269120236,Freestyle_1527873200322.csv,0,train,89.00000011125,90.966666780375,89.98333344581249,1.0,1,0.9918686472843596,1,0.65
-8.492721265537055,7.795421919275227,11.528005785634479,-27.304456859216565,5.459637277524512,32.76409413674108,0.9210710797803954,8.10152426319469,8.153714939899489,-29.457154490488225,14.623676138034998,44.08083062852322,4.795603206029238,11.68607629995203,12.631792802210557,-12.998134099376712,75.76035472044255,88.75848881981926,15.936821897702348,10.244895407648409,18.94571651093567,5.779933643861602,76.89509390361074,71.11516025974915,-0.5814910505480327,2.3794337788309172,2.4494564600557878,-7.557952893735613,3.4857301159436127,11.043683009679226,-0.22800994474266648,3.796812015553904,3.8036521944515447,-9.662540338443716,6.271652513085606,15.934192851529321,-0.31899793152537853,2.0384173235872565,2.063226809010126,-4.732881576536004,5.589257541447796,10.322139117983799,4.001653667666176,2.951487719021889,4.972374868358498,0.2233085024298877,10.409193871426169,10.185885368996281,0.49999999937503503,0.5782783504947667,2,2,3.733083874295408,8.46801074595771,Freestyle_1527873200322.csv,0,train,90.0000001125,91.966666781625,90.9833334470625,1.0,1,0.9985922440345806,1,0.65
-8.454068545091832,8.071295440065382,11.688331148882263,-29.20920498262518,5.459637277524512,34.668842260149695,1.556589622617017,8.210694938864712,8.356942181942959,-27.211201921077517,14.646447667895718,41.85764958897323,4.683379054912249,12.018280094998008,12.898569525874416,-13.254501648125112,75.76035472044255,89.01485636856766,16.235360571803202,10.45187689343991,19.308771672275924,6.649178895402649,76.89509390361074,70.2459150082081,-0.6398354465466544,2.1215814302008207,2.215964161179173,-6.882104624597758,3.5712519711022472,10.453356595700006,0.0016625366810140078,3.596378489424737,3.5963788737041,-9.662540338443716,7.920341662825207,17.58288200126892,-0.07348512292982991,2.221802937899317,2.2230178492648345,-4.732881576536004,6.000151747105881,10.733033323641884,3.854370401949732,2.816038943193008,4.773494163084912,0.2233085024298877,10.409193871426169,10.185885368996281,0.49999999937503503,0.5597646601175233,2,1,8.629257549819823,2.5659510599136954,Freestyle_1527873200322.csv,0,train,91.00000011375,92.966666782875,91.9833334483125,1.0,1,0.9537449750835298,1,0.65
-8.601921553335737,8.244181790292956,11.914679508956166,-29.20920498262518,1.6815921006032222,30.890797083228403,1.1503590454720158,8.404958928422605,8.483316599182785,-27.211201921077517,16.09434003131621,43.305541952393725,4.343739447105558,9.983965951424594,10.887958876830243,-13.254501648125112,54.57802011922186,67.83252176734698,15.768409017325945,9.155936538059356,18.23386675465894,5.395714878785274,60.418373872684086,55.022658993898816,-0.8142861196200291,2.2343185646289987,2.3780751318769626,-6.882104624597758,5.563714036129365,12.445818660727124,-0.3088639585575693,3.651446311766973,3.664485927468201,-8.028154475694166,7.920341662825207,15.948496138519372,-0.10075591938442371,2.2391938081711196,2.2414594945800115,-4.565183770371197,6.000151747105881,10.565335517477077,4.067274818919448,2.7504753514057816,4.909973432851444,0.22152868362771772,8.582999400365527,8.36147071673781,0.49999999937503503,0.6436081109250426,1,2,6.6605047741297385,7.1659210957242765,Freestyle_1527873200322.csv,0,train,92.000000115,93.966666784125,92.98333344956251,1.0,1,0.9990056401622625,1,0.65
-8.096250360856915,7.48065828796357,11.023135594147147,-26.81608014728942,1.6815921006032222,28.49767224789264,1.5510652469604744,7.918676204472245,8.069153377622929,-30.035512197135787,17.15377746891666,47.189289666052446,5.002486754639131,9.502385154397004,10.738724195771328,-12.540133277676553,54.57802011922186,67.1181533968984,15.065492205547697,8.658631330411488,17.37644819609007,5.254070774777765,60.418373872684086,55.16430309790632,-0.6675749496534528,2.7860382549507587,2.8649023493749097,-8.63081520231777,5.827905228590849,14.458720430908619,0.06979670872231768,3.2422383070267022,3.242989488126633,-8.028154475694166,6.130169301195962,14.158323776890128,-0.36053801752828296,2.0118994364530867,2.043948875212752,-4.565183770371197,5.323700638306372,9.88888440867757,3.9783505880125936,2.6599059936202725,4.785642412052659,0.22152868362771772,9.666765352207154,9.445236668579437,0.49999999937503503,0.547851654118876,1,1,10.558796201690395,3.97178322738201,Freestyle_1527873200322.csv,0,train,93.00000011625,94.966666785375,93.9833334508125,1.0,1,0.9960273089696454,1,0.65
-8.540657838293814,7.553782245770898,11.401862239447258,-26.81608014728942,5.02992203207504,31.84600217936446,1.1130337207712115,8.384135599850952,8.457693173688783,-30.035512197135787,17.15377746891666,47.189289666052446,4.5495090412063375,9.994042040142531,10.980842809919213,-12.082114833262034,60.390839120664474,72.4729539539265,15.633989781768259,8.814324061850417,17.947533121957168,1.779688220499614,63.18407636954367,61.40438814904405,-0.3309407460535624,3.0409558481401806,3.0589106308842133,-8.63081520231777,5.827905228590849,14.458720430908619,-0.17897009288741172,3.7363033432465653,3.7405872489361336,-9.62698152509144,6.130169301195962,15.7571508262874,-0.5233596893273784,1.9201275791533239,1.9901746869654566,-4.321541846410787,5.323700638306372,9.645242484717159,4.505527688822105,2.6476296464074136,5.225870501579435,0.8868182134501933,10.358190792608168,9.471372579157975,0.49999999937503503,0.5983165041507422,2,3,3.7850578359939084,6.005775046629034,Freestyle_1527873200322.csv,0,train,94.0000001175,95.966666786625,94.9833334520625,1.0,1,0.997974308569573,1,0.65
-8.093509488902264,7.482160076338889,11.022142044762015,-27.754846258497853,5.02992203207504,32.78476829057289,1.6503263783023743,8.217876649998619,8.381949283401395,-28.807122975855652,19.873724730373073,48.680847706228725,4.930081172407287,9.858363273047525,11.022387526751958,-12.082114833262034,60.390839120664474,72.4729539539265,15.380548751567662,8.756508204471194,17.69852298454085,1.779688220499614,63.18407636954367,61.40438814904405,-0.31280707537459784,2.7011105405597613,2.719162815781256,-6.75609893359189,4.943282775109232,11.699381708701122,0.14184587649941563,3.7600787324942764,3.7627532907746755,-9.62698152509144,6.939923757527451,16.56690528261889,-0.37337735294206514,1.8488749022599433,1.8861996320370593,-4.321541846410787,4.6088755522660145,8.930417398676802,4.241037063782871,2.668990899474896,5.010978726542335,0.8868182134501933,10.358190792608168,9.471372579157975,0.49999999937503503,0.5335755097512851,2,3,4.7642055462504524,3.6765241948495393,Freestyle_1527873200322.csv,0,train,95.00000011875,96.966666787875,95.9833334533125,1.0,1,0.9972274384022122,1,0.65
-8.561386654952951,7.376803291563579,11.30108703877772,-27.754846258497853,2.771619841317281,30.526466099815135,1.2852162607969042,8.331592582928486,8.430137353858818,-28.807122975855652,19.873724730373073,48.680847706228725,3.628131508288379,7.4099992965112245,8.25054106199901,-14.086463427980878,22.09566158074546,36.18212500872634,15.10166599942746,6.2283943292331685,16.335642377289215,2.4628039208345007,34.83511135582605,32.37230743499155,-0.821011082048345,2.504724339332125,2.6358496187925717,-6.75609893359189,4.170214829658819,10.926313763250707,-0.10240377349645781,3.8098531191798894,3.811229109165578,-9.44494821677121,6.939923757527451,16.38487197429866,-0.40445909100290833,1.734236465843688,1.7807760318908448,-3.693427311151272,4.6088755522660145,8.302302863417287,4.25183589345718,2.5624647014751387,4.96430597477602,0.43975145202333427,9.88459839328987,9.444846941266537,0.49999999937503503,0.6342822483509746,1,2,5.585596932036132,7.348586411928613,Freestyle_1527873200322.csv,0,train,96.00000012,97.966666789125,96.9833334545625,1.0,1,0.9993097202238483,1,0.65
-7.7141703480183015,7.34626600466401,10.652513711304337,-31.714796557953942,2.771619841317281,34.48641639927122,1.1349107515937555,8.276640398154317,8.354088741116122,-26.457002783116792,15.70977391512009,42.16677669823688,4.542358774537553,7.074883439125866,8.407556060701335,-14.086463427980878,22.09566158074546,36.18212500872634,14.640966473730765,6.292531024388956,15.935929404267762,2.4628039208345007,31.749739626881233,29.286935706046734,-0.3792255202766575,2.9656219729771136,2.989770172075735,-7.074930328962824,5.73730795654589,12.812238285508714,-0.10507309832156272,3.780414770559536,3.781874692987011,-9.44494821677121,6.819842259102021,16.264790475873234,-0.2377530499199673,1.7732428319885758,1.7891105762207966,-3.693427311151272,4.682087526611272,8.375514837762545,4.494019921509567,2.499200567043313,5.142199775313526,0.43975145202333427,9.88459839328987,9.444846941266537,0.49999999937503503,0.560367201621346,1,2,6.499336702393727,5.629979605391792,Freestyle_1527873200322.csv,0,train,97.00000012125,98.966666790375,97.9833334558125,1.0,1,0.9988963240961666,1,0.65
-8.647994606151833,7.432334773497039,11.40295623482632,-31.714796557953942,2.968070085953804,34.682866643907744,1.7718155326687284,8.582909351985856,8.763884026287228,-26.457002783116792,20.992539237773673,47.44954202089046,4.520145652728348,9.711360081583233,10.711780027429956,-13.398420101689574,56.23036740191407,69.62878750360365,15.90156330133462,8.289486718082864,17.932520890148833,4.763101688998643,61.242661919627665,56.47956023062902,-0.5343028691591232,2.813517733696979,2.8638019473802756,-7.074930328962824,5.73730795654589,12.812238285508714,-0.05185422794479434,3.806992863125982,3.8073459943703445,-9.641290646412616,6.819842259102021,16.46113290551464,-0.18037661912744793,1.877317348619789,1.8859629243854936,-4.547228041519712,4.682087526611272,9.229315568130984,4.481195319103533,2.4845502166123024,5.123875610006907,0.7729079201100496,10.410895355864731,9.637987435754681,0.49999999937503503,0.6516939179725232,1,2,5.97136909712407,7.18797201481452,Freestyle_1527873200322.csv,0,train,98.0000001225,99.966666791625,98.9833334570625,1.0,1,0.9954515236980488,1,0.65
-8.279779367504098,8.448810158769025,11.82950292588261,-34.794653835382846,2.968070085953804,37.76272392133665,1.7755654538225918,8.025624610613352,8.219688745402161,-20.26015306125372,20.992539237773673,41.252692299027395,4.2991530500135235,9.673318645980807,10.585641717634344,-13.398420101689574,56.23036740191407,69.62878750360365,15.496730494680385,8.911092923660917,17.87613585534851,3.5325119835419616,61.242661919627665,57.710149936085706,-0.5341755206500025,3.009625156913576,3.056662734419479,-7.167317231395494,7.172303011512725,14.339620242908218,-0.12940277881987308,3.8448619174623717,3.8470388929043504,-9.641290646412616,6.926277473156808,16.567568119569422,-0.33253341409681164,2.065636078812334,2.0922310774821398,-4.547228041519712,6.217748920012685,10.764976961532398,4.627683819946028,2.665495950043691,5.3404425094826715,0.7729079201100496,10.410895355864731,9.637987435754681,0.49999999937503503,0.60896514974077,1,2,7.557683397188901,8.556318771457349,Freestyle_1527873200322.csv,0,train,99.00000012375,100.966666792875,99.9833334583125,1.0,1,0.9918497120288906,1,0.65
-8.894956488373037,8.18117474758643,12.085192227705589,-34.794653835382846,2.3790517227665227,37.173705558149365,2.114356602643976,7.6896380902308685,7.975025880953216,-20.26015306125372,16.174648068912262,36.43480113016598,4.188544068192867,11.49176188054049,12.231291531569232,-12.91156576898365,73.62228495127799,86.53385072026164,16.0223924237477,10.126220545304092,18.95408667049685,3.5325119835419616,76.59556462333668,73.06305263979472,-0.4161502463659303,2.9863746640063673,3.01523044913147,-7.167317231395494,7.172303011512725,14.339620242908218,-0.09912165550146214,3.9384849978530796,3.9397321204497042,-10.18595115600798,6.926277473156808,17.112228629164786,-0.2702162038216021,2.101809291689148,2.119108089607181,-4.414668730040495,6.217748920012685,10.632417650053181,4.674648881892361,2.692838793677369,5.394786644317946,0.39585544573896314,10.601479484325372,10.205624038586409,0.49999999937503503,0.6397123868031779,1,2,7.340558091702199,8.251500935853109,Freestyle_1527873200322.csv,0,train,100.000000125,101.966666794125,100.9833334595625,1.0,1,0.9922631081565725,1,0.65
-7.852787937138359,7.088565211617465,10.578943006984161,-26.57303221937555,1.8288158544030615,28.40184807377861,1.768137606643107,7.963728468730866,8.157651728267155,-26.336179151992717,14.774175519913056,41.110354671905775,4.249662593070088,11.643700799780612,12.394974807144662,-12.91156576898365,73.62228495127799,86.53385072026164,15.411504698597314,9.725340110226636,18.223520991687362,2.9441362033282727,76.59556462333668,73.65142842000841,-0.4846334702264902,2.3920903907074784,2.4406896643733353,-5.76812969557966,4.698300910363726,10.466430605943387,-0.28173319897720533,3.7973596430602106,3.807796456501883,-10.18595115600798,6.596791654361008,16.782742810368987,-0.5180338234727404,1.5278849217235135,1.6133168865079959,-4.414668730040495,2.7720582247769037,7.186726954817399,4.042933696217113,2.591092124223145,4.8019861795114505,0.39585544573896314,10.601479484325372,10.205624038586409,0.49999999937503503,0.6103529767432194,1,2,6.292932697079038,7.511163798042291,Freestyle_1527873200322.csv,0,train,101.00000012625,102.966666795375,101.9833334608125,1.0,1,0.8863650407138408,1,0.65
-8.81236975155558,7.138204562938567,11.340715366346547,-26.57303221937555,3.9661759764333975,30.539208195808946,2.549171998764178,7.458506371005311,7.882106010807655,-26.336179151992717,16.26192360329428,42.598102755287,3.903738802438056,8.636930452149638,9.47817199004799,-12.45272334886022,45.960907123960446,58.413630472820664,15.036378288272141,7.381225672678437,16.750378039287025,2.9441362033282727,50.19762245392751,47.25348625059924,-0.4152482694607475,2.4782760698796458,2.512823790843331,-5.76812969557966,4.698300910363726,10.466430605943387,0.014695825050317128,3.7890840442341496,3.7891125427392267,-9.647410389511275,6.596791654361008,16.244202043872285,-0.2917296592955649,1.9071506124731301,1.9293339920214285,-4.681674647806233,4.351562108885884,9.033236756692116,4.254486165428734,2.5086519061673003,4.939026920167708,0.4788878693170225,9.995005673552836,9.516117804235813,0.49999999937503503,0.6385651403157445,2,2,4.694178371066075,7.526485261577778,Freestyle_1527873200322.csv,0,train,102.0000001275,103.966666796625,102.9833334620625,1.0,1,0.9922631081565726,1,0.65
-8.50310486869424,7.19060966172543,11.135872651719342,-25.64398608115484,3.9661759764333975,29.610162057588237,1.5064136458641642,7.259010984670055,7.41367132721746,-26.19681932076949,16.26192360329428,42.45874292406377,4.6829605757361925,8.683736163729758,9.865971493733776,-12.45272334886022,45.960907123960446,58.413630472820664,14.933176556671526,7.30122001488522,16.622502091396605,6.594364222160287,50.19762245392751,43.60325823176722,-0.4134214789901372,2.4619240175812873,2.496394838088314,-7.750616076877457,3.719585155499587,11.470201232377043,-0.25416728078752787,3.592349127518338,3.6013293740790626,-9.647410389511275,5.935729612971222,15.583140002482498,-0.42772073540007205,1.9562003147492508,2.0024147170144966,-4.681674647806233,4.351562108885884,9.033236756692116,3.8956944388184533,2.8345705118260653,4.817802937766852,0.30445770563332497,9.995005673552836,9.69054796791951,0.49999999937503503,0.5596271826774347,2,1,3.984750347952435,13.945444959560714,Freestyle_1527873200322.csv,0,train,103.00000012875,104.966666797875,103.9833334633125,1.0,1,0.9985922440345806,1,0.65
-8.749021066067819,7.332536725827643,11.415404699357337,-25.64398608115484,2.65118569796271,28.29517177911755,1.5833038356935922,7.650927338711562,7.813036552990522,-26.19681932076949,20.992552047535987,47.18937136830547,3.735329175364006,6.934991368761095,7.876978439294882,-12.801106036199714,20.06040840563763,32.86151444183734,14.659405592973059,6.205128654774393,15.918598994936458,6.594364222160287,34.722721888286934,28.128357666126647,-0.4707731840855984,2.4567801930537074,2.501478824182828,-7.750616076877457,3.719585155499587,11.470201232377043,-0.22944057096207965,3.7923731954797253,3.799307493398831,-9.502429718697602,5.935729612971222,15.438159331668825,-0.43291678194493655,1.9798136434750673,2.0265929544384536,-4.3454823396511255,4.828695231011442,9.174177570662568,4.083607342672818,2.8501515417745473,4.979880795783289,0.30445770563332497,9.981958003138885,9.67750029750556,0.49999999937503503,0.5921354557542122,1,2,6.329919471129841,7.7573493605388055,Freestyle_1527873200322.csv,0,train,104.00000013,105.966666799125,104.98333346456249,1.0,1,0.9993097202238483,1,0.65
-8.023099782151467,7.468636680454053,10.961325831257033,-25.140959714351848,2.65118569796271,27.792145412314557,3.0011089247737237,6.026904941603945,6.73277342211117,-8.760998734776594,20.992552047535987,29.75355078231258,4.099003082618967,6.981903287488364,8.096221327703475,-12.801106036199714,20.06040840563763,32.86151444183734,14.014251008989419,5.884765957679956,15.199661237002287,3.738781061815822,34.722721888286934,30.983940826471112,-0.2748527667223905,2.1613315947791167,2.178737778156287,-5.726871951402652,4.80268956958026,10.529561520982913,-0.1961021614183282,3.8838318262577665,3.8887794630662293,-9.502429718697602,6.296408331506438,15.79883805020404,-0.10802411366706144,1.7533855600809969,1.7567100305497503,-4.336805516376144,4.828695231011442,9.165500747387586,4.072306287185987,2.52425348432178,4.791193395153776,0.7605760336149858,9.981958003138885,9.2213819695239,0.49999999937503503,0.5811037374969644,1,1,5.380487719411346,14.833506167571052,Freestyle_1527873200322.csv,0,train,105.00000013125,106.966666800375,105.9833334658125,1.0,1,0.9610749384814965,1,0.65
-8.627519820320598,6.904919116998875,11.050430139244412,-25.140959714351848,1.9882322087536912,27.129191923105537,1.056584183542997,7.265004448772058,7.341434449587561,-27.538267109396383,13.566518000194735,41.10478510959112,3.166746999035658,6.1713607931825045,6.936424193742157,-11.809048783720872,13.960714580829205,25.769763364550077,13.732367828812793,5.961939319519383,14.970726322909114,3.738781061815822,31.21262718952455,27.47384612770873,-0.5844548470765358,2.4166390821877637,2.4863088950950103,-6.4274391406893825,4.80268956958026,11.230128710269643,-0.0962646427460565,3.740954050466705,3.7421924174401124,-8.733881984738138,6.296408331506438,15.030290316244576,-0.32438260672696223,1.6800926764068869,1.7111211169473175,-4.268904398012459,3.576767739351786,7.845672137364245,4.159862927230594,2.410230676613837,4.807667988519785,1.050078514194331,9.21305971314027,8.162981198945939,0.49999999937503503,0.7057324483195699,1,2,7.049806477995625,5.224338312928449,Freestyle_1527873200322.csv,0,train,106.0000001325,107.966666801625,106.9833334670625,1.0,1,0.9670717745906005,1,0.65
-7.263261750896656,6.27232694712404,9.596721137641582,-20.62377082100063,2.025015253569861,22.64878607457049,1.2041159463826892,7.847087322088722,7.938934100546409,-27.538267109396383,20.70024565268262,48.238512762079004,4.805233327750015,9.589385935778816,10.725977342854685,-11.809048783720872,56.37478970874932,68.18383849247019,14.182404322238103,8.308413136482164,16.43685861732428,2.45907144620666,62.7346751912649,60.27560374505824,-0.6358743729887962,2.5942583396682557,2.671050832755189,-6.4274391406893825,6.118509729749779,12.545948870439162,-0.5423816900702838,3.3460422870184763,3.389716342740102,-8.733881984738138,3.709651196985639,12.443533181723778,-0.2848655012130793,1.6756310016268983,1.699672794214975,-4.268904398012459,3.576767739351786,7.845672137364245,3.9264569162691525,2.4691118094323308,4.638273066864008,0.43102835025604386,9.21305971314027,8.782031362884226,0.49999999937503503,0.5887200273249129,1,2,2.6730204982969115,6.667380842384972,Freestyle_1527873200322.csv,0,train,107.00000013375,108.966666802875,107.98333346831251,1.0,1,0.928922893190451,1,0.65
-8.018985498471446,7.509880005892815,10.98646558851408,-25.913253425564353,2.025015253569861,27.938268679134215,2.1364022052269473,8.021613391616286,8.301234594146603,-19.645548756116305,20.70024565268262,40.34579440879892,5.274799251791384,9.044430700388435,10.470206962654933,-8.755807975759739,56.37478970874932,65.13059768450906,15.029079417194424,8.56533289645832,17.298501546535416,2.45907144620666,62.7346751912649,60.27560374505824,-0.1905510921161259,2.734838388888454,2.7414687180496227,-5.8111563144437275,6.118509729749779,11.929666044193507,0.5674588224827033,3.082228541541664,3.1340297218609,-8.704436410068093,6.119278978565858,14.82371538863395,-0.06457057934422362,1.3876115717064548,1.389113110459514,-3.394949073019217,4.0124554192438,7.407404492263017,3.794094519425495,2.207323048597118,4.389467879276787,0.43102835025604386,8.970609911948058,8.539581561692014,0.49999999937503503,0.5597076329988012,1,2,6.761187358660107,2.5056416186400625,Freestyle_1527873200322.csv,0,train,108.000000135,109.966666804125,108.9833334695625,1.0,1,0.7911451340507678,1,0.65
-8.61754828689175,7.3755444158599515,11.342874146671727,-25.913253425564353,4.616624620220865,30.529878045785217,1.9286370446941135,7.76069647064481,7.996752500837153,-19.645548756116305,20.267823326882937,39.913372082999246,3.552293110869224,8.001375742358881,8.754473148964365,-11.921380241058724,36.02739591949163,47.94877616055035,14.942140287988378,6.781009378911949,16.4088282513657,3.6677225662157222,45.442499318774864,41.77477675255914,-0.3286314132933796,2.8141596740580064,2.8332831268508043,-5.8111563144437275,4.945215103405874,10.756371417849602,-0.17789054259804435,3.741893470923349,3.7461195646808463,-9.077433188071211,6.119278978565858,15.19671216663707,-0.39942498272972293,1.6517734453773871,1.699381014276235,-3.8314788591503985,4.0124554192438,7.843934278394198,4.3745060789517405,2.4109121648618554,4.994877466111117,0.8047695668454814,9.48170544022811,8.676935873382629,0.49999999937503503,0.6666105727838448,1,2,3.0358647386396114,7.119407071740177,Freestyle_1527873200322.csv,0,train,109.00000013625,110.966666805375,109.9833334708125,1.0,1,0.9439682736687826,1,0.65
-8.018114603142713,7.348434619394081,10.876104686175095,-25.366525864800572,4.616624620220865,29.983150485021437,2.4566752273178447,7.296055473594823,7.69855042500146,-26.546403903884425,20.267823326882937,46.81422723076736,4.111783207295163,7.8594164420023604,8.87001623181218,-11.921380241058724,36.02739591949163,47.94877616055035,14.385974698321979,7.019846987134506,16.007327064302196,3.6677225662157222,45.442499318774864,41.77477675255914,-0.693772933599915,2.6793179665412796,2.7676823606090943,-6.643816224510999,4.945215103405874,11.589031327916874,0.5482959208064407,2.9943732334608857,3.044158254434218,-9.077433188071211,5.684797982826136,14.762231170897348,-0.26880061380961784,1.7348124519690018,1.7555136039037484,-3.8314788591503985,4.612055866885269,8.443534726035669,3.9082409367714397,2.175878195327518,4.473118949989798,0.8047695668454814,9.48170544022811,8.676935873382629,0.49999999937503503,0.5603039781911424,1,0,8.454660526166727,0.0,Freestyle_1527873200322.csv,0,train,110.0000001375,111.966666806625,110.9833334720625,1.0,1,0.9826081337377189,1,0.65
-8.522426353433774,7.364863057766964,11.263789717913019,-25.366525864800572,5.299616982826555,30.66614284762713,1.114354714638704,7.290689478641938,7.375360296556214,-26.546403903884425,14.170976123181555,40.71738002706598,2.9073620610567463,6.81068383241744,7.405279766438567,-11.161569392216936,19.657238699829268,30.818808092046204,14.154950786359494,5.978664982113148,15.365775825925788,3.1539435585416467,30.67540807316622,27.521464514624576,-0.8670937270522393,2.6691160741936053,2.8064269363395207,-6.772251688857665,5.342110769537176,12.11436245839484,-0.27214127822519774,3.697803648138381,3.707804295738863,-9.119758224705112,5.684797982826136,14.804556207531249,-0.4153410530106586,1.7335844833936151,1.782645043574045,-4.158238211971692,4.612055866885269,8.77029407885696,4.322866549464016,2.472750086728493,4.980127327276954,0.9650479323184766,9.50579862303761,8.540750690719133,0.49999999937503503,0.6800223932965692,1,2,4.421390819951617,7.174505824650098,Freestyle_1527873200322.csv,0,train,111.00000013875,112.966666807875,111.9833334733125,1.0,1,0.9993097202238483,1,0.65
-7.478962663517546,6.934473509947832,10.199108067986028,-23.77716782374824,5.299616982826555,29.076784806574793,1.3919111235838288,7.212654933977957,7.3457339846058245,-18.8854509447883,14.170976123181555,33.05642706796986,4.531801685859795,6.372998958532045,7.819996307250548,-11.161569392216936,19.657238699829268,30.818808092046204,13.771900212444386,5.428509918839341,14.803173828624146,3.1539435585416467,26.090496907589195,22.93655334904755,-0.4264670733356392,2.843637954420079,2.8754392673916582,-7.461764830480349,5.63185088846537,13.093615718945719,0.018918109607792846,3.678493406741587,3.6785420533565274,-9.119758224705112,5.769396119260185,14.889154343965298,-0.22377397983395977,1.9435703473525752,1.9564101024986913,-4.158238211971692,5.0457935439472115,9.204031755918903,4.431684860151264,2.446943482844535,5.06234758861235,0.9650479323184766,9.50579862303761,8.540750690719133,0.49999999937503503,0.5135063025692066,1,2,5.9106676296959515,3.666307856185689,Freestyle_1527873200322.csv,0,train,112.00000014,113.966666809125,112.9833334745625,1.0,1,0.938452174211975,1,0.65
-9.097701094507823,6.877311436552235,11.404629665199172,-23.77716782374824,3.6932066314927874,27.47037445524103,2.000515438594604,7.193261766944422,7.466262576941675,-18.8854509447883,13.360333550186564,32.24578449497486,4.088409425103417,8.532796605477941,9.461696969240261,-9.470885902891109,46.54381924612694,56.01470514901804,15.388957723357429,6.2059926196079935,16.593202349333026,5.88063271459282,47.61035337763557,41.72972066304275,-0.816389736751281,2.578248325178134,2.7044142856738276,-7.461764830480349,5.63185088846537,13.093615718945719,-0.19066475936238367,3.7509095563914165,3.7557523281882106,-9.431244403623094,5.769396119260185,15.20064052288328,-0.26440067695213004,1.893658932302946,1.9120282084382223,-3.7933771912651513,5.0457935439472115,8.839170735212363,4.3729787653215455,2.439762440722085,5.007532730707941,0.8897393129066482,9.997967361324507,9.108228048417859,0.49999999937503503,0.7029139857070397,2,2,4.070630064345829,7.778273626913345,Freestyle_1527873200322.csv,0,train,113.00000014125,114.966666810375,113.9833334758125,1.0,1,0.9993097202238483,1,0.65
-8.476373371656129,6.302674221306307,10.562793563998122,-21.873576322080428,3.0924919483000015,24.96606827038043,-1.2408504058652987,7.681893887628137,7.781465378096508,-24.67236058422089,13.360333550186564,38.03269413440745,3.4032402581142858,8.984489089376678,9.60744963304926,-11.022927466831716,46.54381924612694,57.566746712958654,14.705706963312702,6.940394979171537,16.26120843472997,4.228874193931195,47.61035337763557,43.38147918370437,-1.2843827165752397,2.6097505327551684,2.9086830019534746,-6.350357917450774,4.307503165326811,10.657861082777586,-0.3241082402157428,3.6923294169853653,3.7065270368515097,-9.431244403623094,5.753042300630322,15.184286704253417,-0.705448140596941,2.0270698472812123,2.1463152715359315,-5.650653330117291,4.56930250202178,10.219955832139071,4.533742717365043,2.500125136534589,5.17739787205819,0.8897393129066482,9.997967361324507,9.108228048417859,0.49999999937503503,0.6969413406307006,2,1,4.47986708646437,9.722983599016484,Freestyle_1527873200322.csv,0,train,114.0000001425,115.966666811625,114.9833334770625,1.0,1,0.9985922440345806,1,0.65
-7.440032450067008,7.049919450333452,10.249655951018065,-24.689120046973137,4.960800349191002,29.64992039616414,-0.23110630885922398,8.337526564407368,8.340728945253709,-24.67236058422089,21.98371987501067,46.65608045923156,2.8314421148309776,6.548601104996255,7.1345105565831695,-11.865523557688189,14.68312213992806,26.548645697616248,13.297137451475946,6.9792967361321905,15.017471402817112,4.09121119553434,33.46997781752522,29.378766621990877,-2.4264148079819194,2.8178087546414736,3.7185393635308035,-6.8902941895670455,4.307503165326811,11.197797354893858,1.2483217034355507,2.194634781584978,2.524822548182501,-3.0179549926594853,6.315930157351926,9.333885150011412,-0.213461810251412,2.4387929884805253,2.448117069320334,-5.650653330117291,4.56930250202178,10.219955832139071,4.87970790675586,1.5440180788387066,5.118157977538054,1.0088990833951013,8.036138819010732,7.027239735615631,1.499999998125105,0.4406181761987436,2,3,6.493230845268949,3.7693396204102467,Freestyle_1527873200322.csv,0,train,115.00000014375,116.966666812875,115.9833334783125,1.0,1,0.8492313510140208,1,0.65
-3.5545805526175287,6.363717348846995,7.289166029187632,-24.689120046973137,5.032894380192135,29.722014427165274,5.718927921115119,6.314923756687743,8.51964779904013,-5.649406450895165,21.98371987501067,27.633126325905835,0.43442025479127033,6.364274835844334,6.379084193200019,-11.865523557688189,14.68312213992806,26.548645697616248,11.73919955188686,5.347920067247259,12.899963378424244,4.09121119553434,31.438851923654823,27.34764072812048,-1.0754526928048487,4.317169034792302,4.449106311320365,-6.8902941895670455,9.108765769054036,15.999059958621082,0.08088383980459361,1.8205151637638903,1.8223110758143903,-3.0179549926594853,6.315930157351926,9.333885150011412,0.1133702201412656,1.7841268040750886,1.7877251633945497,-4.464399292529774,3.598373859439398,8.062773151969171,4.722341025788117,2.0027034534496106,5.129456685293343,1.571521322002241,9.203057899401086,7.631536577398846,1.499999998125105,0.48106522525331763,2,3,5.426124942895529,2.617463930262571,Freestyle_1527873200322.csv,0,train,116.000000145,117.966666814125,116.9833334795625,0.85,0,0.25555244482918116,0,0.65
-0.8811477554049233,2.8094101743989115,2.9443516934753657,-12.589491218266902,5.032894380192135,17.622385598459037,4.704425908175275,5.6306859930379165,7.337318848033261,-5.508322370635494,15.0880649129428,20.596387283578295,3.564945168191189,6.15464779612573,7.112560969620227,-10.07604304419395,10.888771354298107,20.96481439849206,10.425290900676723,2.099354175790153,10.634565262348076,4.610285343420531,15.964042246045716,11.353756902625186,-0.18738945034964738,3.618991809369135,3.623840024391699,-4.386286160796107,9.108765769054036,13.495051929850144,-0.17706275302192173,0.8541829934627441,0.8723415643133581,-1.8722971700691189,2.075160066477788,3.947457236546907,0.13020818031881704,0.8208923122934538,0.8311548343145403,-2.481514130187796,2.1160765646906112,4.5975906948784075,3.0526728033460917,2.2946031119841725,3.818902288068698,0.7254729376546305,9.203057899401086,8.477584961746455,0.9999999987500701,0.5571746033355008,2,2,1.5726601250939247,1.3581386323186293,Freestyle_1527873200322.csv,0,train,117.00000014625,118.966666815375,117.9833334808125,0.35,0,0.009404927325684376,0,0.65
-0.5230384652112697,2.1335092505276503,2.1966863586269243,-8.909476387682162,2.7633882227531115,11.672864610435273,0.16595737132118019,4.775936380728811,4.7788189086703055,-8.146135956642174,8.804592766678578,16.95072872332075,7.920670302011458,2.016524277010856,8.173333970476211,2.6437212295451067,10.888771354298107,8.245050124753,9.573759798970874,1.676022859209288,9.719358482584276,4.465443332728744,12.355400717403787,7.889957384675044,-0.37031248334528094,1.8398741619438341,1.8767707017933424,-3.0470543574582827,4.608075344021544,7.655129701479827,0.22245857782020137,0.885225581425175,0.912749773407436,-0.7163543842872531,3.9583914073744344,4.674745791661687,0.19171413254055525,0.3848454418254703,0.4299538611404938,-0.4485527370048349,1.0299930121676248,1.4785457491724596,1.897535871963174,0.9693288158761071,2.1307840666465525,0.4456333810645536,4.915887558180605,4.470254177116052,0.49999999937503503,0.7620137610839799,2,3,0.5748401050889747,0.6813522695410249,Freestyle_1527873200322.csv,0,train,118.0000001475,119.966666816625,118.9833334820625,0.35,0,0.0,0,0.65
-7.419132512948717,7.771813558308891,10.744515495349551,-23.46413912915326,2.143194666066045,25.607333795219304,-0.4157591848814877,7.129756159919535,7.141868004921673,-25.57041146054292,10.725781093453168,36.29619255399609,4.116346460910259,4.7189118583265515,6.261983496696822,-6.197114721113864,10.93373322374504,17.130847944858903,13.219463168114553,5.559597349565582,14.340966813378865,4.465443332728744,28.3590817571826,23.893638424453858,0.07390768327463114,2.2604440456349035,2.26165196904681,-6.4041772489970645,4.608075344021544,11.012252593018609,0.13342370349235055,3.640060856107138,3.6425053082757546,-10.153582942347692,6.507598487482298,16.661181429829988,-0.07776011753300227,1.6650617327301376,1.6668764830307718,-4.192297004129092,4.359900306153214,8.552197310282306,3.8638251190166755,2.4964469169696293,4.600151275729027,0.4456333810645536,10.731356462441264,10.28572308137671,0.49999999937503503,0.5898007387271095,1,2,7.0496407032534405,2.820151819163015,Freestyle_1527873200322.csv,0,train,119.00000014875,120.966666817875,119.98333348331249,0.85,0,0.454867237337454,0,0.65
-8.429077116351133,7.140995465428519,11.047314482292292,-23.46413912915326,1.184414592617717,24.648553721770977,1.6312700885936116,7.6327086634770165,7.805080630170154,-25.57041146054292,19.23359575259533,44.80400721313825,4.842114100169528,9.07683880707608,10.287617396107946,-10.57746584193789,53.76315557523867,64.34062141717656,15.125419913389957,7.747204982860055,16.994043444772792,3.623845388590658,59.10364212116024,55.47979673256958,-0.48073723978849153,2.6130587597964414,2.656912564588525,-6.4041772489970645,5.276373220195162,11.680550469192227,-0.22549453821826357,3.732251200949989,3.739056941764715,-10.153582942347692,6.507598487482298,16.661181429829988,-0.4027923009150362,1.9477849398831175,1.9889966841882643,-4.61661944436795,4.359900306153214,8.976519750521163,4.419468089089065,2.3375501724802907,4.999583882618551,0.9800715715415403,10.731356462441264,9.751284890899724,0.49999999937503503,0.6397120440290476,0,2,0.0,7.649484117360554,Freestyle_1527873200322.csv,0,train,120.00000015,121.966666819125,120.98333348456251,1.0,1,0.9985922440345806,1,0.65
-7.950649174834987,7.257718691813505,10.76509651191309,-26.08244184015855,1.184414592617717,27.266856432776265,2.325600227726828,7.598750473435329,7.94666125972013,-23.51177026153205,19.23359575259533,42.745366014127384,4.614597735806181,9.19538685278931,10.288325988019528,-10.57746584193789,53.76315557523867,64.34062141717656,14.714087430385344,8.2693416191541,16.87857753850419,2.898906158785472,59.10364212116024,56.20473596237477,-0.6176018689940808,2.7912816430979013,2.8587908772207005,-6.275266582454197,5.276373220195162,11.551639802649358,0.5506514879169303,3.0472749486620865,3.0966274677281818,-7.82381873260957,6.580689165792418,14.404507898401988,-0.1895452955167451,1.8010034773804982,1.8109502877189028,-4.61661944436795,4.704700921174282,9.321320365542231,4.119938042888541,2.0167891364537502,4.5870827219659045,0.9800715715415403,8.132971602522485,7.152900030980945,0.49999999937503503,0.6045228417530649,2,2,7.141370676317113,2.8161643461526364,Freestyle_1527873200322.csv,0,train,121.00000015125,122.966666820375,121.9833334858125,1.0,1,0.9886735712501584,1,0.65
-8.396474766426616,7.157389334605868,11.033087083421789,-26.08244184015855,2.1251724272395967,28.207614267398146,1.9031838303343678,8.080507673565748,8.301609058164635,-23.51177026153205,15.012152145331214,38.523922406863264,3.503400728982731,8.638544237353681,9.321923793324705,-12.270874045084506,44.36649626101448,56.63737030609899,15.022243527934844,7.202512488079617,16.6596514595451,2.42205566791073,47.704128978608445,45.28207331069771,-0.4839008678392872,2.8181138564397297,2.85935757780541,-6.275266582454197,5.409281024184439,11.684547606638636,-0.10873959878635506,3.865887988507983,3.8674169984673905,-10.09015327418646,6.580689165792418,16.670842439978877,-0.3209639579628455,1.7101129724682742,1.7399724828040966,-3.4888640508709923,4.704700921174282,8.193564972045273,4.5121792813817825,2.408439820998683,5.114718392903288,0.968827623977184,10.321346535288004,9.35251891131082,0.49999999937503503,0.6354973026881914,2,2,3.5726688844470407,7.985534895047508,Freestyle_1527873200322.csv,0,train,122.0000001525,123.966666821625,122.9833334870625,1.0,1,0.9985922440345806,1,0.65
-7.6730184972311894,6.879210706870369,10.305277910292954,-26.06819502244399,2.1251724272395967,28.19336744968359,2.4598087845006207,7.41325201630859,7.810695533280619,-21.64155829517643,15.012152145331214,36.653710440507645,4.001909144593406,8.621514399484274,9.50504010207716,-12.270874045084506,44.36649626101448,56.63737030609899,14.49085749144808,6.89685102250438,16.048411287852662,2.42205566791073,47.704128978608445,45.28207331069771,-0.5892771980480157,2.568629644696104,2.635356876734336,-5.108272911663487,5.409281024184439,10.517553935847927,0.41389906010315974,3.414855157795479,3.4398471158870807,-10.09015327418646,7.026807616144443,17.1169608903309,-0.22196137049264608,1.7175527813877325,1.7318355599893747,-3.4888640508709923,4.618712827552422,8.107576878423414,4.04408390187162,2.3285819396993825,4.666573524040024,0.968827623977184,10.321346535288004,9.35251891131082,0.49999999937503503,0.5381605956507184,3,1,4.560277937071116,4.120035774574632,Freestyle_1527873200322.csv,0,train,123.00000015375,124.966666822875,123.9833334883125,1.0,1,0.9844805358732791,1,0.65
-8.53234645032941,7.181387879417027,11.152276351628249,-26.06819502244399,1.9497369694226252,28.017931991866615,1.6218968545317058,7.148316786638482,7.33000561315456,-21.64155829517643,15.928040017165175,37.569598312341604,3.3110817767815974,7.826126472212855,8.497736056833373,-9.623482178143702,33.54198234545292,43.165464523596626,14.400521359153021,6.552766804041464,15.821307411322556,3.011433310280591,43.172451788082725,40.16101847780213,-0.6504756742579693,2.5900129141387636,2.6704466851459387,-4.974216183492947,6.248089405964232,11.222305589457179,-0.1596879520616354,3.7767194637530785,3.7800939340081197,-9.404157596474668,7.026807616144443,16.43096521261911,-0.45644454788924904,1.7575758923368412,1.8158784768319338,-3.7512076172241904,4.618712827552422,8.369920444776612,4.353578443752713,2.40086755670634,4.971700945426362,0.9239431820254065,10.167661078047377,9.243717896021971,0.49999999937503503,0.6536848501161785,1,2,5.855527220660511,7.635482847421999,Freestyle_1527873200322.csv,0,train,124.000000155,125.966666824125,124.9833334895625,1.0,1,0.9993097202238483,1,0.65
-8.180024024222204,7.324316291751442,10.979909024143508,-25.755162526734445,1.9497369694226252,27.70489949615707,2.2194493738989878,7.507040991199486,7.828257786177584,-21.945141350862155,15.928040017165175,37.87318136802733,3.924744993089255,8.069432474523332,8.97325825559874,-11.604071067137657,33.54198234545292,45.146053412590575,14.659124485020445,6.889808066968409,16.197511718377886,3.011433310280591,43.172451788082725,40.16101847780213,-0.22209699054552903,2.932332826969167,2.9407316914894444,-6.139016213927713,6.248089405964232,12.387105619891944,0.08975649077326349,3.792466897019784,3.7935288838529746,-9.404157596474668,6.251704221540502,15.65586181801517,-0.41126780684824626,1.6927972403692708,1.7420400988357259,-3.7512076172241904,4.742592940293255,8.493800557517446,4.4902077488541146,2.431358129120272,5.106218559747394,0.9239431820254065,10.167661078047377,9.243717896021971,0.49999999937503503,0.5471679002121393,1,2,8.220250458266857,4.903961664322559,Freestyle_1527873200322.csv,0,train,125.00000015625,126.966666825375,125.9833334908125,1.0,1,0.9935718731944384,1,0.65
-8.862285630617892,6.962391274054401,11.270093116371545,-25.755162526734445,3.5987735887793164,29.35393611551376,2.573422510316767,7.102216592268547,7.554070686729091,-21.945141350862155,14.518457281509829,36.46359863237198,3.614154728934957,8.071451328460817,8.843666714230858,-13.90173801625788,26.725937112016545,40.627675128274426,15.055278888893053,5.968919610937216,16.195351917886185,4.54645380878302,31.664141294321233,27.117687485538212,-0.5576530387267714,2.6387530977896145,2.697034449667911,-6.217268790247065,4.468945376504948,10.686214166752013,-0.03114003663081776,3.8521509127953353,3.852276775730335,-10.09282491643866,6.251704221540502,16.344529137979162,-0.19350453234724316,1.7313742902699194,1.7421541082942669,-4.252380190046849,4.742592940293255,8.994973130340103,4.227535051883721,2.697606254008893,5.0148910373579785,0.19631261364768052,10.417303865388783,10.220991251741102,0.49999999937503503,0.6484191394034834,1,2,5.1026458239724715,7.515332813820551,Freestyle_1527873200322.csv,0,train,126.0000001575,127.966666826625,126.9833334920625,1.0,1,0.9993097202238483,1,0.65
-7.89242802856429,6.98772860839107,10.54128888184904,-26.14686435621052,3.5987735887793164,29.745637944989838,1.0924969957600623,7.978229870110747,8.052682878772274,-31.268731533129447,14.518457281509829,45.78718881463928,4.862648392243373,7.397809595463462,8.852849044082832,-13.90173801625788,26.725937112016545,40.627675128274426,14.35492072719916,6.9479248664484405,15.947959400311522,0.7332389088508017,35.65525492327008,34.92201601441928,-0.5453647870868265,2.4433610085231963,2.503484725131302,-6.9863836544308775,5.220585527992884,12.206969182423762,-0.19870890937029462,3.825254274815848,3.8304119227127584,-10.09282491643866,6.134791741648337,16.227616658086998,-0.13395946611960935,1.9930074252156365,1.997504376848199,-4.252380190046849,4.95155477796365,9.203934968010499,4.017030268751214,2.96529641386659,4.992946525064485,0.19631261364768052,10.417303865388783,10.220991251741102,0.49999999937503503,0.46956937801102827,0,2,0.0,6.847776110412736,Freestyle_1527873200322.csv,0,train,127.00000015875,128.966666827875,127.9833334933125,1.0,1,0.9975609124418913,1,0.65
-8.293251024982734,7.298081886600893,11.047172117194028,-26.14686435621052,4.535828011672953,30.682692367883476,1.531444344847308,8.007751059509914,8.152876720056973,-31.268731533129447,14.46430087978501,45.733032412914454,3.859577141361975,8.630720380073619,9.454399504418141,-12.54197654982532,36.14259871991887,48.684575269744194,14.700493888683814,7.860697171197223,16.67018537954807,0.7332389088508017,41.895503084442474,41.16226417559167,-0.5954601072989957,2.5594089482194016,2.6277646210439163,-6.9863836544308775,5.220585527992884,12.206969182423762,-0.17778099294247335,3.595100792134978,3.599493823728715,-6.995591296882451,6.134791741648337,13.130383038530788,-0.48074695798997025,2.2326199095928585,2.283792744170765,-5.319333931845813,4.95155477796365,10.270888709809462,4.329262454858528,2.516882711997241,5.00771524639713,0.8257612603047331,8.332782222857244,7.50702096255251,0.49999999937503503,0.6720994433282488,1,2,6.292344792469301,6.586614399516009,Freestyle_1527873200322.csv,0,train,128.00000016,129.966666829125,128.9833334945625,1.0,1,0.9975609124418913,1,0.65
