ACC_0_mean,ACC_0_std,ACC_0_rms,ACC_0_minimum,ACC_0_maximum,ACC_0_range,ACC_1_mean,ACC_1_std,ACC_1_rms,ACC_1_minimum,ACC_1_maximum,ACC_1_range,ACC_2_mean,ACC_2_std,ACC_2_rms,ACC_2_minimum,ACC_2_maximum,ACC_2_range,ACC_MAG_mean,ACC_MAG_std,ACC_MAG_rms,ACC_MAG_minimum,ACC_MAG_maximum,ACC_MAG_range,GYRO_0_mean,GYRO_0_std,GYRO_0_rms,GYRO_0_minimum,GYRO_0_maximum,GYRO_0_range,GYRO_1_mean,GYRO_1_std,GYRO_1_rms,GYRO_1_minimum,GYRO_1_maximum,GYRO_1_range,GYRO_2_mean,GYRO_2_std,GYRO_2_rms,GYRO_2_minimum,GYRO_2_maximum,GYRO_2_range,GYRO_MAG_mean,GYRO_MAG_std,GYRO_MAG_rms,GYRO_MAG_minimum,GYRO_MAG_maximum,GYRO_MAG_range,dominant_frequency,periodicity_strength,positive_peak_count,negative_trough_count,mean_positive_prominence,mean_negative_prominence,recording,participant,split,start_time,end_time,center_time,clean_fraction,label,clean_probability,prediction,clean_probability_threshold
0.5241104369391619,1.8162699315414332,1.8903777967195028,-4.592766450160442,2.202495206990674,6.795261657151116,0.8364475162646842,3.8071192534556872,3.897922710559863,-4.917703557731651,4.835792229009563,9.753495786741214,8.625129262882577,0.6158317498944454,8.647086419460106,7.359182118770921,10.099539086579185,2.740356967808264,9.658497742157858,0.5028464797246043,9.671578631094297,8.332383967155314,10.84395318937344,2.5115692222181263,-0.42552510209449085,0.5832942612438059,0.7220137171221086,-2.0982349334831154,0.4368714201808148,2.53510635366393,0.17146077078269042,0.30553651481661565,0.35035889856499763,-0.3268607117204034,0.8293379192708958,1.1561986309912993,0.8557453695150161,0.8111915067259642,1.1791233175672218,-0.0767358359392943,2.0829021404389088,2.159637976378203,1.1124613197520234,0.8926459407864241,1.4263193764185123,0.04896765213577728,2.5103444006322166,2.4613767484964395,0.5000000003125251,0.6596111218919588,1,3,0.297837049744034,0.3358742962641607,Freestyle_1527072298681.csv,2,train,0.0,1.9666666654375,0.98333333271875,0.0,0,0.0,0,0.65
-3.473734153690098,3.6084373760033044,5.00875725774874,-9.01268449149283,2.202495206990674,11.215179698483505,-2.43667838232938,2.2281947095499555,3.3018560239019705,-5.380951792859175,3.495383656829161,8.876335449688337,7.8084220948684155,1.3531258615978417,7.924796856005467,5.485144889619425,11.93692800369883,6.451783114079404,9.899529549210461,0.8897316353212876,9.939431959552948,8.332383967155314,14.975643559315447,6.643259592160133,-0.725356554268042,1.0189322684312445,1.2507458168908854,-4.464729032969291,0.8061606160647199,5.270889649034011,0.2349755430007331,0.41096296179651765,0.4733963052000464,-0.5349249807478631,0.8293379192708958,1.364262900018759,1.1030934337943212,0.7983202616427707,1.3616645562801168,-0.1618484907627866,2.0829021404389088,2.244750631201695,1.716514941153618,0.8343716083814356,1.9085595416639827,0.1375663164190026,4.489217910690589,4.351651594271586,0.5000000003125251,0.8740416676610197,3,2,0.5308065945737618,0.4290512829606335,Freestyle_1527072298681.csv,2,train,0.999999999375,2.9666666648125,1.98333333209375,0.0,0,0.0,0,0.65
-6.35228313977226,0.69543525539425,6.390237185134851,-9.01268449149283,-4.819988351175453,4.192696140317378,-2.7133873245851565,1.249345914703767,2.987195338073221,-5.380951792859175,3.322929334716451,8.703881127575626,7.008864943497257,0.875365841479438,7.063317432525161,5.485144889619425,11.93692800369883,6.451783114079404,9.951412957463313,0.7863209095093464,9.982430586921224,9.0292662188849,14.975643559315447,5.946377340430548,-0.37357050304085077,0.978973773430567,1.0478285020971119,-4.464729032969291,0.8061606160647199,5.270889649034011,-0.06693411372087366,0.3708593164070314,0.3768511750618399,-0.5349249807478631,0.8088069969288174,1.3437319776766805,0.35973292989573813,0.6084989481775259,0.7068795871890258,-0.1618484907627866,1.9965766724546723,2.158425163217459,0.9172241610622422,0.9478079800786448,1.318954179923281,0.1375663164190026,4.489217910690589,4.351651594271586,0.5000000003125251,0.4398847209160418,2,2,0.3179657235697465,0.4128438931133484,Freestyle_1527072298681.csv,2,train,1.99999999875,3.9666666641875,2.9833333314687502,0.0,0,0.0,0,0.65
-5.633709783099334,0.5338451371923804,5.658946593730418,-7.017612450844318,-4.996209751168772,2.021402699675546,-2.6949302916577182,0.6811355388390511,2.779675322616639,-4.88950185321635,-1.5076880000822337,3.3818138531341164,7.503959486608459,0.5157809290704158,7.521664572649716,6.28969851686964,8.370235789803118,2.080537272933478,9.811579701525666,0.2421015363857243,9.814566184672191,9.260538794219954,10.310688495974937,1.0501497017549823,-0.022256011527205816,0.19936800983843386,0.2006064141448049,-0.5111946330908798,0.4136217761908539,0.9248164092817337,-0.15911758220789382,0.11038293812210774,0.19365639157062411,-0.3917567666347759,0.0349966082494964,0.4267533748842723,0.06719967505431378,0.08881926500226973,0.11137620106175636,-0.1442983027032141,0.319038603958546,0.4633369066617601,0.26974591368332546,0.13186178978873525,0.30025054463754214,0.03663377754554492,0.6374689997201862,0.6008352221746414,0.5000000003125251,0.7925570893234785,3,2,0.13437817030559748,0.18723657274800162,Freestyle_1527072298681.csv,2,train,2.999999998125,4.9666666635625,3.9833333308437497,0.0,0,0.0,0,0.65
-5.247754063792768,0.17307691612739998,5.25060742514137,-5.518367903541225,-4.833034553021206,0.6853333505200192,-2.133045602738201,0.5359865139974892,2.199355607114947,-3.2431301457294537,-1.3643025752050728,1.8788275705243809,7.922756649806875,0.191171788811532,7.925062749587316,7.466392904717923,8.370235789803118,0.9038428850851954,9.7562519577948,0.16796053232606847,9.757697628251968,9.40664594542315,10.208500898039397,0.801854952616246,-0.023909172143548228,0.16214744685986499,0.1639007109068248,-0.4462814181578488,0.4136217761908539,0.8599031943487027,-0.06769809537036449,0.057505533609767685,0.08882521327032707,-0.1917420997982714,0.0349966082494964,0.2267387080477678,-0.013808620500765765,0.05738749019425879,0.059025435457354454,-0.1369489379314869,0.0918053203611842,0.2287542582926711,0.1664934180971222,0.10255391416005938,0.195543763846388,0.032291661495112846,0.4801795653270962,0.44788790383198335,0.5000000003125251,0.8221890402949522,2,3,0.1561778996898176,0.0864171269005866,Freestyle_1527072298681.csv,2,train,3.9999999974375,5.9666666629375,4.9833333301875,0.0,0,0.0,0,0.65
-5.225480699406201,0.19540730546672028,5.229133059589943,-5.518367903541225,-4.8107474792421225,0.7076204242991029,-1.7244770816113193,0.49927227490917436,1.7952977495378517,-2.9707938576243627,-0.7613954378882085,2.209398419736154,8.045407621559402,0.1772682519928857,8.047360302000325,7.657420283388439,8.497530329498753,0.8401100461103139,9.762132725318814,0.1664303093259977,9.763551320836232,9.38681016722302,10.176811340766656,0.7900011735436365,-0.014203640023344661,0.1566671824234044,0.1573097245512846,-0.4462814181578488,0.3055071523322508,0.7517885704900995,-0.03960065784460086,0.048969770627930544,0.06297817508532044,-0.1917420997982714,0.0342373972200084,0.2259794970182798,-0.02779386253827212,0.05582681905924097,0.062362909818814566,-0.1369489379314869,0.0611823408133998,0.1981312787448867,0.15131078784171353,0.09852298198526006,0.18055949849439634,0.032291661495112846,0.4801795653270962,0.44788790383198335,0.5000000003125251,0.6336660645215764,3,2,0.050628028336478635,0.13080066788602215,Freestyle_1527072298681.csv,2,train,4.999999996875,6.9666666623125,5.98333332959375,0.0,0,0.0,0,0.65
-5.2188833833231225,0.16279369785466363,5.221421794567778,-5.633647549931399,-4.8107474792421225,0.8229000706892764,-1.5673758258525232,0.48005910360375903,1.6392448634721182,-2.818654229517227,-0.7492355449568696,2.0694186845603575,8.038036773218854,0.22733139367146715,8.041250818757439,7.597011099130678,8.497530329498753,0.9005192303680749,9.72473576444582,0.20395666471755552,9.72687431857605,9.356037619166685,10.176811340766656,0.8207737215999718,0.0025748183957033173,0.16195015270200783,0.16197061971226295,-0.3825973179428781,0.3362296498783231,0.7188269678212011,-0.03007763103414097,0.03869243400291464,0.04900783955344108,-0.1203856186639629,0.0342373972200084,0.15462301588397132,-0.03353431268313127,0.06158038538797611,0.07011914140704863,-0.1708497750860228,0.0611823408133998,0.2320321158994226,0.16568441877883727,0.07811285011603966,0.18317462700748707,0.04597234631486661,0.4071872300495575,0.36121488373469085,1.5000000009375754,0.5387952421156335,3,3,0.07598556926013807,0.08441024695447023,Freestyle_1527072298681.csv,2,train,5.99999999625,7.9666666616875,6.98333332896875,0.0,0,0.0,0,0.65
-5.145030546705635,0.23863317704549866,5.150561631484562,-5.695473105472097,-4.58825019376305,1.1072229117090462,-2.031754718247781,0.9674138753735948,2.250314831615229,-4.195120311495366,-0.1430334487879692,4.052086862707396,7.981122858816574,0.23414098712967607,7.984556599422319,7.512244303264157,8.47885903206929,0.9666147288051326,9.760899940467656,0.2649120659112782,9.764494152309524,9.116903252733412,10.43282760506411,1.3159243523306987,-0.10626778398398024,0.3824721242140475,0.39696066267789265,-0.9843558249158773,0.8810777537578363,1.8654335786737135,-0.046323516518637205,0.06226731897639457,0.07760855104407323,-0.2287110042728923,0.1136363377223163,0.34234734199520855,-0.04384228980374265,0.06855837826119673,0.08137811502511404,-0.1971512468677791,0.1128167681684814,0.3099680150362605,0.3270109168574888,0.25156930013397394,0.4125812071748699,0.05338103342226976,1.0145048720465486,0.9611238386242789,0.5000000003125251,0.5317245662966007,2,3,0.17601617721904536,0.1691027185805444,Freestyle_1527072298681.csv,2,train,6.999999995625,8.9666666610625,7.98333332834375,0.0,0,0.0,0,0.65
-5.26348403423298,0.6151249331926822,5.299305884930665,-7.549952749064533,-2.3606291930643555,5.189323556000177,-2.5536085976917087,0.957483235121361,2.7272130492030655,-4.577954059303182,-0.1430334487879692,4.434920610515213,7.8646289797179305,0.4188849754210065,7.875776381491067,6.671443172591416,8.960321774208449,2.288878601617033,9.867260190446734,0.43053899136068785,9.876648596009518,8.852902838447479,11.22845165771701,2.3755488192695307,-0.10054337609170154,0.43018132089525163,0.4417747608488977,-1.376169608096758,0.8810777537578363,2.2572473618545943,-0.028653621034922545,0.11001610328183284,0.11368629196051681,-0.2287110042728923,0.3761529422374828,0.6048639465103751,-0.0026775900431062743,0.08341385870645603,0.08345682304485087,-0.1971512468677791,0.1647101452391943,0.36186139210697343,0.3703628130064528,0.27908052665408145,0.46373974772017573,0.058675081843717634,1.3914754810998822,1.3328003992561646,0.5000000003125251,0.6233494227085667,2,4,0.41994329297965877,0.27130862763080604,Freestyle_1527072298681.csv,2,train,7.999999995,9.9666666604375,8.98333332771875,0.0,0,0.0,0,0.65
-5.3723253658052075,0.5695976223375142,5.402436606518082,-7.549952749064533,-2.3606291930643555,5.189323556000177,-2.7337835728761575,0.7197686466654244,2.826948801809135,-4.577954059303182,-0.7339926302208326,3.8439614290823494,7.731334999695407,0.4410983957535959,7.743907842443089,6.671443172591416,8.960321774208449,2.288878601617033,9.845827194338613,0.4536037334176755,9.856270566890313,8.852902838447479,11.22845165771701,2.3755488192695307,-0.035643241678514764,0.2712423226350358,0.27357419151996387,-1.376169608096758,0.4930851548687017,1.8692547629654597,-0.032273548132587544,0.10073537241960501,0.10577900153425045,-0.2046295929200123,0.3761529422374828,0.5807825351574951,-0.03733129170344067,0.10441847197384209,0.11089112962540974,-0.2543704385591753,0.1647101452391943,0.4190805837983696,0.2558745236334899,0.1812652923654136,0.31357435810503426,0.058675081843717634,1.3914754810998822,1.3328003992561646,1.0000000006250502,0.4701078332616568,2,3,0.2193300271540663,0.29057138202805555,Freestyle_1527072298681.csv,2,train,8.999999994375,10.9666666598125,9.98333332709375,0.0,0,0.0,0,0.65
-5.096310428730363,0.2471540360230782,5.102299981724747,-5.6078460295645405,-4.63014983139318,0.9776961981713601,-3.2942382872591622,0.7184509615205538,3.37167283071089,-5.005897148174415,-1.525004428264107,3.480892719910308,7.713935195130919,0.30182909080202974,7.719837886557843,7.022371178106734,8.447462241335872,1.4250910632291376,9.844252777193226,0.29703035925587634,9.848732902033449,9.21593557785671,10.601477064130938,1.385541486274228,-0.06018509484427179,0.26394361692289614,0.2707184488647838,-0.8768214819151201,0.3797802401908345,1.2566017221059547,-0.055460049194925226,0.042042995158933005,0.06959475913197481,-0.1743291333004516,0.0459190061658862,0.2202481394663378,-0.0717423603126175,0.11083306499195798,0.13202626465494288,-0.278670171050096,0.2053577628496564,0.4840279338997524,0.2606962595631741,0.16613339177570313,0.30913240466364755,0.049081822499317994,0.8884630837884587,0.8393812612891407,1.5000000009375754,0.9289428296330223,3,3,0.12462061672184055,0.13860939232867361,Freestyle_1527072298681.csv,2,train,9.99999999375,11.9666666591875,10.983333326468749,0.0,0,0.001945624468988955,0,0.65
-4.902677705156287,0.16697877950832224,4.905520420245194,-5.373587174447422,-4.59756105270429,0.7760261217431328,-3.6559450362841543,0.48150556709381515,3.6875170127706647,-5.005897148174415,-2.675962764526801,2.329934383647614,7.759366633645279,0.20342889849998375,7.762032844047531,7.165368316446778,8.308518246618945,1.143149930172167,9.893586002012032,0.16739834461503195,9.895002081100754,9.564250503454693,10.340993051444348,0.7767425479896559,-0.04019210463333826,0.24277107312389662,0.24607559655639477,-0.8768214819151201,0.3249041846504212,1.2017256665655414,-0.04940924338605056,0.03597949161629956,0.06112116776493518,-0.1743291333004516,0.0286539082703345,0.20298304157078612,-0.03227530152307015,0.10446340521026475,0.10933571290538631,-0.278670171050096,0.2053577628496564,0.4840279338997524,0.2151548550968689,0.17306554485023679,0.2761218833885934,0.049081822499317994,0.8884630837884587,0.8393812612891407,1.0000000006250502,0.6102646079222689,2,3,0.1005489374983888,0.09750115720128498,Freestyle_1527072298681.csv,2,train,10.999999993125,12.9666666585625,11.98333332584375,0.0,0,0.0,0,0.65
-5.0426235859812065,0.3179457852187198,5.052637148285271,-5.797170832678238,-4.59756105270429,1.1996097799739482,-2.9965433760779443,0.7715922004358634,3.094289373748044,-4.228693677307475,-0.9564929109321952,3.2722007663752795,7.881755270837758,0.17825602542713154,7.883770757700903,7.532301023863485,8.203651339690943,0.6713503158274579,9.860825316729587,0.1474256207282971,9.861927308630005,9.398526714901388,10.153024996474217,0.7544982815728289,0.09172675619820916,0.15680510781741283,0.18166353415112282,-0.2122661575433519,0.5155386373641555,0.7278047949075074,0.008125978352049005,0.06070505666143385,0.06124651360237466,-0.106653463873,0.1390156063090735,0.2456690701820735,0.01758491577601055,0.11323331521628587,0.11459063198062983,-0.1059566769882485,0.3580514074557566,0.4640080844440051,0.18208922897046428,0.12933406627561048,0.22334678866382246,0.0499379045002686,0.6134664171520465,0.563528512651778,0.5000000003125251,0.717816206614976,2,2,0.07155575461605575,0.07155575461605575,Freestyle_1527072298681.csv,2,train,11.9999999925,13.9666666579375,12.98333332521875,0.0,0,0.0,0,0.65
-5.67852486347798,0.5599451924006857,5.706065478386158,-6.576595415695669,-4.622794348477658,1.953801067218011,-0.527288041465118,2.178718945476246,2.2416174789756718,-3.22804239433839,4.245986392279493,7.4740287866178825,7.355875085390405,0.8304317537598609,7.402601918887709,4.96649436222798,8.203651339690943,3.2371569774629627,9.606189357669018,0.3219834775356946,9.611584018006578,8.851586349585936,10.153024996474217,1.3014386468882808,0.29262979136349665,0.2217465548669205,0.3671562737974006,-0.0623344862881285,0.8106287032780841,0.8729631895662127,0.11233160272400873,0.08595701220810964,0.14144609191592972,-0.0379534384654603,0.3574951781541741,0.3954486166196344,0.15645809562663987,0.14360674707510374,0.21237239343334532,-0.1018507268090191,0.3874808765809042,0.4893316033899233,0.3817621192322909,0.2327454491906536,0.4471160473520147,0.052981692963782356,0.8736986668316112,0.8207169738678288,0.5000000003125251,0.6708962952524412,2,2,0.10596452136122124,0.08476245898634505,Freestyle_1527072298681.csv,2,train,12.999999991875,14.9666666573125,13.983333324593751,0.0,0,0.0,0,0.65
-6.948780914261634,0.949943409761058,7.013412056635144,-8.552245024865192,-5.473278811720156,3.078966213145036,1.6777347534439426,1.5939256672759736,2.3141721923216436,-1.102092737326802,4.264367643406842,5.366460380733644,5.703000460558882,1.2546998413514947,5.839390888185366,3.897936787875704,7.783980230881306,3.886043443005602,9.4093465060514,0.3256161635278444,9.41497889306674,8.712905523152012,10.234511528314746,1.5216060051627345,0.12867756450895326,0.35946411703415815,0.38180147595720837,-0.4983291757300803,0.8106287032780841,1.3089578790081644,0.1198974271256631,0.16643959968850053,0.20512809016763645,-0.2606971894614266,0.4427021157204753,0.7033993051819019,-0.1602855836216081,0.4645538626541273,0.4914282853314299,-0.9574302439215328,0.3874808765809042,1.3449111205024369,0.6244514493103732,0.19852467729954507,0.6552493113637848,0.27972038049389103,1.09315697310617,0.8134365926122791,0.5000000003125251,0.7277706080600764,2,3,0.26181184621847664,0.17967434904038151,Freestyle_1527072298681.csv,2,train,13.99999999125,15.9666666566875,14.98333332396875,0.0,0,0.0,0,0.65
-8.222757597065792,0.6709216283664096,8.250083534820302,-9.406173304085051,-6.248356045656743,3.1578172584283086,-0.08845071277667224,2.4073275073805602,2.408951899972642,-2.865413150769596,4.264367643406842,7.129780794176438,4.39167786646317,0.5241165135717,4.422842140816362,3.4335332036873183,6.253152840426715,2.8196196367393966,9.65796943200481,0.38998287261950615,9.665839859550534,8.712905523152012,10.59548011918714,1.8825745960351288,0.066899062538688,0.34550038354192486,0.3519176034189999,-0.4983291757300803,0.8854729384412203,1.3838021141713006,0.09236510559255072,0.17512417609507025,0.19798936785620638,-0.2606971894614266,0.4427021157204753,0.7033993051819019,-0.5169752282970871,0.24084533852407294,0.5703243496130956,-0.9574302439215328,0.0317261897440186,0.9891564336655514,0.6773678452887771,0.171722029194605,0.6987958594195255,0.3195011879631101,1.09315697310617,0.77365578514306,1.0000000006250502,0.5303875745943712,2,2,0.35881382743887136,0.38776134703733633,Freestyle_1527072298681.csv,2,train,14.9999999905625,16.9666666560625,15.9833333233125,0.0,0,0.0,0,0.65
-8.155733390964325,0.6393192069385336,8.180752788885075,-9.406173304085051,-6.942859696547002,2.4633136075380495,-3.402585672812066,1.3171015679003872,3.6486087486864904,-5.951274302924101,-1.5815782465756831,4.369696056348418,4.026349003292887,0.3261039136342559,4.039533396174018,3.4335332036873183,4.690367397271378,1.2568341935840595,9.823754479750573,0.22077131658857935,9.826234886905958,9.35224420650628,10.59548011918714,1.243235912680861,0.1015563353268183,0.3019550694658084,0.3185758202078657,-0.3533869331267924,0.8854729384412203,1.2388598715680128,0.048986169061477666,0.1466721952945796,0.15463627527799212,-0.3284545027483462,0.3089766054894908,0.637431108237837,-0.37497676059886936,0.21453079981246198,0.4320081423508085,-0.7892642751585397,-0.05087648970552,0.7383877854530196,0.5094875504047993,0.22903362611826,0.5586000052903346,0.12193985328149672,0.9567553514614967,0.83481549818,1.0000000006250502,0.5403366611607971,2,2,0.3555673435467148,0.2925243699705691,Freestyle_1527072298681.csv,2,train,15.99999999,17.9666666554375,16.98333332271875,0.0,0,0.0,0,0.65
-6.90463839124898,1.2268949476091142,7.012795628447906,-8.44604704248696,-3.4193813585596287,5.026665683927331,-5.702098888397432,1.2228630493039792,5.831751518233287,-7.587295215786853,-3.0130705412651855,4.574224674521668,4.015112557755429,0.39296506682391796,4.0342967658799305,3.371076763255327,4.963161232005675,1.5920844687503477,9.96704594862516,0.3495336178086058,9.973172950068777,9.436192985675294,10.827648699866218,1.3914557141909238,-0.12367557550686702,0.22138539663195478,0.25358852856318775,-0.4820067318041104,0.5082133386060849,0.9902200704101953,-0.22729977313327873,0.29995823365667157,0.37635107121525563,-0.8491415759314428,0.2369464148626746,1.0860879907941174,-0.30762286412508444,0.2578941523538157,0.40142399075144136,-0.772314503043467,0.1244527580181276,0.8967672610615947,0.5373465911181655,0.27990557691516876,0.6058782806591818,0.12193985328149672,1.0337503774772938,0.9118105241957971,0.5000000003125251,0.465885162280317,2,2,0.423690194029148,0.39703679072119147,Freestyle_1527072298681.csv,2,train,16.999999989375,18.9666666548125,17.98333332209375,0.0,0,0.0,0,0.65
-4.517012417505596,1.9900421056505129,4.935956722071382,-7.663518317941055,-1.897058769481383,5.766459548459672,-7.513468297839766,1.0664893672780855,7.588781551287426,-12.294312347322466,-6.124057536222029,6.1702548111004365,4.585593781052446,0.6906926476422557,4.637318908413992,3.371076763255327,5.838928315516727,2.4678515522613997,10.14260020320228,0.7652855490972746,10.17143061981234,8.934573313314914,13.8338951035805,4.899321790265587,-0.09524820229840404,0.4396037663554953,0.4498040589356821,-2.120611724378228,0.5082133386060849,2.628825062984313,-0.4253116971118659,0.2239490058735356,0.48066952985592964,-0.89584420541204,0.0011309216475948,0.8969751270596348,-0.14894385425959772,0.4365630608225695,0.46127169628807135,-0.8017520620470484,0.750622066645858,1.5523741286929065,0.7319450426522847,0.33225731098074396,0.8038273858008383,0.21548583850131653,2.2263969770401353,2.0109111385388188,1.5000000009375754,0.5002520355741107,3,2,0.49421689835494104,0.6277782518150381,Freestyle_1527072298681.csv,2,train,17.99999998875,19.9666666541875,18.98333332146875,0.0,0,0.0,0,0.65
-2.7407544966152235,0.5670851428373025,2.798807026206589,-4.405274250307862,-1.897058769481383,2.508215480826479,-8.245390640187557,0.7740585753049029,8.281644370974622,-12.294312347322466,-7.451622966022795,4.842689381299671,5.128485100582575,0.5742914867715537,5.160539713893862,4.118815173237097,6.082718045454523,1.9639028722174254,10.125841425288273,0.7193468049770735,10.151360716471205,8.934573313314914,13.8338951035805,4.899321790265587,-0.26764888726125957,0.4667610881492698,0.5380537522055587,-2.120611724378228,0.4554714101737958,2.5760831345520234,-0.45998682554848497,0.2542104691254405,0.5255576488751247,-0.89584420541204,0.3037365491276785,1.1995807545397186,0.2925080323805655,0.44747538267092346,0.5345981360832072,-0.8017520620470484,0.7720166384608119,1.5737687005078604,0.8615743512842237,0.33045043027122567,0.9227718296834105,0.27773828463097666,2.2263969770401353,1.9486586924091587,0.5000000003125251,0.41404141142260864,2,3,0.45754407774644973,0.5418808843284139,Freestyle_1527072298681.csv,2,train,18.999999988125,20.9666666535625,19.983333320843748,0.0,0,0.0,0,0.65
-4.194051029449224,1.7448695446467193,4.54253604999011,-6.915586675381671,-2.379538058187197,4.536048617194474,-7.906372115348343,0.7169781799890951,7.9388146304683485,-8.88111796282152,-6.625205476137417,2.255912486684103,4.603804047703216,0.7789328513873301,4.6692342087990095,3.483403847852115,6.082718045454523,2.5993141976024075,10.266725097431317,0.23561700446034864,10.269428396898094,9.971278579468754,10.922960895524438,0.9516823160556847,-0.14184738456632767,0.4077864515632596,0.43175278874242645,-0.8075845154857929,0.6958481232527371,1.5034326387385302,-0.2201761309143575,0.41469418134684566,0.46951974683430175,-0.8839713640052786,0.4121605101649945,1.2961318741702732,0.3437838585460578,0.39851176800552224,0.5263069167659714,-0.5332940528095047,0.7720166384608119,1.3053106912703165,0.7883281312052234,0.24979389792465306,0.82695721406244,0.2515907160540712,1.213623608688734,0.9620328926346629,0.5000000003125251,0.8898614396793683,2,1,0.5513490232447305,0.44322357477304963,Freestyle_1527072298681.csv,2,train,19.9999999875625,21.9666666529375,20.98333332025,0.0,0,0.0,0,0.65
-5.217664942210931,1.023377240829312,5.317078937370067,-6.915586675381671,-3.2978457444076,3.6177409309740707,-7.349872893760409,0.6209633463606076,7.376057689033987,-8.783629208552851,-6.625205476137417,2.158423732415434,4.507629130653064,0.558541038404744,4.542101768024837,3.483403847852115,5.188024586185351,1.7046207383332361,10.158982012006053,0.32144736585261174,10.164066308779974,9.635732796043364,10.922960895524438,1.2872280994810748,0.1253052539336138,0.19680783369440744,0.23331251588128094,-0.114364434963667,0.6958481232527371,0.8102125582164041,0.06168671425749295,0.30175300523542,0.307993712410648,-0.3869900939473269,0.5188873334870477,0.9058774274343746,0.027996768501298494,0.3594941104039761,0.3605826319467723,-0.5332940528095047,0.7282494236231152,1.2615434764326199,0.48793452739866977,0.20306301579865357,0.5285023097518188,0.08992566307271861,0.8406150291667178,0.7506893660939992,0.5000000003125251,0.9035306630242749,1,1,0.36055689113804484,0.7991506041123214,Freestyle_1527072298681.csv,2,train,20.999999986875,22.9666666523125,21.98333331959375,0.0,0,0.001945624468988955,0,0.65
-4.805367805840813,0.7427698398596019,4.862434244739605,-6.297781052382934,-3.845167891784813,2.452613160598121,-7.162002716455885,0.21597240517313407,7.165258333815869,-7.521857831907732,-6.777473609901319,0.7443842220064125,4.99038532291377,0.10606588078529516,4.991512360219089,4.739322702841758,5.188024586185351,0.4487018833435936,9.991956262555584,0.2453557909043632,9.994968204899608,9.635732796043364,10.613982341339563,0.9782495452961992,-0.03896496279316264,0.15874243290463055,0.16345466750739693,-0.4524750565990738,0.2472685715094473,0.6997436281085211,-0.07315804160239374,0.3446249784828078,0.3523045200467535,-0.7665297516606996,0.5188873334870477,1.2854170851477473,-0.059388957635466366,0.17851631646738061,0.18813591771405377,-0.4449078881629608,0.2212415955143284,0.6661494836772892,0.38921451721489314,0.18639497390920684,0.43154493011671013,0.08992566307271861,0.8902986301020178,0.8003729670292992,0.5000000003125251,0.531643261836546,1,1,0.9058774274343746,1.0074282055416939,Freestyle_1527072298681.csv,2,train,21.99999998625,23.9666666516875,22.98333331896875,0.0,0,0.0,0,0.65
-5.019588671924212,0.6339114497910435,5.059457892055835,-6.297781052382934,-3.845167891784813,2.452613160598121,-7.067131703422526,0.28307505638726976,7.072798738905866,-7.521857831907732,-6.4321181736535005,1.0897396582542314,5.047450929825364,0.11646812501499212,5.048794481174634,4.819317111549817,5.259953370236381,0.4406362586865642,10.052700299521366,0.23693577968927057,10.055492124987913,9.719865305593105,10.613982341339563,0.8941170357464578,-0.04708676506862619,0.1563291066560626,0.16326650921885535,-0.4524750565990738,0.2049258500755965,0.6574009066746702,-0.10318230666470218,0.27046741273108205,0.2894809315967014,-0.7665297516606996,0.2408984538809943,1.0074282055416939,0.03610035857083057,0.1627753397732781,0.16673046250535223,-0.3149884739818421,0.2591306506092358,0.574119124591078,0.3201350498369191,0.18912366267542183,0.37182551004181164,0.027426082622721136,0.8902986301020178,0.8628725474792966,1.0000000006250502,0.6267273447868198,2,2,0.34330814875927473,0.6946061960946215,Freestyle_1527072298681.csv,2,train,22.999999985625,24.9666666510625,23.98333331834375,0.0,0,0.0,0,0.65
-5.559291006233802,0.549669373542106,5.586398921684899,-6.500455645544447,-4.536396575468737,1.9640590700757095,-6.505486413404756,0.49755522224624543,6.5244857785252615,-7.406583535044004,-5.903897629153883,1.5026859058901207,5.372874220796596,0.2716984390419729,5.37973953219656,4.911214736192244,5.747802540585733,0.8365878043934885,10.132699403068896,0.2162587055039741,10.135006907775598,9.730300247924665,10.510638707889207,0.7803384599645415,0.03475986580377731,0.10763954484680867,0.11311286348388824,-0.1891961751024543,0.2076647742202093,0.3968609493226636,-0.010574814533358116,0.15479984297717003,0.1551606202880467,-0.3015795987588248,0.2466818621479051,0.5482614609067299,0.0017569223339338866,0.19486917300298628,0.1948770929661957,-0.3865219793316448,0.2591306506092358,0.6456526299408806,0.25122235888016176,0.10832241566425041,0.27358073641367997,0.027426082622721136,0.5113964383067343,0.4839703556840132,1.0000000006250502,0.6411805484359772,2,2,0.4354456499048468,0.42757050039346695,Freestyle_1527072298681.csv,2,train,23.999999985,25.9666666504375,24.98333331771875,0.0,0,0.0,0,0.65
-5.31441479509339,0.8013004318148533,5.374484812178206,-6.500455645544447,-4.119850858590904,2.380604786953543,-6.556309274858382,0.586223329308523,6.582465275215632,-7.6371476037561905,-5.903897629153883,1.7332499746023071,5.483487094258368,0.2599219000613911,5.489643896194872,4.698288887299742,5.747802540585733,1.0495136532859908,10.114915170982131,0.19651281540631843,10.116823918739685,9.869106161834411,10.510638707889207,0.6415325460547958,-0.11423212113022378,0.17691560415573884,0.2105899059587145,-0.3622996948751289,0.2076647742202093,0.5699644690953383,-0.09819849137160545,0.1801014149628269,0.20513279449973773,-0.4052598505651453,0.2466818621479051,0.6519417127130505,-0.06358647476250122,0.21639984562003958,0.22554851575015777,-0.3865219793316448,0.2748660420246593,0.6613880213563041,0.3484926886835503,0.12590691308336147,0.3705397479732384,0.0889901615026883,0.5898673956092176,0.5008772341065293,1.0000000006250502,0.4835162611586621,1,2,0.4448004920266127,0.3422889843895318,Freestyle_1527072298681.csv,2,train,24.999999984375,26.9666666498125,25.98333331709375,0.0,0,0.0,0,0.65
-5.0929642027386235,0.6245854793421829,5.131119896414638,-6.01626503639044,-4.119850858590904,1.896414177799536,-7.173009531481799,0.35083931195718115,7.18158436290651,-7.6371476037561905,-6.185687507276807,1.4514600964793836,4.857963965928437,0.5459587913049674,4.888546296810774,4.119608897383345,5.701320893940885,1.58171199655754,10.089025760902702,0.11397124562542389,10.0896694816524,9.881577521554446,10.313223350353104,0.43164582879865776,-0.12922791480842177,0.16977127382270543,0.21335917927550424,-0.3622996948751289,0.2136617306454587,0.5759614255205876,-0.1082661025709559,0.20445651244153573,0.2313525760514903,-0.4052598505651453,0.2331802105535941,0.6384400611187394,0.02736916049541177,0.19610195961103877,0.1980026502588111,-0.3576380956846841,0.3227119591466768,0.6803500548313608,0.3575232444718964,0.10211920974321692,0.3718214670191736,0.15643590293712803,0.5898673956092176,0.4334314926720896,0.5000000003125251,0.9373610991719262,1,1,0.5664961884037083,0.1092654750149564,Freestyle_1527072298681.csv,2,train,25.99999998375,27.9666666491875,26.98333331646875,0.0,0,0.001945624468988955,0,0.65
-4.766227605010013,0.9851217776915361,4.866969334158744,-6.01626503639044,-3.2299827862822688,2.786282250108171,-7.3469557989816066,0.3047395480137337,7.353273128635511,-8.048746534004575,-6.815164421655557,1.2335821123490183,4.891618439885442,0.5518417224919627,4.92264768677489,4.119608897383345,5.586044128140328,1.466435230756983,10.097674534416997,0.16566668057081294,10.099033441476708,9.576471174101663,10.313223350353104,0.7367521762514411,0.03840759182334888,0.12094444431732677,0.12689642122966246,-0.2067756295528587,0.2984597264925637,0.5052353560454224,-0.02611024503013386,0.18512597447912496,0.18695820742181724,-0.3333159778501142,0.2331802105535941,0.5664961884037083,-0.171565497882586,0.2641311742631611,0.31496031064458896,-0.4744020196291882,0.3227119591466768,0.797113978775865,0.37277182877571424,0.10628844714182602,0.387628779020097,0.15643590293712803,0.510465021456621,0.3540291185194929,0.5000000003125251,0.8054444741403106,2,2,0.1522512713782485,0.36389042554437445,Freestyle_1527072298681.csv,2,train,26.999999983125,28.9666666485625,27.98333331584375,0.0,0,0.0,0,0.65
-3.7295027271173486,0.6525639406994453,3.786163003394984,-5.127575195473299,-2.8324424554002547,2.2951327400730444,-7.224813910112991,0.6822439549970567,7.2569547917767965,-9.3358715464286,-4.700141067092728,4.635730479335871,5.939010105320552,0.6465863418996742,5.974103692490686,5.001453803015921,7.578209873839837,2.576756070823916,10.12778434401596,0.3410606220383045,10.133525451036277,9.045548626527689,11.203605873357667,2.158057246829978,0.1476580125308099,0.28580729460342114,0.3216965935677212,-0.1556557799796948,1.4200050467560463,1.575660826735741,0.06851704396759666,0.1527182621725811,0.16738414774126847,-0.2309333066731869,0.384577079144113,0.6155103858172999,-0.3453866396430997,0.1684813248019769,0.38428880760566203,-0.5866306579765287,0.348784552323881,0.9354152103004096,0.48814711579193026,0.2022286632086257,0.5283786888956897,0.19140178823516563,1.466314214018273,1.2749124257831075,0.5000000003125251,0.7486684927536943,3,3,0.29762635199587767,0.21299523033136372,Freestyle_1527072298681.csv,2,train,27.9999999825,29.9666666479375,28.98333331521875,0.0,0,0.0,0,0.65
-2.8065008363739894,0.925180997704027,2.9550646055679595,-4.510698729755705,-0.9810272100635662,3.529671519692139,-7.564131106019756,0.868397314280216,7.613815947637868,-9.3358715464286,-4.700141067092728,4.635730479335871,6.072303912116921,0.6204612364676214,6.103920620967265,5.228565593908585,7.578209873839837,2.349644279931252,10.190970592387519,0.3233657986668441,10.196099600075248,9.045548626527689,11.203605873357667,2.158057246829978,0.005160689067521545,0.45852431002129634,0.45855335086787613,-1.2453344954485404,1.4200050467560463,2.6653395422045865,-0.00630969667723457,0.2017039069691164,0.20180257272583188,-0.4130185770858592,0.384577079144113,0.7975956562299722,-0.07631736414007163,0.3157736973918349,0.32486515361577084,-0.5866306579765287,0.4261869979354084,1.012817655911937,0.5238932093271302,0.28647639903775746,0.5971036944993061,0.19140178823516563,1.466314214018273,1.2749124257831075,0.5000000003125251,0.6349803920409196,3,2,0.34265454244465526,0.4092901035741585,Freestyle_1527072298681.csv,2,train,28.999999981875,30.9666666473125,29.98333331459375,0.0,0,0.0,0,0.65
-2.676463841078418,0.7839191420577823,2.788904428962178,-3.623940295236617,-0.9810272100635662,2.642913085173051,-7.904248002142623,0.4097359502970106,7.914860708082071,-8.65991230204429,-6.836755238602252,1.8231570634420384,5.760198452282436,0.3564814604515182,5.7712186963693055,5.2303742440061765,6.869668813735395,1.639294569729219,10.183411069082581,0.16766687697708568,10.184791268531178,9.661102499610267,10.452674014750473,0.7915715151402054,-0.12719742453729588,0.3243370540852183,0.3483872980772963,-1.2453344954485404,0.2785098321320309,1.5238443275805713,-0.16614292997292182,0.12178863322490212,0.20599986495815217,-0.4130185770858592,0.0710784818248636,0.4840970589107228,0.06181079484206401,0.23379249368636518,0.2418253594292725,-0.3823696470341072,0.4261869979354084,0.8085566449695156,0.3889033182120726,0.26653961688858196,0.47147551186405495,0.10183972671741233,1.3268003270887505,1.2249606003713382,1.0000000006250502,0.5715667325563277,2,2,0.32251101263707144,0.3552842046837645,Freestyle_1527072298681.csv,2,train,29.99999998125,31.9666666466875,30.98333331396875,0.0,0,0.0,0,0.65
-2.4915431702900293,0.7939794552864758,2.6149934502472276,-3.623940295236617,-1.256692662948616,2.3672476322880014,-7.9368372615647305,0.365264261754756,7.945237799932584,-8.483358526563766,-6.644595311035911,1.8387632155278553,5.845461741981478,0.156710541510576,5.847561985202866,5.524547281741122,6.123703608222936,0.5991563264818138,10.203797345431763,0.20370406589667722,10.205830471505154,9.182698791982526,10.530852795026084,1.3481540030435575,-0.04014856406871824,0.10846777342239787,0.11565969508862027,-0.2138579019542557,0.3428128108879349,0.5566707128421906,-0.04076085917222602,0.1987297998823785,0.20286690464870863,-0.3724851027951754,0.3770358336199607,0.7495209364151361,-0.1578199566172391,0.20455111995200012,0.25835692245474046,-0.3954138079538362,0.3622745416820506,0.7576883496358868,0.3239147377375344,0.1279049964874319,0.34825342130412107,0.10183972671741233,0.5525769381764748,0.4507372114590625,0.5000000003125251,0.4714621206922911,2,2,0.43364523891067575,0.1532029162366588,Freestyle_1527072298681.csv,2,train,30.9999999806875,32.9666666460625,31.983333313375,0.0,0,0.0,0,0.65
-1.0795099965933113,0.757260870655122,1.3186302965464751,-2.4068973650970222,0.2370744414934815,2.643971806590504,-8.408764222325555,0.394821434179283,8.418028255568505,-8.925276307564001,-6.644595311035911,2.2806809965280905,5.7280480829878115,0.2192477545538203,5.732242529664741,5.136067723451786,6.123703608222936,0.9876358847711497,10.267261300788373,0.20960765909332166,10.269400663593625,9.182698791982526,10.594431878126699,1.4117330861441726,-0.07121552792608625,0.1187861965377726,0.13849841842310517,-0.3780534631496451,0.3428128108879349,0.72086627403758,-0.1175035748559691,0.25784796729067005,0.28335960251924197,-0.4632354578004197,0.3770358336199607,0.8402712914203804,-0.10665861911696517,0.21870130537139307,0.24332349250142116,-0.3954138079538362,0.3283985484544716,0.7238123564083078,0.3879685809819276,0.0903392407513087,0.39834758471547616,0.20522127052205558,0.5824483435008492,0.3772270729787936,0.5000000003125251,0.8357569824305155,1,1,0.5379609879414685,0.33386323505702653,Freestyle_1527072298681.csv,2,train,31.99999998,33.9666666454375,32.98333331271875,0.0,0,0.0,0,0.65
-2.07877099536508,2.4450942923598755,3.2093262454449794,-8.436838262612936,0.2370744414934815,8.673912704106417,-7.699111896894853,1.319586120971983,7.811378337500353,-8.925276307564001,-4.509322607942256,4.415953699621745,4.63136803798476,1.5348351667071685,4.879066395554363,0.6852129034708248,5.918950087588994,5.233737184118169,9.722295466856185,0.7743811907886945,9.753086453707851,7.666272135603146,10.594431878126699,2.928159742523553,-0.14230413813482876,0.18646027026440753,0.2345589480650276,-0.7983736172198468,0.1635253787073863,0.961898995927233,0.12582641431216918,0.5103726454924313,0.5256543767587222,-0.4632354578004197,1.0435544853689924,1.506789943169412,0.4219272326807634,0.36243536901493506,0.5562211667948633,-0.0935373908192197,1.0312967757835012,1.1248341666027208,0.6893462190903489,0.40683436499323966,0.8004451326066091,0.20522127052205558,1.5852970433401052,1.3800757728180497,0.5000000003125251,0.8196582107763364,1,0,0.6794861772493186,0.0,Freestyle_1527072298681.csv,2,train,32.999999979375,34.9666666448125,33.98333331209375,0.0,0,0.0,0,0.65
-4.508560907585764,4.564559099875355,6.415786875642416,-10.421751482406831,10.130384913677446,20.55213639608428,-6.520773052465746,1.4525656122220116,6.680600875637859,-9.614426844777928,-1.2141716949032175,8.40025514987471,4.796873056873448,2.1154347004384833,5.24261910647509,0.6852129034708248,8.750721269457262,8.065508365986437,10.506996443227129,1.697300836866863,10.643204610868688,7.666272135603146,14.241679773243899,6.575407637640753,0.056948667347481795,0.9054524180115773,0.9072415510742805,-2.1210846600490156,2.0340915786519957,4.155176238701012,-0.32549067885732336,1.0370685226057401,1.0869477000309875,-1.865517267414763,1.0435544853689924,2.9090717527837553,0.07165855112202682,0.8075840011748302,0.8107569715410754,-1.894455896954188,1.0312967757835012,2.9257526727376892,1.4752895203043943,0.6966995283339912,1.6315236441746028,0.31073506953400604,3.062386388589633,2.751651319055627,0.5000000003125251,0.9600126340456662,1,1,1.1189395372535942,1.0900713478830801,Freestyle_1527072298681.csv,2,train,33.99999997875,35.9666666441875,34.98333331146875,0.0,0,0.001945624468988955,0,0.65
-1.598867696681802,6.273266443117924,6.473812615286449,-10.421751482406831,13.013608768860482,23.435360251267312,-4.783704338236985,2.788201175942695,5.536957015653597,-9.614426844777928,3.612832642818952,13.227259487596879,7.208761874655389,2.1415686800768863,7.520143893368752,1.2882619776075062,11.123714655155982,9.835452677548476,11.267490025229387,1.4711816608988588,11.363129276216517,8.345889800615224,15.216658915628607,6.870769115013383,0.44314892512839354,0.9799913724416124,1.0755296648175008,-2.1210846600490156,2.380601758831908,4.501686418880924,-0.5915726811049107,0.8471859432288772,1.033287113746346,-1.865517267414763,0.6702921925622498,2.535809459977013,-0.3481976561147641,0.5916363982666232,0.6864948910791092,-1.894455896954188,0.9684123960863664,2.8628682930405542,1.472442326654629,0.7263849871041683,1.641865266949276,0.3056909073925635,3.062386388589633,2.7566954811970694,0.5000000003125251,0.9719207702267065,2,3,0.9019206904052919,1.1876357216565896,Freestyle_1527072298681.csv,2,train,34.999999978125,36.9666666435625,35.98333331084375,0.0,0,0.006147459331374276,0,0.65
1.2918168677926498,3.073828322646109,3.3342482476586843,-5.573931492440552,13.013608768860482,18.587540261301037,-1.5507241614945257,2.69724125023284,3.1112466612277005,-9.582323877672946,3.612832642818952,13.1951565204919,9.205234828728367,1.3333198770621377,9.301295078998557,4.298886380684517,11.123714655155982,6.824828274471465,10.299101403165508,1.1134036096279691,10.35910987057374,8.345889800615224,15.216658915628607,6.870769115013383,0.33960065204560697,0.5303445923001828,0.6297570876551121,-0.8388567478657843,2.380601758831908,3.219458506697692,0.027860582111487595,0.34353635593186654,0.3446642422453148,-1.1426608142181978,0.6702921925622498,1.8129530067804476,-0.019859622596132796,0.3449898616351733,0.3455610065396801,-0.8100200025455078,0.9684123960863664,1.7784323986318742,0.6128194420593693,0.5091681156643113,0.7967432701787334,0.034563680966132465,2.548664294097394,2.5141006131312618,1.0000000006250502,0.48023535723078836,4,3,0.487133471632049,0.656020471238227,Freestyle_1527072298681.csv,2,train,35.9999999774375,37.9666666429375,36.9833333101875,0.0,0,0.0,0,0.65
0.7914018193275608,1.4239185290259948,1.629067468504152,-3.935768160184536,5.979235607116293,9.91500376730083,0.004720104194829652,1.454674073040538,1.4546817308813493,-4.837115177404041,4.373374261710081,9.210489439114122,9.776640641411683,1.21949386677959,9.852404149364547,6.258869589250706,12.497220388452234,6.238350799201529,10.025877799437955,1.149609337232156,10.09157209147882,6.665652888342346,12.891821087637439,6.226168199295093,-0.1525258672642998,0.6613372051703797,0.6786980470925902,-2.540972632921639,1.3866322079366524,3.9276048408582915,-0.015083791844699318,0.307413867562385,0.3077837012352632,-0.5943189445429042,1.50321955361453,2.0975384981574345,0.03438889871912822,0.14392355380850474,0.14797494955560558,-0.5436744500765753,0.4191235973171957,0.962798047393771,0.5359184872976519,0.5385627229413062,0.7597752506954657,0.034563680966132465,2.550738622749865,2.5161749417837327,1.0000000006250502,0.5272068476122712,3,2,0.8389141505809748,0.768977176906317,Freestyle_1527072298681.csv,2,train,36.999999976875,38.9666666423125,37.983333309593746,0.0,0,0.0,0,0.65
1.4749054980528302,1.6406000413690123,2.206108502301388,-3.935768160184536,5.979235607116293,9.91500376730083,-2.5166327330923908,2.920389862106389,3.855141665356262,-7.834209893291382,4.373374261710081,12.207584155001463,9.214859480268283,1.388203458281762,9.31883812943844,6.258869589250706,12.497220388452234,6.238350799201529,10.250848020493226,1.220610882844413,10.323263828197362,6.665652888342346,12.891821087637439,6.226168199295093,-0.48396406099911454,0.6614957389415721,0.8196327378628866,-2.540972632921639,1.3866322079366524,3.9276048408582915,-0.15569705118156796,0.34312988746334533,0.37680192597337375,-0.895781301122011,1.50321955361453,2.399000854736541,0.012272007050056022,0.16761773666234098,0.16806637915074663,-0.5436744500765753,0.4191235973171957,0.962798047393771,0.7563230054180654,0.5196146030185091,0.9176185613830498,0.10521138179782678,2.550738622749865,2.445527240952038,0.5000000003125251,0.6110274705267915,3,2,0.981191026720864,0.6975778000795434,Freestyle_1527072298681.csv,2,train,37.99999997625,39.9666666416875,38.98333330896875,0.0,0,0.0,0,0.65
-0.638898605310792,5.336459402872584,5.374568855859537,-18.293372069850456,4.132400952655816,22.42577302250627,-5.669017500109016,4.286276973638531,7.107033819483776,-22.1153716585646,3.425175817737309,25.54054747630191,6.6277079292895,2.669105755696627,7.14497291324885,-1.5362597054347236,10.658993407114302,12.195253112549025,10.66606471808898,4.084314074389805,11.421320327734495,5.5392979900192305,26.290198270966886,20.750900280947654,-0.3944321488285213,1.9085294848054462,1.9488615944702763,-5.294859578563156,4.914720149802691,10.209579728365847,0.3664447115166884,1.1342365966156527,1.1919624086777267,-0.9060923322684048,3.89216124365842,4.798253575926824,-0.3941929890120497,1.3714986457289076,1.427023702614109,-5.308053171191428,3.016236716998988,8.324289888190416,1.8748442953436801,1.933957448896375,2.693553887696423,0.10521138179782678,7.363443165339136,7.2582317835413095,0.5000000003125251,0.7188250153556176,1,2,2.5714142571132403,1.3641636178982768,Freestyle_1527072298681.csv,2,train,38.999999975625,40.9666666410625,39.98333330834375,0.23333333333333334,0,0.03224077953200802,0,0.65
-7.491661863171926,7.62061924211368,10.686385502375344,-27.20009863944469,3.542216973136135,30.742315612580825,-3.5415578457849572,7.967646728842369,8.71929047403936,-22.1153716585646,15.731143364106632,37.846515022671234,2.5679461118804303,4.921287957240453,5.550983912028725,-11.971745416977033,12.397446353139523,24.369191770116558,13.21606502506147,6.809839140611191,14.867356317370387,2.3035299752362794,32.779413319646665,30.475883344410384,-1.6679351079733142,3.0974704301752802,3.518000936642881,-11.684048155174,4.914720149802691,16.59876830497669,-0.11084414887135359,2.907952842120449,2.910064631126843,-6.673642347481467,4.4417555262192785,11.115397873700745,-0.101916114410973,3.620347068026701,3.621781300319797,-6.79352313664494,6.068699236095541,12.862222372740481,5.088273688262857,2.8410521657008796,5.82770165115732,0.5430907932675806,12.447926060068767,11.904835266801186,0.5000000003125251,0.7856179992715916,1,2,5.347847858487683,4.186465218665639,Freestyle_1527072298681.csv,2,train,39.999999975,41.9666666404375,40.98333330771875,0.7333333333333333,0,0.6830588527786823,1,0.65
-7.371629093337218,6.877514452236804,10.081722101429984,-27.20009863944469,1.595044379873707,28.795143019318395,-0.3546838943172232,6.9562807227003525,6.9653170895444925,-17.70822288128088,15.731143364106632,33.43936624538751,4.621819617839665,6.291919788854726,7.807014231396614,-11.971745416977033,20.362793876561685,32.33453929353872,13.085458874905125,6.314823824205895,14.529495307738381,2.3035299752362794,32.779413319646665,30.475883344410384,-1.863426860280202,2.6972770869312788,3.2783629065889297,-11.684048155174,3.29295358796329,14.97700174313729,-0.43356428608867736,2.8951580642504418,2.9274422636776207,-6.673642347481467,4.4417555262192785,11.115397873700745,0.09450659426329928,3.42203121917638,3.423335969690534,-6.79352313664494,6.068699236095541,12.862222372740481,4.8098431956591305,2.8110886056851276,5.571069081948383,0.6163452807015559,12.447926060068767,11.831580779367211,0.5000000003125251,0.7710459581256517,1,2,2.356666606792966,6.144322386998413,Freestyle_1527072298681.csv,2,train,40.999999974375,42.9666666398125,41.98333330709375,1.0,1,0.9502387121119875,1,0.65
-7.5871748768852205,7.081469221423751,10.378459854256324,-24.02475331090272,1.595044379873707,25.619797690776426,-1.9649936102784873,8.406265998019439,8.632873676701927,-21.559272650537636,15.801968642460118,37.361241292997754,4.180972979922709,7.249421613284951,8.368670670184528,-12.970262245352949,20.362793876561685,33.33305612191464,14.276076834824073,6.961839976364689,15.883122666853327,3.676913406518252,32.77320566267253,29.09629225615428,-1.7974555209140948,2.416513851919113,3.011708077849098,-6.625677717282527,2.3870206132437515,9.012698330526279,0.23582420087233255,2.665487987788665,2.6758997116414394,-6.519217914384128,3.579087997561228,10.098305911945356,0.4462766738107986,3.1223857456195803,3.1541172479849213,-5.235690148944316,7.157815823534086,12.393505972478401,4.498355784642398,2.4380475101512067,5.116569204748453,0.6163452807015559,8.852175008193797,8.235829727492241,0.5000000003125251,0.8727941216330161,1,2,5.888919102486231,2.518011988211498,Freestyle_1527072298681.csv,2,train,41.99999997375,43.9666666391875,42.98333330646875,1.0,1,0.9739037447586951,1,0.65
-8.294468918325324,6.685976269692579,10.65366102877115,-24.02475331090272,3.003383185912385,27.028136496815105,-0.5745314825461788,8.650988655676537,8.670045625317139,-21.559272650537636,15.801968642460118,37.361241292997754,3.3724984752450706,7.008340041916752,7.777568778780682,-12.970262245352949,15.891887423149118,28.862149668502067,14.280189340187052,6.725842176122643,15.78482690971624,4.986508899193736,32.77320566267253,27.786696763478794,-1.8671159634864642,2.342077904811182,2.9952380428457976,-6.625677717282527,2.4930467817798876,9.118724499062415,-0.34313696609488376,2.9615770654344447,2.9813892218239637,-6.838146813045236,3.579087997561228,10.417234810606464,0.01860919278558284,3.543420109336247,3.5434689745085435,-6.142939082359994,7.157815823534086,13.30075490589408,4.845190848827695,2.6344697069922467,5.515097913783893,0.7332306008527276,9.441704501582006,8.708473900729278,0.5000000003125251,0.8111963689282643,1,2,2.8050919886704673,6.0071948430941235,Freestyle_1527072298681.csv,2,train,42.999999973125,44.9666666385625,43.98333330584375,1.0,1,0.9838931450704236,1,0.65
-8.520966052213543,6.284038135607215,10.587539740314623,-21.958902833117392,3.003383185912385,24.962286019029776,-0.8187211308744339,8.278186527134489,8.318574184809034,-21.21302113052321,18.45808187982218,39.67110301034539,4.192645847676382,6.976454452474484,8.139360904363993,-12.121329622416894,16.994249705217722,29.115579327634617,14.476980228184555,6.1612428636724985,15.733526945742387,4.986508899193736,31.11798244033611,26.131473541142373,-1.902309989413125,2.3047785740728073,2.9884423319391735,-6.267966186445034,2.789977153733586,9.05794334017862,0.16374066694898157,2.5542767929627828,2.5595196699930125,-6.838146813045236,3.696563846113915,10.53471065915915,0.06917039936959761,3.4243080647450532,3.4250066082311377,-6.142939082359994,6.615037554546575,12.75797663690657,4.607213125549858,2.4466683458522223,5.216569637111551,0.7332306008527276,9.441704501582006,8.708473900729278,0.5000000003125251,0.8517780736611368,1,0,9.327162557096552,0.0,Freestyle_1527072298681.csv,2,train,43.9999999725,45.9666666379375,44.98333330521875,1.0,1,0.9982991516909187,1,0.65
-8.839610974795143,6.629960698711233,11.049665200908773,-21.958902833117392,2.122531946188384,24.081434779305777,-1.3193208174456734,8.185733916554051,8.291371851024945,-21.21302113052321,18.45808187982218,39.67110301034539,4.155283238213607,7.369591277207815,8.460334176785008,-12.121329622416894,23.74990898200197,35.87123860441886,15.005053388182692,6.104717472971765,16.19935809243748,5.2301438560070554,31.11798244033611,25.887838584329053,-2.0602779344506907,2.3290791615253803,3.109558635535946,-6.267966186445034,2.984085797011801,9.252051983456834,-0.36070675068416397,2.904954386730567,2.9272631157745783,-7.457737566001409,3.696563846113915,11.154301412115323,-0.1876347963936914,3.7212469937125277,3.7259745040770507,-7.40043895387703,6.615037554546575,14.015476508423605,5.0159084707784265,2.638517097654652,5.667548875999455,0.5066890970509597,10.375631171865857,9.868942074814898,0.5000000003125251,0.8217538047016733,1,1,1.9477305752386451,9.323200100491094,Freestyle_1527072298681.csv,2,train,44.999999971875,46.9666666373125,45.98333330459375,1.0,1,0.9993097202238483,1,0.65
-8.776966150207164,6.68791899376876,11.03464522624517,-23.881978230426142,2.122531946188384,26.004510176614527,-1.2342404626889754,7.722373774445773,7.820384020749016,-21.01397157790394,16.2369778045432,37.250949382447146,4.102770415845324,6.540840974865289,7.721096149097764,-9.599948391322489,23.74990898200197,33.349857373324454,14.458072075721228,5.788028947573099,15.573603540757489,5.2301438560070554,30.593273800861,25.363129944853945,-1.9587275050427735,2.164214833222111,2.9189791508932874,-5.993800927885365,2.984085797011801,8.977886724897166,-0.034252880636130564,2.773376527993854,2.7735880418438343,-7.457737566001409,3.815137761477097,11.272875327478506,0.053522742344729674,3.7262179456425515,3.7266023214688064,-7.40043895387703,7.625040612878126,15.025479566755156,4.786608521621237,2.681263439561369,5.4864191210283515,0.5066890970509597,10.375631171865857,9.868942074814898,0.5000000003125251,0.80807170027696,1,2,7.125406615128076,1.5459088620344672,Freestyle_1527072298681.csv,2,train,45.99999997125,47.9666666366875,46.98333330396875,1.0,1,0.9986326257305977,1,0.65
-9.10645449173012,6.068813969819188,10.943400587122092,-23.881978230426142,1.171231493469364,25.053209723895506,-0.704649657336999,7.734749376399389,7.766780481981958,-21.01397157790394,16.2369778045432,37.250949382447146,3.8972122906757023,6.474851246273874,7.557245682123091,-9.599948391322489,25.422247325565262,35.02219571688775,14.108445531377894,6.1761332930589585,15.40106677361955,4.670471971556319,30.593273800861,25.92280182930468,-2.248116125481918,2.4274258471221044,3.3085377974156946,-6.082730567788602,3.0897819956923245,9.172512563480925,-0.10998812827939111,2.89753045106281,2.899617233911858,-6.8694400963028315,3.815137761477097,10.684577857779928,0.008978462749611263,3.770256053396583,3.7702667440072357,-7.648924065461858,7.625040612878126,15.273964678339985,5.066825175888025,2.8100527429358277,5.793885896451006,0.9048758104492499,10.712195890266635,9.807320079817385,0.5000000003125251,0.7931576191317635,1,1,2.3496561885080762,8.378162472965535,Freestyle_1527072298681.csv,2,train,46.9999999705625,48.9666666360625,47.9833333033125,1.0,1,0.9993097202238483,1,0.65
-8.733130704468971,5.84916705941896,10.51096223903076,-20.81356865259748,1.171231493469364,21.984800146066842,-0.6590141808946998,7.806381964843348,7.834149543610448,-22.505574613640448,17.160715025769008,39.666289639409456,3.5247329487451795,7.246375763600854,8.058145200185445,-11.726858951114089,25.422247325565262,37.14910627667935,14.00413557219452,6.377469498543295,15.38791507415004,4.670471971556319,30.54900272038289,25.87853074882657,-2.190298264114832,2.6063485234867936,3.404476334425932,-8.017698525239172,3.1130034219520226,11.130701947191195,-0.15802597831179171,2.7947904028063006,2.799254473148092,-6.8694400963028315,3.0696221786106643,9.939062274913496,-0.37764100075926893,3.6802453006982225,3.6995700018739757,-7.648924065461858,6.535429199496434,14.184353264958293,5.00208680268755,2.8446846106819446,5.754398571168984,0.9048758104492499,10.712195890266635,9.807320079817385,0.5000000003125251,0.79625681811325,2,2,2.802120833139719,1.833666438189202,Freestyle_1527072298681.csv,2,train,47.99999997,49.9666666354375,48.98333330271875,1.0,1,0.9986326257305977,1,0.65
-9.228209888585166,5.929305274979295,10.968888676236912,-20.81356865259748,1.0756981578648626,21.889266810462342,-0.791726665961813,7.625999688958357,7.666987828970903,-22.505574613640448,17.160715025769008,39.666289639409456,3.659478497279449,6.864656627800814,7.779157633681187,-11.726858951114089,16.179333289182935,27.906192240297024,14.376959242145904,5.737382469436917,15.479486898826027,4.369181764381806,30.39163456446,26.02245280007819,-2.237108051336862,2.63117158627868,3.453652609889489,-8.017698525239172,4.169773345145986,12.187471870385158,-0.1994577147672896,2.745754783164914,2.752989776452719,-7.304532973913431,3.0696221786106643,10.374155152524095,-0.2857704605326682,3.77155619530888,3.782367101496872,-7.5998573385656,6.535429199496434,14.135286538062033,5.075850121320128,2.8370258186047534,5.814892084083378,0.5472232909399686,11.415197980127282,10.867974689187314,0.5000000003125251,0.7967292557662489,0,1,0.0,8.270212806657378,Freestyle_1527072298681.csv,2,train,48.999999969375,50.9666666348125,49.98333330209375,1.0,1,0.9993097202238483,1,0.65
-9.016176029103866,6.08308547279409,10.876366997168937,-21.826788320925814,1.0756981578648626,22.902486478790678,-1.517282686970847,7.607614182099887,7.757444185804291,-19.525319798721792,17.653050414803573,37.17837021352537,3.4898546445080636,6.574909487098926,7.443689958840169,-12.663550836926628,15.968466099631163,28.63201693655779,14.149594440682547,5.802654282353721,15.293195204283254,4.369181764381806,29.604092126242662,25.234910361860855,-2.217343586560149,2.487327543413243,3.3321780998442416,-6.264134358890562,4.169773345145986,10.433907704036548,-0.03523656186143722,2.883744591028415,2.8839598612979094,-7.304532973913431,4.085690534985677,11.390223508899108,-0.32141270432932906,3.677817267753925,3.6918350425626056,-7.5998573385656,6.618496209460111,14.21835354802571,4.982057443509787,2.868690464605933,5.748937410700544,0.5472232909399686,11.415197980127282,10.867974689187314,0.5000000003125251,0.7985731307151219,1,1,4.2145075921632635,6.31245179432698,Freestyle_1527072298681.csv,2,train,49.99999996875,51.9666666341875,50.98333330146875,1.0,1,0.9993097202238483,1,0.65
-9.157244458732121,6.256338677590571,11.090396734368698,-21.826788320925814,2.122073780773025,23.94886210169884,-1.4938994401605308,7.753488222045662,7.896094930198898,-19.525319798721792,17.653050414803573,37.17837021352537,3.603079007624423,7.037374109478228,7.906125011150423,-12.663550836926628,26.172503722459233,38.83605455938586,14.642855990971407,5.782628813266477,15.743316917484284,6.132532350088504,29.604092126242662,23.47155977615416,-2.144245491655751,2.2052928791310964,3.075890994692811,-5.875953262128769,3.104930716622953,8.980883978751722,-0.16101313062018346,2.838614796062935,2.8431776568936957,-6.544041501500099,4.085690534985677,10.629732036485777,-0.2682593215041619,3.883045184001277,3.892300472030568,-8.383983296143887,6.618496209460111,15.002479505603997,5.018114834424446,2.7410383202338764,5.7179338545021,0.71168463804949,10.666758095467292,9.955073457417802,0.5000000003125251,0.8496215859688582,1,1,2.8159541820710405,7.691650576389945,Freestyle_1527072298681.csv,2,train,50.999999968125,52.9666666335625,51.98333330084375,1.0,1,0.9993097202238483,1,0.65
-8.727374942377699,6.2611962217115,10.741026557625508,-24.362641667046827,2.122073780773025,26.484715447819852,-2.238662100815915,7.182799504451058,7.523577388634471,-20.84659393578726,11.169158539493637,32.0157524752809,3.8982174448960665,6.655075940736213,7.71272552504353,-10.05411371807457,26.172503722459233,36.2266174405338,14.131698921506876,5.635165379199421,15.213809623465334,6.132532350088504,31.252148289884495,25.11961593979599,-2.1391051408871222,2.104027341255574,3.000450275628762,-6.003075458196237,3.104930716622953,9.10800617481919,-0.29952456000356303,2.712838292812248,2.7293234628738676,-6.544041501500099,3.331589733016848,9.875631234516947,-0.25787123758136377,3.7786244715088193,3.7874134276385845,-8.383983296143887,7.577264879770647,15.961248175914534,4.80878526246214,2.7698363115712232,5.5494512245240575,0.6804353469421324,10.666758095467292,9.98632274852516,0.5000000003125251,0.8358389068632708,1,1,3.444956679189143,6.839971914271526,Freestyle_1527072298681.csv,2,train,51.9999999675625,53.9666666329375,52.98333330025,1.0,1,0.9961210970898096,1,0.65
-8.873629652392822,5.656490083006976,10.523173630943349,-24.362641667046827,1.3405550561488155,25.703196723195642,-1.3050415540796545,8.079808189569096,8.184524044689615,-20.84659393578726,14.977824775557616,35.824418711344876,3.687677766971494,6.188392443820431,7.203830116802428,-10.05411371807457,22.093652062360064,32.14776578043463,14.06084090524876,5.649029871944104,15.153177404651263,6.2420009551197015,31.252148289884495,25.010147334764795,-2.308615595529219,2.288404860104789,3.2506157526954715,-6.003075458196237,3.164165190179519,9.167240648375756,-0.16688520139768942,2.6184546724565223,2.623767432939692,-6.258397094336799,3.331589733016848,9.589986827353647,-0.08341931952734775,3.8419171489679185,3.8428226816240407,-8.12082791207454,7.577264879770647,15.698092791845188,4.9580401921790065,2.7632918646007414,5.676085312627981,0.5972227982593211,10.306208991802654,9.708986193543334,0.5000000003125251,0.8127733105350671,3,3,1.9449574024123437,3.414072627924456,Freestyle_1527072298681.csv,2,train,52.999999966875,54.9666666323125,53.98333329959375,1.0,1,0.9993097202238483,1,0.65
-9.20903406604385,5.730323538354129,10.846331927604444,-20.760320370653023,1.3405550561488155,22.10087542680184,-0.5398633302455648,7.239997422719889,7.260097457771106,-19.066450637059212,14.977824775557616,34.04427541261683,3.9772130397293113,6.361692177879485,7.502622936645949,-11.275188995153114,22.093652062360064,33.36884105751318,14.086569921300804,5.311292701583608,15.054610001909444,5.621640189459082,27.58340715397955,21.961766964520468,-2.058697471079849,2.3788139325636655,3.1459483471903313,-5.947635114593721,3.164165190179519,9.11180030477324,-0.05740762583310985,2.710665360948659,2.7112731943776374,-6.258397094336799,3.519630894182207,9.778027988519007,-0.46038484356890774,3.602969463075184,3.6322641913880997,-8.12082791207454,5.699966541197731,13.82079445327227,4.805969950930926,2.70997958009457,5.5173668079782905,0.5972227982593211,10.306208991802654,9.708986193543334,0.5000000003125251,0.8112239070998288,3,2,2.253724179984651,4.426330059829311,Freestyle_1527072298681.csv,2,train,53.99999996625,55.9666666316875,54.98333329896875,1.0,1,0.998805732983019,1,0.65
-9.495596633997115,5.624753340476928,11.036494261167524,-20.760320370653023,0.8761975716513286,21.63651794230435,-0.8851354102773515,6.964914929811069,7.020933319298224,-19.066450637059212,14.290179236994067,33.35662987405328,3.2586146542081464,6.825143090608614,7.563144033528819,-11.275188995153114,16.68556744473739,27.960756439890503,14.261073201285463,4.9920586004468985,15.109561804457408,5.621640189459082,26.707632941791424,21.08599275233234,-2.002688780106767,1.9590379299147098,2.801533858587121,-5.947635114593721,3.324080282531137,9.271715397124858,-0.2771700104510539,2.849067701162237,2.8625181188071656,-6.424999458673602,3.519630894182207,9.944630352855809,-0.3774022103911057,3.4222339271958346,3.442980900449248,-7.532154150304458,5.699966541197731,13.232120691502189,4.762248479763386,2.284230469799181,5.2817345088680545,1.0328536497919734,9.880427847157927,8.847574197365955,0.5000000003125251,0.8859954509762087,2,1,2.3906009388474985,6.244454442173922,Freestyle_1527072298681.csv,2,train,54.999999965625,56.9666666310625,55.98333329834375,1.0,1,0.998805732983019,1,0.65
-7.826398848250921,6.4742098834620485,10.157160653795971,-23.846797189671804,2.5094071458841034,26.35620433555591,-0.8545452555908954,6.8767241508268,6.929616341502428,-19.98165272812575,14.290179236994067,34.271831965119816,5.1203205499952595,5.0410112173796975,7.185365448496805,-7.01306363635773,16.68556744473739,23.698631081095122,13.268891374587541,5.172377935271801,14.241382370257819,6.783875609133445,27.863198819279745,21.0793232101463,-1.6282907091455947,1.8618869740578596,2.4734497645305424,-4.228519307707639,3.5777989529675995,7.806318260675239,-0.34958612068708994,2.8492698749984515,2.8706356920289866,-6.424999458673602,3.781561327453983,10.206560786127586,-0.34843794083666385,3.2596818253459516,3.278251759872205,-7.532154150304458,5.777606694203347,13.309760844507805,4.353033363306175,2.48123722224528,5.010532667802112,0.709013757592988,9.880427847157927,9.171414089564939,0.5000000003125251,0.7727515284399935,1,2,1.7009124201186823,4.405855590657866,Freestyle_1527072298681.csv,2,train,55.999999965,57.9666666304375,56.98333329771875,1.0,1,0.9561791849493269,1,0.65
-7.616868785547594,6.09222354775528,9.753557189665377,-23.846797189671804,2.5094071458841034,26.35620433555591,-1.6995378542243296,6.418357666044546,6.639559025056876,-19.98165272812575,12.416428459235544,32.39808118736129,3.5295294545275766,4.613541107475519,5.80881569003047,-6.754254183712312,18.282656534037542,25.036910717749855,11.732693761363272,5.941536730686676,13.151348281451282,1.4311547266275741,27.863198819279745,26.43204409265217,-1.6259641725984593,1.7141307273189514,2.36262642855632,-4.864000053420736,3.5777989529675995,8.441799006388337,-0.09854135535858814,2.46829169548402,2.470257940521857,-4.668473796730638,3.781561327453983,8.45003512418462,-0.24529862210144465,2.9971495903147276,3.007170943050728,-4.988712649867507,5.777606694203347,10.766319344070855,4.203406309289715,1.7488940543600984,4.552719518524361,0.709013757592988,7.778488998668976,7.069475241075988,0.5000000003125251,0.9670685255560969,1,2,4.801664025702243,2.3467822679478507,Freestyle_1527072298681.csv,2,train,56.999999964375,58.9666666298125,57.98333329709375,1.0,1,0.8070392859284554,1,0.65
-6.462941863415087,4.993030633184316,8.167005107981765,-17.44555642314328,1.2565994907989564,18.702155913942235,-0.7678634558614307,6.326704347296383,6.373131270023112,-22.35443621689412,12.416428459235544,34.77086467612966,4.125373315765245,5.372561654681108,6.7737082700525075,-8.94061991425201,18.282656534037542,27.223276448289553,11.251310763584403,5.158285029714248,12.37739465099681,1.4311547266275741,28.405061035709103,26.973906309081528,-1.5853071576961326,1.7824038835638651,2.3854061265088884,-6.234192438397007,3.068062586956261,9.302255025353269,-0.5085587813531591,2.3209203178875426,2.375984670841675,-4.668473796730638,3.3291585313720495,7.9976323281026875,-0.7296522160309581,2.530815919092354,2.633898550189465,-4.988712649867507,4.193053548896971,9.181766198764478,3.9144358297938218,1.7175794746029325,4.2746797677897375,0.8540202389018426,7.961621425428746,7.107601186526903,0.5000000003125251,0.9545152473294236,2,1,1.8412615069491063,6.16285227047341,Freestyle_1527072298681.csv,2,train,57.99999996375,59.9666666291875,58.98333329646875,1.0,1,0.8328343990698666,1,0.65
-8.434673094859933,6.245141236628222,10.495022595620664,-22.630663156593705,3.0424714552369325,25.673134611830637,-1.524789517776415,7.751898389141464,7.900437437831835,-22.35443621689412,13.96133569264233,36.31577190953645,3.558698654459646,6.070177420244132,7.036433047112335,-8.94061991425201,14.107838294760755,23.048458209012765,13.845366001880825,5.511772971752404,14.902140819968713,6.360143668546726,28.405061035709103,22.044917367162377,-2.253686313749488,2.1893662555970717,3.142041788698695,-6.4192637636062075,3.068062586956261,9.48732635056247,-0.2281908677314229,2.865583573335016,2.8746548119528192,-7.061219443965574,3.5944375606852224,10.655657004650797,0.15990715475637174,3.674070721153186,3.677548906836913,-8.087642186826924,7.361971919646254,15.449614106473177,4.899036520334369,2.767647742112402,5.626760422480218,0.8540202389018426,11.560119555775742,10.7060993168739,0.5000000003125251,0.8970315651905927,1,2,6.234443136699756,3.692298205177207,Freestyle_1527072298681.csv,2,train,58.999999963125,60.9666666285625,59.98333329584375,1.0,1,0.9948136367576652,1,0.65
-7.909012780364806,6.386791220386673,10.165804702667767,-22.630663156593705,3.0424714552369325,25.673134611830637,-0.2087669854093132,6.909234260090545,6.9123875553245595,-17.876083301603238,13.96133569264233,31.837418994245567,4.6831720085681035,6.280978399415539,7.834716951859868,-8.33017353233507,24.10840404407029,32.438577576405365,13.437052824325574,5.652706261591201,14.577636182987566,3.602131628866677,29.682470941279316,26.08033931241264,-1.9609646458553927,2.3499986947969997,3.0606986470154762,-6.59558867054857,3.375053531866898,9.970642202415467,-0.3719347189290747,2.7600296231426014,2.784977370782309,-7.061219443965574,3.5944375606852224,10.655657004650797,0.18538994739947706,3.6156912907458874,3.620440987306994,-8.087642186826924,7.361971919646254,15.449614106473177,4.7115142013104645,2.8342903939141735,5.4983241179639775,0.7829130708485168,11.560119555775742,10.777206484927225,0.5000000003125251,0.8427921159164679,1,1,1.6440437564206407,10.260855575939589,Freestyle_1527072298681.csv,2,train,59.9999999625,61.9666666279375,60.98333329521875,1.0,1,0.9955374191819851,1,0.65
-8.260990765296487,6.581187898077338,10.562007506819594,-21.851665395383808,1.9752225147533675,23.826887910137174,-1.7819604469856263,7.997514841030427,8.193633300747793,-25.900464870239972,13.772394399305576,39.67285926954555,4.201212981667932,7.081404015918126,8.233861387829924,-11.497624223477102,24.10840404407029,35.606028267547394,14.352348278050234,6.363819725666466,15.699939572980309,3.602131628866677,31.36301667906107,27.760885050194393,-1.792923662771846,2.2732172384351688,2.8951842555606064,-7.22427985057304,3.375053531866898,10.599333382439937,0.027886067233784544,2.730881982039114,2.731024355909637,-7.60622936804839,3.2722764503196924,10.878505818368083,0.453856316085098,3.412686659983479,3.442733767644476,-7.59660592457101,7.948839457762501,15.545445382333511,4.525439746201915,2.685776760006897,5.262414056409587,0.7829130708485168,11.506267445751023,10.723354374902506,0.5000000003125251,0.8432643209230719,1,1,5.271311944771148,1.6440437564206407,Freestyle_1527072298681.csv,2,train,60.999999961875,62.9666666273125,61.98333329459375,1.0,1,0.9982192296029159,1,0.65
-8.447538061420113,6.0803391718279,10.408238263203158,-21.851665395383808,1.5145982358865755,23.366263631270385,-0.6048616772716433,7.895959768326208,7.919093275852856,-25.900464870239972,13.772394399305576,39.67285926954555,3.6294316555070263,6.821891527599391,7.727287891383938,-11.497624223477102,21.662992926981904,33.160617150459004,13.97202976869199,5.961277074115736,15.190603681605056,5.577659283325773,31.36301667906107,25.785357395735296,-1.7840574300154688,2.231647669360261,2.8571160693528856,-7.22427985057304,2.561119928073875,9.785399778646914,-0.4325718745403386,2.8172781475366158,2.850293772092745,-7.60622936804839,3.2722764503196924,10.878505818368083,0.17015686850070097,3.74978539200373,3.7536440755594467,-8.268122789080667,7.948839457762501,16.216962246843167,4.728510218487748,2.8316641362676935,5.511545215905219,0.903639602884952,11.506267445751023,10.60262784286607,0.5000000003125251,0.8084220627445624,1,1,1.8566252418394504,10.630916252257483,Freestyle_1527072298681.csv,2,train,61.99999996125,63.9666666266875,62.98333329396875,1.0,1,0.9988963240961666,1,0.65
-8.467830226771266,5.748039665357608,10.234456934490735,-20.189009272149423,1.5145982358865755,21.703607508036,-1.300468644449303,7.759042971013812,7.867271860132625,-20.103744985926543,11.87792987787116,31.981674863797704,4.024968957729298,6.88843897326822,7.978155588801525,-11.08550860839367,21.662992926981904,32.748501535375574,14.043070390984292,5.751627235675609,15.17527732413168,5.577659283325773,28.61518893360303,23.037529650277257,-1.7956825298998804,2.246715106765129,2.8761440365799276,-6.308488861389186,2.561119928073875,8.869608789463062,0.16704349672686022,2.3878074465098216,2.393643233944125,-6.536786573598613,3.2197242542090465,9.75651082780766,0.2977768007449649,3.468401738585201,3.481160961989944,-8.268122789080667,6.871477944646856,15.139600733727523,4.474518453669469,2.469594845640659,5.110793880978132,0.903639602884952,11.134352422050327,10.230712819165374,0.5000000003125251,0.8876149971714598,1,2,9.23483695817418,1.829745830700454,Freestyle_1527072298681.csv,2,train,62.9999999606875,64.9666666260625,63.983333293375,1.0,1,0.9895226553606871,1,0.65
-9.129939499544756,5.738158871241963,10.78342536010522,-20.189009272149423,1.057935988375374,21.246945260524797,-0.34915410734334323,8.029496166162682,8.037083878689828,-20.103744985926543,13.223010710010108,33.326755695936654,3.482143179999229,6.4299768189093935,7.312313109935003,-11.08550860839367,15.887659396700126,26.973168005093797,14.235372570976073,5.6303703744323705,15.308393213782551,6.3285714443212155,28.61518893360303,22.286617489281813,-1.9273864590853844,2.6762252758886222,3.298029758806131,-6.568142900278898,5.3429182911629605,11.911061191441858,-0.17019757920370582,2.789837037715157,2.7950237768173074,-7.607705793442752,3.2197242542090465,10.827430047651799,-0.02600393276837482,3.8387679782063224,3.8388560529175457,-8.41181909992631,6.871477944646856,15.283297044573168,5.038145317124113,2.8360299295858935,5.781520042165953,1.114264674655995,12.429531203647056,11.31526652899106,0.5000000003125251,0.7324811238339869,0,1,0.0,10.31376731535671,Freestyle_1527072298681.csv,2,train,63.99999996,65.9666666254375,64.98333329271875,1.0,1,0.9993097202238483,1,0.65
-9.240170228208598,5.785229044489091,10.901817322972931,-23.62387403896441,1.057935988375374,24.681810027339782,-0.1442961290696765,7.848855387862113,7.850181671301409,-23.26128065922798,16.593965914446166,39.85524657367415,3.571741547941235,6.022006173087607,7.001563827745548,-9.726584206399254,14.00192839240782,23.72851259880707,14.179097808581334,5.333859258040855,15.149154077040215,6.537791842259191,29.70457475602593,23.16678291376674,-1.886935342606701,2.6447762079660517,3.2489023034559774,-6.903393263779429,5.3429182911629605,12.24631155494239,0.10703834692736545,2.5422111412112502,2.544463537607004,-7.607705793442752,2.9694623205509183,10.57716811399367,-0.24302645777780071,3.761350947225548,3.7691939201073947,-8.41181909992631,6.961099155352261,15.37291825527857,4.84747596728681,2.7818088405863644,5.5889608764946335,1.114264674655995,12.429531203647056,11.31526652899106,0.5000000003125251,0.7387504825072787,1,2,7.837614106330988,1.7814769929253447,Freestyle_1527072298681.csv,2,train,64.999999959375,66.9666666248125,65.98333329209376,1.0,1,0.9942164643524173,1,0.65
-9.238166338992958,6.267775555859123,11.163723739215678,-23.62387403896441,0.7770545513166169,24.400928590281026,-0.531368831933986,7.567508369333834,7.586141031874408,-23.26128065922798,16.593965914446166,39.85524657367415,3.6100789277178933,6.401481309419159,7.349260698818324,-9.726584206399254,15.978569066631156,25.70515327303041,14.458701590111767,5.209207677594673,15.368470851070766,6.866833673778585,29.70457475602593,22.837741082247348,-2.035896652989916,2.2033203566523403,2.9999159614386093,-6.903393263779429,2.601859936540781,9.50525320032021,-0.3660872161867427,2.7703264542699593,2.794410226341745,-7.9642533920977,2.9694623205509183,10.933715712648619,-0.2524100463242373,3.7105214324974387,3.719096682328687,-7.914935034268061,6.961099155352261,14.876034189620322,4.711413292914459,2.9055961874690435,5.535332367734182,0.5221265750157003,11.341087690972481,10.81896111595678,0.5000000003125251,0.7668833501527099,2,2,2.1467340083971056,5.762035373227105,Freestyle_1527072298681.csv,2,train,65.99999995875,67.9666666241875,66.98333329146874,1.0,1,0.998805732983019,1,0.65
-8.752614799621293,6.177357861047107,10.712983523463022,-20.399560515686677,0.7770545513166169,21.176615067003294,-1.3084714616145758,6.577275535333518,6.706165151079759,-17.78013842337607,13.163341765624065,30.943480189000134,4.022713892330084,5.462365010522266,6.783779077160707,-5.947184130717536,15.978569066631156,21.92575319734869,13.478807027988358,4.907350270514815,14.344348210193106,6.866833673778585,24.65897824590227,17.792144572123682,-1.9742303663068914,1.9988557285056174,2.8094500818893304,-5.411353454804189,2.601859936540781,8.01321339134497,-0.18055040702271882,2.7746583258367328,2.7805264383945665,-7.9642533920977,4.452437633956976,12.416691026054675,-0.3232782164227727,3.359071140314498,3.3745914909670525,-7.914935034268061,6.728692787297409,14.64362782156547,4.339582615522049,2.8601096991558164,5.197326694383024,0.5221265750157003,11.341087690972481,10.81896111595678,0.5000000003125251,0.7565722685035384,2,2,4.061574621741165,2.2102029026240153,Freestyle_1527072298681.csv,2,train,66.999999958125,68.9666666235625,67.98333329084375,1.0,1,0.9367772520914052,1,0.65
-8.439051805344027,5.099650813009327,9.860224834551541,-20.399560515686677,0.0659487555282598,20.465509271214938,-1.4498671531181238,6.324250630000378,6.488317254323423,-17.78013842337607,9.140808506715564,26.92094693009163,3.7200252794167805,5.329222609107467,6.49916930822102,-5.947184130717536,19.299397441066848,25.246581571784382,12.410537885529859,5.247861056602789,13.474475732939672,4.980941479076544,24.65897824590227,19.678036766825723,-1.400462223805309,1.8198419391661114,2.296327312003579,-5.409139030910329,3.135849328358509,8.544988359268839,-0.3901644919845106,2.447895426265059,2.478794131979283,-4.693132784954643,4.452437633956976,9.145570418911618,-0.23196023549781145,3.0187266519565354,3.0276254970000682,-4.936784313590869,6.728692787297409,11.665477100888278,4.177661241860897,1.7695203222700489,4.536965464126152,0.7001958115480118,8.183749336657685,7.483553525109674,0.5000000003125251,0.9534713726136868,1,3,3.8858173082873866,3.149407805890706,Freestyle_1527072298681.csv,2,train,67.9999999574375,69.9666666229375,68.98333329018749,1.0,1,0.9324512523504653,1,0.65
-7.994617879545708,4.9440782966246175,9.399884320730042,-18.88183390832794,0.0659487555282598,18.947782663856202,-1.6646182508930836,6.167973546652928,6.388650216862451,-18.645239130911573,7.946835520739492,26.592074651651064,3.8660473190492883,5.58949892028733,6.796235726710884,-8.38372979027388,19.299397441066848,27.683127231340727,12.157803135622183,5.248744593233695,13.242412804679688,4.980941479076544,26.50740257961217,21.526461100535624,-1.3166513005898943,1.9525995987361628,2.3550405177681517,-6.297258021370721,3.135849328358509,9.43310734972923,-0.3910813426433742,2.3068005594388037,2.3397165293237814,-4.693132784954643,2.871243736324929,7.564376521279572,-0.47763869065667425,3.0214568462149676,3.0589769846063763,-4.936784313590869,7.219617579108886,12.156401892699755,4.068862611169853,1.955041309460282,4.514180930165751,0.7001958115480118,7.9232943715873,7.223098560039288,0.5000000003125251,0.900795079447277,1,3,3.193206965734275,1.8397587343620783,Freestyle_1527072298681.csv,2,train,68.999999956875,70.9666666223125,69.98333328959376,1.0,1,0.9318691701017738,1,0.65
-8.813038557945223,4.866324012778656,10.067311360098854,-18.88183390832794,-0.322761468104439,18.559072440223503,-0.7879438756063821,6.814279944928199,6.859684155918279,-18.645239130911573,9.094253409166704,27.739492540078277,3.8976793379800414,5.399085046684526,6.6589806699711165,-8.38372979027388,18.83725534596918,27.22098513624306,13.051773529575268,4.732785230269696,13.883373088092846,6.49642734313028,26.50740257961217,20.01097523648189,-1.6305851115735108,2.314111324310808,2.830886615071102,-6.297258021370721,4.7325345457795835,11.029792567150306,-0.44004465838670115,2.710382013549853,2.7458714392245724,-6.8923274762575035,2.871243736324929,9.763571212582432,-0.12670398178437345,3.3056431828994466,3.3080705481669526,-6.4387065302642945,7.219617579108886,13.65832410937318,4.584174213702434,2.341453932541321,5.147529479253863,0.8951853463556587,9.064729069385942,8.169543723030284,0.5000000003125251,0.767658664039039,1,2,2.2155363074774863,4.733988827506961,Freestyle_1527072298681.csv,2,train,69.99999995625,71.9666666216875,70.98333328896874,1.0,1,0.9775243631665957,1,0.65
-8.357711564574752,4.98268210430787,9.73028589247081,-19.907958928463476,-0.2468897374360094,19.661069191027465,-0.42436183834871577,6.614520671580277,6.628119392754593,-17.798047413273615,9.094253409166704,26.89230082244032,4.56121369679566,4.888400307148036,6.685890213783154,-11.573159179855908,18.83725534596918,30.41041452582509,12.760667507308636,4.525143417893506,13.539259883191079,6.49642734313028,26.825347311973324,20.328919968843046,-1.392955911804151,2.1158669556579537,2.533223074716356,-5.324260585948434,4.7325345457795835,10.056795131728018,-0.2302666255374315,2.867907185467979,2.877136483258182,-6.8923274762575035,2.9750972427084648,9.867424718965967,-0.6308814748455147,2.8468752796635184,2.9159407218361775,-6.4387065302642945,5.115904537633081,11.554611067897376,4.293599375765823,2.1823950566422354,4.816413996204348,0.8951853463556587,9.064729069385942,8.169543723030284,0.5000000003125251,0.7461973620797001,1,1,2.748774408680867,7.646357990771224,Freestyle_1527072298681.csv,2,train,70.999999955625,72.9666666210625,71.98333328834374,1.0,1,0.9493405496547674,1,0.65
-9.44911126888729,4.277630273863377,10.372262266819384,-19.907958928463476,-0.2468897374360094,19.661069191027465,-1.7516102274526308,6.359004845476769,6.595838158544652,-17.798047413273615,11.643877885405225,29.44192529867884,2.7637589755289613,5.964521504875865,6.573726527392476,-11.573159179855908,22.496235290984156,34.069394470840066,13.187598355695915,4.515532705139985,13.939253423420583,6.6510570106399305,27.260115264970505,20.609058254330574,-1.866506919098471,1.7236650073952826,2.54064344935716,-5.324260585948434,2.790478580476541,8.114739166424975,-0.30889564970451794,2.8938671636554822,2.9103064586551364,-7.057104204318557,2.9750972427084648,10.03220144702702,-0.6489876058085421,2.956226593012954,3.026625279371413,-6.949271170406506,5.115904537633081,12.065175708039586,4.499051956677692,1.9605470902010893,4.90766883578969,1.7233166496103012,8.765900808913027,7.042584159302726,0.5000000003125251,0.8654170639277387,1,1,2.7020476061027194,6.917828863078773,Freestyle_1527072298681.csv,2,train,71.999999955,73.9666666204375,72.98333328771875,1.0,1,0.9810989595481864,1,0.65
-8.262697645843344,4.816892110035464,9.5642366128378,-18.521490230733416,-0.2725324653827512,18.248957765350664,0.3858968510090678,5.1300841487660795,5.144577704053046,-13.493318273411528,11.643877885405225,25.137196158816753,3.8642976531299102,5.295300320695808,6.555379610544797,-9.680944754407731,22.496235290984156,32.177180045391886,12.08834373344759,3.845289242664546,12.685200178859347,6.646589980595379,27.260115264970505,20.613525284375125,-1.382882912864537,2.014909374210932,2.4438136052031045,-5.486113267737191,3.855449063724434,9.341562331461624,-0.45754514204562113,2.8094302479952695,2.846444426887746,-7.057104204318557,2.78937151477789,9.846475719096446,-0.9863049382999307,2.5220066338830214,2.7080093967091026,-6.949271170406506,3.726264232055418,10.675535402461925,4.110664745176792,2.123728103539038,4.626854839413152,1.0579029750075695,8.765900808913027,7.707997833905458,0.5000000003125251,0.8280478690821116,0,1,0.0,7.713938322127538,Freestyle_1527072298681.csv,2,train,72.999999954375,74.9666666198125,73.98333328709376,1.0,1,0.9041050019550226,1,0.65
-6.579313967334742,4.647260970510049,8.055085772900997,-18.521490230733416,-0.2725324653827512,18.248957765350664,-1.7188430176107836,4.800189857215357,5.098651192668756,-13.493318273411528,7.573027089382452,21.06634536279398,-0.3538266177718168,6.582236948725346,6.591740022528876,-9.993495160849164,9.488143846932124,19.48163900778129,11.059133270303695,3.468033827338697,11.590154758151574,6.646589980595379,23.406908919406504,16.760318938811125,-0.8003003529207792,1.6683827355959338,1.8504003910828852,-5.486113267737191,3.855449063724434,9.341562331461624,1.1963186014152016,1.074772616810076,1.6082022179865323,-0.6843152569608607,3.1088631208782265,3.7931783778390873,-0.08420458407385352,1.646482190243588,1.6486339844757458,-3.809478075652758,3.3165827284364378,7.126060804089196,2.5038587181783334,1.5681139994997895,2.9543679520372663,0.3248306926675067,6.886577371304205,6.561746678636698,0.5000000003125251,0.9310983080331671,2,2,2.328399095969676,1.3165737334090686,Freestyle_1527072298681.csv,2,train,73.99999995375,75.9666666191875,74.98333328646876,0.5166666666666667,0,0.019511846965059282,0,0.65
-2.343949168550126,4.865924409191194,5.401047866915225,-14.473869631177283,8.36980081625363,22.843670447430913,1.4366688729031987,5.310355296856119,5.501262657719297,-10.709943926997116,9.976090374174998,20.686034301172114,-4.395380598284323,3.9225129834496206,5.891135604372481,-9.993495160849164,3.7107196791748898,13.704214840024054,9.459607360559401,2.15789624011021,9.702612411048449,5.815903145314122,16.24372254797612,10.427819402661997,-1.089082360587881,1.3619640326738682,1.7438596315188148,-4.078760858853013,1.8471666726862952,5.925927531539308,0.8191198580940109,0.8018082003370419,1.1462345885776082,-0.6843152569608607,3.1088631208782265,3.7931783778390873,0.45772687441355,1.2727118969175117,1.3525196723581394,-3.051217978505204,3.3165827284364378,6.367800706941642,2.2085949064137904,1.1429427588341627,2.4868071116611326,0.3248306926675067,4.581309882552157,4.25647918988465,1.0000000006250502,0.7633216221189947,2,3,1.6028570405477243,1.663379657772887,Freestyle_1527072298681.csv,2,train,74.999999953125,76.9666666185625,75.98333328584374,0.016666666666666666,0,0.010119000882247105,0,0.65
0.4530141397340818,4.262207222879233,4.286214206215424,-8.66579818425907,8.87397644380708,17.53977462806615,3.4779940296742766,5.721534496591851,6.695700072893086,-8.311094509121622,12.29942411218259,20.610518621304212,-4.441086694348609,4.911612246320925,6.621720764644938,-11.731032138328365,6.493521039519852,18.224553177848215,10.12307903797853,2.1388053589499565,10.346555831417202,5.815903145314122,15.364120487456724,9.548217342142602,0.23395602945358554,2.635458586964293,2.645822629603412,-4.078760858853013,7.803948230166992,11.882709089020004,1.1775101129992598,0.6187642899479762,1.3301876983081573,-0.2455531644038381,2.2940831027937,2.539636267197538,0.19921967978954244,1.1339632527635781,1.151330160915453,-2.0822134725360493,1.8084392884118647,3.890652760947914,2.867787094845125,1.367894373891943,3.177316137793888,0.7876778261144048,8.036569218918018,7.248891392803613,0.5000000003125251,0.5462912274264538,3,3,0.9144474970033061,1.0060264210623002,Freestyle_1527072298681.csv,2,train,75.9999999525,77.9666666179375,76.98333328521875,0.0,0,0.014918605713390843,0,0.65
2.0414484477050494,5.424612437915133,5.796027248574744,-8.66579818425907,14.824358350967367,23.49015653522644,-2.70569085778084,6.6306427009433495,7.161437400791279,-12.6999722074155,12.29942411218259,24.99939631959809,-1.4850567210270404,6.914810842679007,7.072482057573477,-11.731032138328365,10.61668790609769,22.347720044426055,11.494430625917456,1.666788694568886,11.61465109103032,8.54669604378327,16.705564988310904,8.158868944527635,1.9350378986562569,1.9380829250587808,2.73871084520444,-1.0424561388182243,7.803948230166992,8.846404368985217,0.8749357975374242,0.7697614240944883,1.1653520068358845,-0.3951993906487371,2.2940831027937,2.689282493442437,0.15732213195766406,0.8695687457972823,0.8836854965830112,-2.0822134725360493,1.5834960485894365,3.6657095211254855,2.591222826214585,1.710276794923121,3.104751592373858,0.5231769377411579,8.036569218918018,7.51339228117686,0.5000000003125251,0.7874643850672118,3,2,1.1714949167467748,1.1962015848366294,Freestyle_1527072298681.csv,2,train,76.999999951875,78.9666666173125,77.98333328459375,0.0,0,0.007459302856695421,0,0.65
3.57947160664137,3.6441070952823904,5.108045957569216,-8.050959354043203,14.824358350967367,22.87531770501057,-5.574709666476978,2.379068190186344,6.061134656074586,-12.6999722074155,-0.7174458589726868,11.982526348442814,5.838793747256518,4.264931369250125,7.230570655723901,-6.339475928249373,10.61668790609769,16.956163834347063,10.60175261738623,1.6472644811527208,10.728962616726891,8.102984624934841,16.705564988310904,8.602580363376063,0.9428413396424165,1.439015034635791,1.7203819522555313,-0.9139178062076048,5.383195758953547,6.297113565161151,0.1531543463466719,0.3578000657580684,0.3892006434493067,-0.6529159478919833,1.2031225409638993,1.8560384888558825,-0.01933456529797622,0.34607735165244374,0.3466170202716983,-0.5121417374864035,1.2620998286548542,1.7742415661412576,1.2387800941815288,1.3025968061950488,1.7975913220890722,0.07806444445505849,5.514728196625179,5.43666375217012,0.5000000003125251,0.3684982302568821,3,3,1.29097704441723,0.9726363547582976,Freestyle_1527072298681.csv,2,train,77.99999995125,79.9666666166875,78.98333328396876,0.0,0,0.0,0,0.65
2.348907305251197,1.021312808080859,2.5613366394545736,-0.7760326785562789,4.370029846804101,5.14606252536038,-5.043990499121901,1.0686786606761063,5.155959099432082,-7.571291680019257,-1.051317391915475,6.519974288103782,8.501185802911017,1.3020725019576227,8.60032283440395,5.5579786010759875,12.373178957477474,6.815200356401487,10.291720638156301,1.0910539756339386,10.349391888975841,7.1635950194405815,13.499573125545114,6.335978106104532,-0.08078712727110876,0.5235016693070811,0.529698553613297,-1.2120314203103426,1.4602013489336387,2.6722327692439816,-0.05711426939970935,0.39012413091586634,0.3942827377554369,-0.8133403444711548,1.0851511649260246,1.8984915093971795,0.0031547325795779476,0.17775836209524656,0.17778635389824904,-0.3755994617175098,0.5797415513633638,0.9553410130808736,0.6082630625852186,0.3125115506966506,0.6838475141611431,0.07806444445505849,1.5576626337200496,1.4795981892649912,0.5000000003125251,0.6405123783823641,3,3,0.9594442576806371,0.6119957163526374,Freestyle_1527072298681.csv,2,train,78.9999999505625,80.9666666160625,79.9833332833125,0.0,0,0.0,0,0.65
-3.7052999315279345,8.151741711488617,8.954336408322185,-25.937858083134604,4.31815811281193,30.256016195946533,-6.446565482054783,5.766415634656362,8.649263308862182,-25.312192943388993,8.0051038569833,33.31729680037229,5.314049725216871,5.3369220835866065,7.531391757726584,-10.57526125690557,12.373178957477474,22.948440214383044,12.95767221650255,6.618949224572103,14.550318144555662,4.121987686097263,31.142962091446638,27.020974405349374,-0.8424276567528121,2.5804912830554234,2.7145201452166567,-7.640711269165995,4.8279912927131985,12.468702561879194,0.8849315755488807,1.3451980482890695,1.6101744261179118,-0.8133403444711548,3.733425016655874,4.5467653611270284,0.25097953583580324,2.4479513409809783,2.460783715652175,-5.143309747162932,7.255040198460072,12.398349945623004,2.8973615994604858,2.7608030640561645,4.0020916776768285,0.12001796810277955,9.451202313425322,9.331184345322542,0.5000000003125251,0.8701195398283682,1,1,3.0609445633344867,1.8984915093971795,Freestyle_1527072298681.csv,2,train,79.99999995,81.9666666154375,80.98333328271875,0.38333333333333336,0,0.23579360533070332,0,0.65
-9.481642334013351,7.385452543047633,12.018587713028635,-25.937858083134604,2.2342776981469235,28.172135781281526,-1.9159064171530398,8.603630527494749,8.814372107695919,-25.312192943388993,14.897271369929314,40.20946431331831,3.8885374838168434,5.914403998659463,7.078198812014796,-10.57526125690557,16.50455129426412,27.07981255116969,14.895235254162287,7.097356649785841,16.499712260857713,4.121987686097263,31.142962091446638,27.020974405349374,-1.8975907944081878,3.6429427343879452,4.107539724586071,-10.661788842464029,4.8279912927131985,15.489780135177227,0.09396657221847586,2.9416610078956653,2.9431614298349715,-8.919193742611126,3.733425016655874,12.652618759267,-0.01598513732068784,4.040135646921866,4.040167270069882,-9.752225097577824,7.255040198460072,17.007265296037897,5.489229545029676,3.424236026216369,6.469701180214182,1.0155302799027626,15.379783449865517,14.364253169962755,0.5000000003125251,0.7281247118231606,1,2,4.175443444391681,5.571078910555655,Freestyle_1527072298681.csv,2,train,80.999999949375,82.9666666148125,81.98333328209375,0.8833333333333333,0,0.8309974833173877,1,0.65
-10.526306853422462,6.406864976775311,12.32278600005043,-21.710087175264647,-0.0779461447818932,21.632141030482753,-1.1052609672747458,8.459356448043735,8.531255084736374,-19.730516581040604,14.897271369929314,34.62778795096992,3.9981392369622553,6.2812777106388165,7.445775113197088,-9.274876377231925,16.50455129426412,25.779427671496045,15.549276968241053,6.188127416683709,16.735379743530892,5.5671152786372815,28.878571599046104,23.311456320408823,-2.5499555442151487,2.9736918434451223,3.9172843217266755,-10.661788842464029,4.112399523430819,14.774188365894847,0.11598607786363822,2.964104052381524,2.9663724654201395,-8.919193742611126,4.193308936710824,13.112502679321949,0.19893430358084752,4.130255990581185,4.135044063232332,-9.752225097577824,7.18999536887978,16.942220466457606,5.488868503695559,3.333975706999109,6.422076881019203,1.0155302799027626,15.379783449865517,14.364253169962755,0.5000000003125251,0.7881705786297544,2,1,3.558591650273021,10.991096981338664,Freestyle_1527072298681.csv,2,train,81.99999994875,83.9666666141875,82.98333328146876,1.0,1,0.9792430619375203,1,0.65
-10.327805457065045,6.864051218490016,12.400756617603493,-24.264779830672374,-0.4177670582344545,23.84701277243792,-1.863192369619288,8.037404618610466,8.250536880074435,-19.730516581040604,10.683710649035447,30.41422723007605,4.309159189454062,5.660163254792614,7.113810581605397,-9.274876377231925,16.888822479058604,26.16369885629053,15.133939027296801,6.589409230540238,16.50625410229305,3.3783497661039603,28.878571599046104,25.500221832942145,-1.9581569881769667,2.8411934111748987,3.450617160748197,-7.819881145864023,5.230499314758038,13.050380460622062,0.12413589332894426,3.138458904602446,3.1409129271425145,-10.888680664907133,4.193308936710824,15.081989601617956,-0.32607703511754366,3.889914695684577,3.9035576814662143,-10.831171723370367,7.18999536887978,18.021167092250145,5.172030275351419,3.2031169521769116,6.083572583480432,1.2087081921369296,15.122023750876659,13.913315558739729,0.5000000003125251,0.7198904556231888,1,2,3.0707086909427748,7.287931361586404,Freestyle_1527072298681.csv,2,train,82.999999948125,84.9666666135625,83.98333328084374,1.0,1,0.9775930497526601,1,0.65
-11.251556870179028,6.647061653840659,13.068318967366528,-24.264779830672374,-0.4177670582344545,23.84701277243792,-1.000902273704986,8.084590783423469,8.146312877426418,-23.767237062398657,11.219964082828122,34.98720114522678,4.260897178269923,6.14633686863555,7.478816862748897,-10.03825339184397,16.903367493060898,26.941620884904868,15.953473192311096,6.209892825041642,17.119464822134262,3.3783497661039603,32.61811238399358,29.239762617889618,-2.0360622758759273,2.850842281510581,3.5032629512061337,-7.819881145864023,5.230499314758038,13.050380460622062,-0.22101211560957526,3.2812807258632595,3.288715487415708,-10.888680664907133,4.066121774003246,14.954802438910379,-0.0939426403357857,4.067045030266904,4.068129852634006,-10.831171723370367,7.836864984055796,18.668036707426165,5.4657417679202975,3.1247157129513274,6.295886066341531,1.2087081921369296,15.122023750876659,13.913315558739729,0.5000000003125251,0.7557554236023133,1,1,12.093584045897176,8.656045076605627,Freestyle_1527072298681.csv,2,train,83.9999999475625,85.9666666129375,84.98333328025001,1.0,1,0.9916798408232816,1,0.65
-10.493272084730023,7.526711037048343,12.913564112180637,-26.811884847027347,1.9896463131126672,28.801531160140016,-1.946344159171395,7.6720194186921855,7.9150576464565665,-23.767237062398657,11.219964082828122,34.98720114522678,4.527466967979267,6.732042377857786,8.112851023124762,-10.03825339184397,24.36596321473756,34.40421660658153,15.85836328384329,6.613542266229033,17.182160147942596,5.286093722397483,32.61811238399358,27.332018661596095,-2.0483731569859773,2.9733744776342794,3.6106493009578795,-10.356934092337116,3.184803408531302,13.541737500868418,0.12546749049351064,3.0611561013432387,3.063726288029281,-10.68904972752079,4.066121774003246,14.755171501524035,-0.3398410140170119,4.26217548000664,4.275702484642487,-12.75906840313134,7.836864984055796,20.595933387187138,5.158944765312887,3.753681897563777,6.3800343948639675,0.5219677499757255,17.27322754107284,16.751259791097112,0.5000000003125251,0.8043237120328356,1,1,1.9603822455036473,14.181497019053927,Freestyle_1527072298681.csv,2,train,84.999999946875,86.9666666123125,85.98333327959375,1.0,1,0.9747533781555353,1,0.65
-11.64603854065288,8.139372903587619,14.20843428932367,-26.811884847027347,1.9896463131126672,28.801531160140016,-2.167060528329105,7.685781065000527,7.9854481347362505,-23.22816864842123,15.976157851558549,39.20432649997978,5.31418679952638,6.3622800458959565,8.289703777739364,-9.444946181303786,24.36596321473756,33.810909396041346,16.904551873117338,6.971535093388158,18.285682256597852,5.286093722397483,33.48448763620593,28.198393913808445,-2.7745236222936773,3.5325299770736707,4.491853667428375,-11.108164739543984,3.184803408531302,14.292968148075285,-0.5537216192288196,3.546356590864345,3.58932482525173,-10.68904972752079,3.981524683746095,14.670574411266884,-0.9670716745077196,5.224446633913297,5.313197742813941,-12.75906840313134,7.547844349207177,20.30691275233852,6.41292205975141,4.490490282870566,7.828797629585353,0.5219677499757255,17.27322754107284,16.751259791097112,0.5000000003125251,0.7751903646646564,1,3,12.933264505954337,4.068085077161681,Freestyle_1527072298681.csv,2,train,85.99999994625,87.9666666116875,86.98333327896876,1.0,1,0.9338140083565927,1,0.65
-12.223671217853065,6.978077327594049,14.075215850282776,-24.579989175666643,1.2053434468251756,25.78533262249182,-2.172398197865054,8.942156858041391,9.202254245776086,-23.22816864842123,15.976157851558549,39.20432649997978,5.0971521783505604,5.742219782304698,7.678153968080823,-9.444946181303786,15.157674155836462,24.602620337140248,17.159630876298888,6.877085209787707,18.48640670312949,4.64829148152925,33.48448763620593,28.836196154676678,-2.7331478900289365,3.453091132132412,4.403854647417548,-11.108164739543984,7.698761418699592,18.806926158243577,0.4586706378244662,2.861988100581867,2.8985090377424227,-8.951739822208243,3.981524683746095,12.933264505954337,-0.7665654996531581,4.594425532940142,4.657936092626305,-11.011696281691288,7.547844349207177,18.559540630898464,6.174698648552789,3.3711653237429355,7.035030848578166,1.0964270330447066,16.699901456323758,15.603474423279051,0.5000000003125251,0.6870998562526415,3,2,2.7682623424974597,7.490530584294204,Freestyle_1527072298681.csv,2,train,86.999999945625,88.9666666110625,87.98333327834375,1.0,1,0.8939785464036005,1,0.65
-10.81718246378906,7.1462758840146705,12.964593918258885,-32.67855336006748,1.2053434468251756,33.88389680689266,-0.3608224330116316,8.519197967006804,8.526835686772515,-20.57273470100776,19.413615734052392,39.98635043506015,3.879861260747113,8.180180365891891,9.053655296131467,-15.182167608483493,25.628306241455967,40.810473849939456,16.285822834873287,7.5847393565541665,17.965419463951903,2.9759849516138313,38.1829797910783,35.20699483946447,-2.979112879385505,4.066980977404214,5.041373604355099,-19.394861904538132,7.698761418699592,27.093623323237722,0.07693531445924205,3.1687884562534516,3.1697222785436696,-12.098538535454,3.483878134159155,15.582416669613156,-0.6510541813726968,3.9182546371908287,3.9719756984340058,-7.5450701486461424,8.407277383317144,15.952347531963287,6.00396015002622,3.8976455210334136,7.158154656804692,1.0964270330447066,22.966159319911284,21.86973228686658,0.5000000003125251,0.4329388574488626,3,3,3.5686599867472117,6.58504620715518,Freestyle_1527072298681.csv,2,train,87.999999945,89.9666666104375,88.98333327771874,1.0,1,0.9305017382049955,1,0.65
-11.483828405721265,7.109317160960996,13.506320940477655,-32.67855336006748,0.99091522702596,33.66946858709344,-2.8094227358360344,9.271814690595475,9.688106304401005,-23.222899190943693,19.413615734052392,42.636514924996085,2.4311391867230494,8.615963771444566,8.952389036233045,-15.182167608483493,25.628306241455967,40.810473849939456,17.187388766649143,7.811468872925768,18.879231408312823,2.9759849516138313,38.1829797910783,35.20699483946447,-3.438497062940263,3.5926838605806997,4.972990988723573,-19.394861904538132,2.9757037591121236,22.370565663650254,0.44719027669015754,3.2558934027661963,3.2864602528773506,-12.098538535454,3.8247294169513575,15.923267952405357,0.3401822697325802,4.229060172537138,4.242720108560103,-7.5450701486461424,8.407277383317144,15.952347531963287,6.225529284118082,3.8438157369776413,7.316565744066595,1.2494463275980383,22.966159319911284,21.716712992313248,0.5000000003125251,0.5281609752669645,2,2,3.088730796539571,9.48636264157073,Freestyle_1527072298681.csv,2,train,88.999999944375,90.9666666098125,89.98333327709375,1.0,1,0.8965642878386548,1,0.65
-10.323925720216327,6.879056773447935,12.405839930003296,-24.77980601039267,0.99091522702596,25.770721237418627,-0.5747335875412882,8.724608988471667,8.7435187824107,-23.222899190943693,14.044978916167029,37.26787810711072,4.151836736417155,6.4084058921049065,7.635798213928125,-9.799943434221747,19.45984838292605,29.2597918171478,15.73129006123199,6.4176251402247235,16.989979382890983,4.302972119213295,33.70858203903528,29.405609919821984,-2.1974273587088535,3.3802813211186704,4.031747611979941,-11.335204686567348,4.808639816516235,16.143844503083585,0.04972158893992491,2.728945047287437,2.7293979752907673,-8.072599879240466,3.8247294169513575,11.897329296191824,-0.08739120963022168,4.343653101620161,4.344532137150683,-10.841779240121566,7.860763605730897,18.702542845852463,5.50472932811537,3.5039287420192897,6.525301648580116,1.2494463275980383,15.303812436048814,14.054366108450775,0.5000000003125251,0.7253231029234345,2,3,3.2951587354946925,3.793060550878726,Freestyle_1527072298681.csv,2,train,89.99999994375,91.9666666091875,90.98333327646876,1.0,1,0.9228459921361614,1,0.65
-10.568789860842474,5.98128323510318,12.143931334669718,-20.69159558612578,-0.1209040377850906,20.570691548340687,-1.1789120934005721,8.119577292885333,8.204716274138017,-24.296352934023123,14.044978916167029,38.34133185019015,3.2072547673020444,7.122666639306956,7.8114571750140165,-12.396204335822432,19.45984838292605,31.856052718748483,15.643390553139685,5.576345810591042,16.607567570157777,4.773351230760779,31.21403697963687,26.440685748876092,-2.4293765587625407,3.185813258485153,4.0064044456600625,-11.335204686567348,4.808639816516235,16.143844503083585,0.133780208424378,2.7480289226539814,2.751283355801229,-8.072599879240466,3.6854191805081578,11.758019059748623,-0.009621567532600588,4.291099500150867,4.291110286948682,-10.841779240121566,7.860763605730897,18.702542845852463,5.527370579878513,3.388604233834908,6.483399122441129,1.300674547305801,15.303812436048814,14.003137888743012,0.5000000003125251,0.8039471302858815,2,1,2.9953308865403585,10.245135458314873,Freestyle_1527072298681.csv,2,train,90.999999943125,92.9666666085625,91.98333327584376,1.0,1,0.9754126825663163,1,0.65
-9.25746905014707,4.973743843464518,10.508989534433464,-20.558528531033943,0.1603723462997095,20.718900877333652,-1.0947956219902661,7.7754513702965555,7.852147570300475,-24.296352934023123,17.429336030888432,41.725688964911555,3.3668136318965756,6.78775253385034,7.576873926146345,-12.396204335822432,23.674471011497214,36.07067534731965,14.157869563858537,5.3906243057824135,15.149392759887244,7.155537002183772,31.21403697963687,24.058499977453096,-2.0838097604951225,2.177461108182425,3.0139011257142747,-6.156042326704164,5.8939954447598195,12.050037771463984,-0.29530821678560376,2.8103205674829375,2.825793452274726,-6.657013744877316,3.6854191805081578,10.342432925385474,-0.2124534601013076,3.488037309918011,3.4945015020871133,-7.358257974314212,6.441055195296259,13.799313169610471,4.903077449404923,2.2891222998622216,5.411122746583151,1.3477853795195975,9.380320365042374,8.032534985522776,0.5000000003125251,0.8738798212619139,3,1,2.141703632584687,6.457900827498501,Freestyle_1527072298681.csv,2,train,91.9999999425,93.9666666079375,92.98333327521874,1.0,1,0.9993097202238483,1,0.65
-7.690299656232546,5.881599502496869,9.681628040284435,-19.92182492731407,2.422890501602309,22.34471542891638,-1.2721550589579373,7.661146925432027,7.766051165623934,-18.376967844104392,17.429336030888432,35.80630387499282,4.854695117854302,5.175367125915325,7.095948814311124,-5.0427294066813415,23.674471011497214,28.717200418178557,13.163186502439109,5.5792905368728585,14.296781518678747,6.398723200482301,30.391905123417875,23.993181922935573,-1.7741066556301566,1.9368920977923918,2.6265957861920497,-5.246236634842785,5.8939954447598195,11.140232079602605,-0.39118151537380097,2.797490529437403,2.8247081690436815,-6.657013744877316,3.7611627244629706,10.418176469340287,-0.17314647555698545,3.4717010878730528,3.47601613136889,-7.358257974314212,7.442798085460314,14.801056059774526,4.521638910519146,2.5525382215982417,5.192366494175915,0.6061183292582356,9.380320365042374,8.774202035784139,0.5000000003125251,0.7864879940229206,2,2,2.5831266971780735,5.703922584478282,Freestyle_1527072298681.csv,2,train,92.999999941875,94.9666666073125,93.98333327459375,1.0,1,0.933405779912595,1,0.65
-8.060973498727613,5.543066590682101,9.78288714929928,-19.92182492731407,2.422890501602309,22.34471542891638,-2.573379767292583,6.963250524254017,7.42355314456862,-18.376967844104392,12.314842052024744,30.691809896129136,3.2882116131268537,5.352984019438119,6.282258632455543,-10.170315081808043,16.353657199728723,26.523972281536764,12.43450860231909,5.971916912522675,13.794230525521234,4.57132450695498,26.7877029634422,22.21637845648722,-1.6580734539134319,1.7866408115782901,2.437476762590681,-5.246236634842785,1.8210548837973264,7.067291518640111,-0.17213639732760477,2.4215671140276367,2.4276775376942186,-4.983145433190749,3.7611627244629706,8.74430815765372,-0.23833543956823086,3.3000491526958986,3.3086444644239275,-5.424347298107874,7.442798085460314,12.86714538356819,4.325058117913335,2.0188887200214043,4.773053465776149,0.6061183292582356,7.995521760816744,7.389403431558509,0.5000000003125251,0.9578863459586344,1,2,4.574419968657997,3.8149623433881477,Freestyle_1527072298681.csv,2,train,93.99999994125,95.9666666066875,94.98333327396875,1.0,1,0.9397657227873647,1,0.65
-7.908896583549626,5.398663388175658,9.575813884370938,-21.96885629770334,2.062703255052995,24.031559552756335,-1.1923086512935512,6.470180824022283,6.57912150788349,-21.63752167717871,12.314842052024744,33.952363729203455,3.9882736357027992,5.6388300292344065,6.906716346559899,-10.170315081808043,16.353657199728723,26.523972281536764,12.276378819922142,5.654582665874748,13.51605645354606,4.57132450695498,27.424461896020496,22.853137389065516,-1.4103707646441308,2.1114301612560893,2.5391500585087092,-6.443177046104219,3.0807314365342857,9.523908482638504,-0.43967413511071113,2.3101990019482757,2.351665957079823,-4.983145433190749,3.503301944627285,8.486447377818035,-0.5898526227250369,3.094912357033761,3.150620353875705,-5.424347298107874,7.612560541469501,13.036907839577374,4.222794076856355,2.017928292094567,4.680173544599476,0.8358033658228139,8.269626821118509,7.433823455295695,0.5000000003125251,0.9598856397797467,1,3,3.4169289326958103,3.6850385961713585,Freestyle_1527072298681.csv,2,train,94.9999999406875,96.9666666060625,95.983333273375,1.0,1,0.9674221401717716,1,0.65
-9.028218049587228,6.010627240685981,10.846029733380274,-21.96885629770334,2.062703255052995,24.031559552756335,-1.1030457826332534,7.864057379607722,7.941039508046014,-21.63752167717871,17.041901947827693,38.67942362500641,4.404584599141072,5.84294152888809,7.317125883910692,-6.367408296550074,20.02176504620634,26.389173342756415,14.20111797195848,5.706579447727886,15.304796654863223,6.108516210610608,27.424461896020496,21.315945685409886,-1.9937831955096124,2.4023473780231304,3.1219295884742704,-6.443177046104219,4.958534024091012,11.40171107019523,-0.4741969019806535,2.991817370166404,3.029163890956953,-8.850213489830539,3.503301944627285,12.353515434457824,-0.021486811321448734,3.6512730215608338,3.6513362432181924,-7.830813746664829,7.612560541469501,15.44337428813433,4.864702514490714,2.9307343858178387,5.679307580568897,0.6490603240847176,11.390605536706541,10.741545212621824,0.5000000003125251,0.7428695962787939,3,2,3.457784226571,5.747285133045139,Freestyle_1527072298681.csv,2,train,95.99999994,97.9666666054375,96.98333327271874,1.0,1,0.9751636809448253,1,0.65
-8.77565093357146,5.4674890238004545,10.339510894296312,-18.856857032173775,-0.0260516919189326,18.83080534025484,-0.9355795840594838,7.9734350039256965,8.0281364537442,-22.25285900664485,17.041901947827693,39.294760954472544,3.8551809657386187,5.913775316410005,7.059402153976894,-10.536960328981785,20.02176504620634,30.558725375188125,13.809214880545115,5.522427329328435,14.872512202878914,4.80934593963546,29.01114914892151,24.20180320928605,-2.111796869123718,2.2735365064478597,3.1030072933513835,-6.026500107856911,4.958534024091012,10.985034131947923,-0.2859111082036307,3.0230570174761615,3.0365471991566495,-8.850213489830539,3.973572580385434,12.823786070215974,-0.23058236737411894,3.553319487070494,3.5607931146499894,-7.830813746664829,6.939888397335578,14.770702144000406,4.855988063495038,2.8192021367455102,5.615026336593333,0.6490603240847176,11.390605536706541,10.741545212621824,0.5000000003125251,0.7395269875373676,2,2,2.9168503563782866,6.533708769112334,Freestyle_1527072298681.csv,2,train,96.999999939375,98.9666666048125,97.98333327209374,1.0,1,0.9981950817758767,1,0.65
-9.045465659031652,5.363836517079644,10.516234647946861,-18.856857032173775,-0.0260516919189326,18.83080534025484,-1.8774822512164642,7.459667211605467,7.6923061894034435,-22.25285900664485,10.472512366153412,32.725371372798264,2.860817367939716,6.299872578022565,6.919007913857751,-10.536960328981785,11.576586349897552,22.113546678879338,13.79101309803328,5.238644283029083,14.752472206184247,4.80934593963546,29.01114914892151,24.20180320928605,-2.2402323855621007,2.119949799444471,3.084287323432419,-6.055276657531646,3.3118583173666134,9.36713497489826,-0.38242040053293647,2.99788822184954,3.022181191366257,-8.989594276969925,3.973572580385434,12.963166857355358,-0.0886452457305241,3.7094279959353655,3.710487034961811,-8.14525876702219,6.939888397335578,15.085147164357767,4.958109569359987,2.798440812626647,5.6933400990590375,0.9100903737228011,12.72881198393406,11.81872161021126,0.5000000003125251,0.7949237071875793,1,1,4.28137422745318,9.146939098542425,Freestyle_1527072298681.csv,2,train,97.99999993875,99.9666666041875,98.98333327146875,1.0,1,0.9564609713165708,1,0.65
-9.51685252305986,5.391905878583576,10.938150252632976,-21.62127858842391,0.2282151586494759,21.849493747073385,-0.899718362322511,7.719875961567237,7.772128279530902,-19.01274174664208,22.624384292536085,41.63712603917817,3.2021169706651706,6.735762811590736,7.458153507928798,-10.77395899622229,23.68457610678261,34.458535103004905,14.29822474559304,5.5887325768013305,15.351650161806369,6.483828522011162,33.03409455663958,26.550266034628418,-2.0204948380057846,2.4051096104539935,3.1411704233782323,-6.055276657531646,4.582363986670298,10.637640644201944,-0.3372087034220341,3.1015142162640084,3.11979168268513,-8.989594276969925,3.8798789138202814,12.869473190790206,-0.1110746407380814,3.516879563497461,3.5186331778065734,-8.14525876702219,6.777039092196384,14.922297859218574,4.957796103887671,2.7204942573537836,5.655159698188786,1.1619307949896671,12.72881198393406,11.566881188944393,0.5000000003125251,0.841201292783384,1,1,2.5894320207294275,11.25888357026833,Freestyle_1527072298681.csv,2,train,98.999999938125,100.9666666035625,99.98333327084376,1.0,1,0.9993097202238483,1,0.65
-9.745469266780104,5.8451445147373775,11.363973144456123,-21.62127858842391,0.2282151586494759,21.849493747073385,-1.2304035332652157,7.913788088932598,8.008866010316504,-17.549865667667632,22.624384292536085,40.17424996020372,3.2811682176745487,6.722191118672712,7.480235177361729,-12.190031182190966,23.68457610678261,35.87460728897358,14.633385318464095,5.924506125334184,15.787201737729294,6.483828522011162,33.03409455663958,26.550266034628418,-2.175138356443112,2.6774420210192797,3.449626450152226,-8.271376630302811,4.582363986670298,12.85374061697311,0.06414920704940588,2.913016416230117,2.913722663877127,-8.69664680614732,3.8798789138202814,12.576525719967602,-0.247142706812259,3.931750450634756,3.9395102644360622,-10.550278222890917,6.283706326317426,16.833984549208342,5.107208008800081,3.1346243612315785,5.992448875975344,1.1619307949896671,14.795104548440875,13.633173753451208,0.5000000003125251,0.8091927792213475,1,1,6.344603147152293,8.896207559746035,Freestyle_1527072298681.csv,2,train,99.9999999374375,101.9666666029375,100.9833332701875,1.0,1,0.9993097202238483,1,0.65
-9.594046589255107,5.600182821314932,11.108905328111696,-19.453646847364077,1.196544351159291,20.650191198523366,-1.5511231532072605,7.7904702301454485,7.943387781242843,-21.7419295217372,13.676419861914848,35.41834938365205,3.3178046322979284,6.797377088437627,7.56387221339139,-12.190031182190966,19.98112112976158,32.17115231195255,14.606650259861993,5.510273866037378,15.611449320696043,3.672994061548344,28.908132891681472,25.235138830133128,-2.101195677354481,2.8912845530599802,3.5741501984802495,-8.271376630302811,5.345599684143865,13.616976314446676,0.0009913124160013367,2.867234003898734,2.86723417526603,-8.69664680614732,4.104920761430255,12.801567567577575,-0.19613619245152283,3.9846250224512483,3.9894493323683147,-10.550278222890917,6.283706326317426,16.833984549208342,5.2300152046199075,3.0916384640006718,6.075466025964088,1.1706194536814447,14.795104548440875,13.62448509475943,0.5000000003125251,0.7741434504235821,1,2,3.6662564729328797,6.533890109572354,Freestyle_1527072298681.csv,2,train,100.999999936875,102.9666666023125,101.98333326959374,1.0,1,0.9993097202238483,1,0.65
-10.531316462560012,6.389167634002483,12.317876825572352,-23.15500289870271,1.196544351159291,24.351547249861998,-1.242462150132036,8.478418637021713,8.56897279603033,-21.7419295217372,19.310374710664817,41.05230423240202,3.903592473185669,6.956971186339591,7.977310466834741,-11.98454680163932,19.98112112976158,31.9656679314009,15.945459917153945,5.876833720957943,16.993965592331634,3.672994061548344,28.908132891681472,25.235138830133128,-1.7770120021008158,3.1897237879867246,3.6513161324731565,-7.569261934850072,7.4086414879864915,14.977903422836564,-0.12364981331413286,2.982744162976493,2.98530601749686,-9.121030049543911,4.104920761430255,13.225950810974165,-0.17917925481098268,4.083815869120616,4.0877447643212745,-11.101285685654837,6.798678216547319,17.899963902202156,5.429775899324391,3.07755624785538,6.241299446076729,1.1706194536814447,14.306570943985578,13.135951490304134,0.5000000003125251,0.7581411229059092,2,2,3.293643374766895,5.872064469477545,Freestyle_1527072298681.csv,2,train,101.99999993625,103.9666666016875,102.98333326896875,1.0,1,0.9904672544840644,1,0.65
-10.959956612529398,6.473891137916273,12.729175755488557,-23.15500289870271,0.909234657335541,24.06423755603825,-1.5157729412087202,8.35613385997648,8.492499084200476,-20.01931894090647,19.310374710664817,39.32969365157129,3.491021351595797,6.412342221978854,7.3010521741095955,-10.780616767321265,14.56755436872538,25.348171136046645,15.840513337688542,6.044663444464512,16.954640042134013,6.870711740361865,28.87500305525276,22.004291314890892,-2.0328238489252466,2.93466280594249,3.5699605859647106,-7.569261934850072,7.4086414879864915,14.977903422836564,0.005904489384089273,3.020425329341407,3.0204311005421114,-9.121030049543911,4.469553253041268,13.59058330258518,-0.07937987001830692,4.16323273172729,4.1639894262941635,-11.101285685654837,6.798678216547319,17.899963902202156,5.444100327611252,3.093251070258635,6.26150385776078,0.9962790984248494,14.306570943985578,13.310291845560728,0.5000000003125251,0.7669902062600121,1,2,3.337086669297635,6.525212934666147,Freestyle_1527072298681.csv,2,train,102.999999935625,104.9666666010625,103.98333326834376,1.0,1,0.9916798408232816,1,0.65
-10.02717589724293,5.589353051051053,11.479770206913694,-20.94860577035351,-0.1800209890372139,20.768584781316296,-0.9604613336434656,7.69314501395286,7.752868254983567,-20.01931894090647,18.13115721086542,38.15047615177189,3.1524870945694348,6.554593894154401,7.273298838815369,-9.906951903026512,25.617445853573585,35.524397756600095,14.670495527005606,5.437786973898174,15.645860992012814,6.870711740361865,29.27043306741746,22.399721327055595,-1.9960872572940374,2.3743945925761123,3.1019532588332646,-5.194026178453839,5.218210879930662,10.412237058384502,-0.25040966311533963,2.9553615616299336,2.965951273932405,-7.932870099077861,4.469553253041268,12.40242335211913,-0.279049174609899,3.6626942720097406,3.673308831566362,-8.843676137328833,5.994065600073019,14.837741737401853,5.021032196429923,2.5887090284165026,5.6490865413260405,0.9962790984248494,11.388335757472737,10.392056659047887,0.5000000003125251,0.83805772430698,2,2,3.4010634399570483,4.586262023310138,Freestyle_1527072298681.csv,2,train,103.999999935,105.9666666004375,104.98333326771876,1.0,1,0.9993097202238483,1,0.65
-9.153072602840284,6.021560189586882,10.956182053511297,-18.196062607504185,0.7898317087457415,18.985894316249926,-1.6186855620863114,7.447405626260851,7.621285555007662,-19.09553108228861,18.13115721086542,37.22668829315403,3.746541425193161,6.376424776132401,7.395631519780007,-9.906951903026512,25.617445853573585,35.524397756600095,14.31896804544902,5.271094610270708,15.25835129615959,6.253486705807431,29.27043306741746,23.01694636161003,-1.9868261722298366,2.1605781540332183,2.935230178085367,-5.01493236980475,5.218210879930662,10.233143249735413,-0.42120046927232907,2.8090580865771293,2.8404607318320023,-7.932870099077861,3.783016989863047,11.715887088940908,-0.23348710424003485,3.6988148583563714,3.7061769499369914,-8.843676137328833,6.7828641040277144,15.626540241356548,4.744987750118542,2.8115177756670664,5.515391278202021,0.4376656420536276,11.388335757472737,10.95067011541911,0.5000000003125251,0.8098505711430692,2,2,2.6612220010897785,6.133233528646193,Freestyle_1527072298681.csv,2,train,104.999999934375,106.9666665998125,105.98333326709374,1.0,1,0.998805732983019,1,0.65
-8.613688908524857,6.157782969972169,10.588386454891198,-19.08548171327064,0.7898317087457415,19.87531342201638,-2.371489559466013,6.905097475794754,7.300981706653111,-19.711188338881232,11.141882394098984,30.853070732980214,4.463374324952903,6.408318051615451,7.809497462404942,-9.068219028670228,24.96545749720186,34.03367652587209,13.788298528262743,6.024063073194326,15.046810699092218,4.062031602694048,29.732230533241406,25.670198930547357,-2.2399569378049837,2.4900137205242943,3.3492649061577557,-6.814482012595197,4.233192287097526,11.047674299692723,-0.3079917555952465,2.9923724349502003,3.008180797585882,-9.919415817547067,3.783016989863047,13.702432807410114,-0.07887236236703116,3.7459908186235675,3.7468210609471893,-8.600143453863698,6.7828641040277144,15.383007557891412,4.969973394642914,3.0991546656924642,5.857080773332546,0.4376656420536276,13.318025816158615,12.880360174104988,0.5000000003125251,0.7300493507574292,1,2,4.727244076540517,6.407153042449965,Freestyle_1527072298681.csv,2,train,105.99999993375,107.9666665991875,106.98333326646875,1.0,1,0.9961210970898096,1,0.65
-9.487730659349955,5.853615790119895,11.148177020603418,-19.73440440738702,0.323759740966235,20.058164148353256,-2.2950021412796002,7.577199478261187,7.917132483534651,-21.974421617728176,11.141882394098984,33.11630401182716,3.662724644293882,6.440370075365159,7.409043023736383,-9.068219028670228,24.96545749720186,34.03367652587209,14.170998584108869,6.406212242917877,15.551744473599303,4.062031602694048,29.732230533241406,25.670198930547357,-2.245400497323583,2.7060915959472753,3.5163553743951232,-6.814482012595197,4.991794541117546,11.806276553712742,-0.11108707334602957,3.1154308762269567,3.1174107657498147,-9.919415817547067,3.939007367951192,13.858423185498259,-0.016480790381617108,3.7909120356151043,3.7909478601298456,-8.600143453863698,6.0868204228745775,14.686963876738275,5.343485038749669,2.81095327608479,6.037738871437997,0.9989888472036328,13.318025816158615,12.319036968954983,0.5000000003125251,0.7672307352524456,1,1,2.342595557765746,10.843043780369388,Freestyle_1527072298681.csv,2,train,106.999999933125,108.9666665985625,107.98333326584375,1.0,1,0.9961210970898096,1,0.65
-9.587106452379714,5.452701997890108,11.029259685357653,-19.73440440738702,0.323759740966235,20.058164148353256,-1.3781728728677307,7.888373942019316,8.00785888466061,-21.974421617728176,16.624677147825505,38.59909876555368,3.2692675321112152,6.02971915680056,6.8589812149038725,-9.275246369969397,17.81298866457887,27.08823503454827,14.229237780680132,5.508610406532926,15.258309094722707,4.295694410041407,29.265244333088024,24.969549923046618,-2.054213871659267,2.9443694235058766,3.5901400992988672,-7.813415261550569,5.450990008021884,13.264405269572453,-0.13736256561263913,3.1707821198800548,3.1737560911611884,-9.466404610110011,3.939007367951192,13.405411978061203,-0.010963093795353282,3.628272461213265,3.628289024075139,-8.925207658019687,6.0868204228745775,15.012028080894265,5.215924107742273,2.9867123402285523,6.010517024433135,0.9989888472036328,13.588224465565704,12.589235618362071,0.5000000003125251,0.7388075113674297,2,1,2.977458393325099,9.970795738296404,Freestyle_1527072298681.csv,2,train,107.9999999325,109.9666665979375,108.98333326521876,1.0,1,0.9993097202238483,1,0.65
-9.771387782672564,5.40614860827413,11.167204752045468,-21.09671109016458,-0.1973334896126188,20.89937760055196,-0.9332582029556555,7.699078450582007,7.7554355043156855,-21.509513076171775,16.624677147825505,38.13419022399728,3.4123849069234735,6.216820186292354,7.0917715686344005,-9.332655833555949,17.81298866457887,27.14564449813482,14.397692840654367,5.27758530803325,15.334486160853203,3.1963659799009894,27.799559553457865,24.603193573556876,-2.061233636934756,2.9419434331476237,3.592174170314088,-7.813415261550569,5.450990008021884,13.264405269572453,-0.2148991389486512,3.096483075426194,3.103931229315774,-9.466404610110011,3.235096815959971,12.701501426069981,-0.03918544488961658,3.6677474629608406,3.6679567815265868,-8.925207658019687,5.955889837528449,14.881097495548136,5.202053296694358,2.9884197823752414,5.999334237841756,1.2477407096094433,13.588224465565704,12.34048375595626,0.5000000003125251,0.7340439325593876,2,2,1.5787159871060203,6.397959542854879,Freestyle_1527072298681.csv,2,train,108.999999931875,110.9666665973125,109.98333326459374,1.0,1,0.998805732983019,1,0.65
-9.5733460832474,5.3851997599224966,10.984048965836674,-21.09671109016458,0.1406154637997179,21.237326553964298,-0.8371607074618196,7.15510236003882,7.20391059305646,-21.509513076171775,14.3907470503584,35.90026012653017,3.96746030931971,5.862663800361569,7.078952474914436,-9.332655833555949,21.22632917870865,30.5589850122646,14.00028156737268,5.162300232748064,14.921703242550631,3.1963659799009894,27.799559553457865,24.603193573556876,-1.9639164006130239,2.670838424716719,3.3151690031641072,-6.964622087485708,4.270900834411804,11.235522921897513,-0.017026577009179866,2.702894180702903,2.7029478086715373,-7.800618336602276,3.235096815959971,11.035715152562247,-0.413276714796268,3.953043867987923,3.9745884648891283,-10.514381925962024,5.955889837528449,16.470271763490473,5.043532791276132,2.94217654543273,5.8389747251698285,1.184025148819033,14.373402702390585,13.189377553571552,0.5000000003125251,0.7545896867347445,2,2,3.1003509876015407,5.042191111379465,Freestyle_1527072298681.csv,2,train,109.99999993125,111.9666665966875,110.98333326396875,1.0,1,0.9976910945350472,1,0.65
-9.372520572451565,5.542209644184852,10.888536615226279,-21.20762588049768,1.2421912704369025,22.44981715093458,-1.377955430841051,7.091026862840845,7.223671029256165,-19.830924010036508,14.3907470503584,34.22167106039491,4.029502259885574,6.140409718881997,7.344489088981169,-9.475009974532936,21.22632917870865,30.701339153241584,13.974361141383211,5.422213886264592,14.989435370893784,3.5541575654542683,28.79771482912133,25.24355726366706,-2.0074764061087174,2.537512426438002,3.2355727213911374,-6.964622087485708,3.1731307911080853,10.137752878593794,-0.00709379777083603,2.7238655839034385,2.723874821121638,-7.800618336602276,3.400519849139724,11.201138185742,-0.38001192911685966,3.973241737822643,3.991373068687894,-10.514381925962024,6.468387401865645,16.98276932782767,4.916466734503729,3.106097020138963,5.815452162127886,0.7953285812137447,14.373402702390585,13.57807412117684,0.5000000003125251,0.7516124995594213,2,2,2.1687374343731545,5.662966863455288,Freestyle_1527072298681.csv,2,train,110.9999999305625,112.9666665960625,111.98333326331249,1.0,1,0.9970916494425278,1,0.65
-9.56238119192693,5.396685323584999,10.98013417684482,-21.20762588049768,1.2421912704369025,22.44981715093458,-1.2883499433602819,7.638371986797283,7.746261820081084,-19.830924010036508,15.874428945332388,35.705352955368895,3.1414486127130785,6.515488815221537,7.233276843007869,-9.47522766766783,17.596191687983254,27.071419355651084,14.327274441061608,5.255227845189801,15.260675365604087,3.5541575654542683,28.79771482912133,25.24355726366706,-1.9614599569544997,2.0368926423783953,2.827765336676859,-6.111405320728505,3.1061896063542225,9.217594927082727,-0.31057139556734686,2.883415956791109,2.900093476359381,-7.907017671977039,3.400519849139724,11.307537521116764,-0.2801797033720396,3.6207731039060813,3.6315972431082337,-8.177826440000462,6.468387401865645,14.646213841866107,4.812047892116999,2.537615532553559,5.440156018634461,0.7953285812137447,11.162772120394449,10.367443539180703,0.5000000003125251,0.8344921950618093,3,2,2.4118099061882123,4.781537901070224,Freestyle_1527072298681.csv,2,train,111.99999993,113.9666665954375,112.98333326271876,1.0,1,0.998805732983019,1,0.65
-8.429920413986387,6.009848259820129,10.352865994120055,-20.96362062885888,1.7621274301423833,22.725748059001262,-0.8404043279428925,6.553079520744468,6.6067488706341555,-18.928444729076368,15.874428945332388,34.80287367440876,3.85296138383139,6.191641348993819,7.292580751686326,-9.47522766766783,17.596191687983254,27.071419355651084,13.543114447702864,4.53836424365883,14.283301402396404,4.9440990447942035,27.850644636566415,22.90654559177221,-1.674336582466317,1.9989913294254946,2.607560033154231,-6.111405320728505,2.699383285248835,8.81078860597734,-0.4579780420659097,2.861958459703896,2.8983702510350917,-7.907017671977039,3.91929429486384,11.82631196684088,-0.3815402421355515,3.2727428090538933,3.2949079578317244,-8.177826440000462,5.142357840582344,13.320184280582806,4.412786460818856,2.5658631180141183,5.104540908756764,0.4997238442198587,11.162772120394449,10.66304827617459,0.5000000003125251,0.8416619905223365,2,2,2.484207772778368,5.751085485914421,Freestyle_1527072298681.csv,2,train,112.999999929375,114.9666665948125,113.98333326209374,1.0,1,0.9975983670060908,1,0.65
-8.477790183606853,6.662510925571402,10.782484789259803,-25.14949961916359,1.7621274301423833,26.91162704930597,-1.137692809364262,7.038626408754626,7.129979428476438,-18.32594416064715,15.148188586063696,33.47413274671085,5.041198476521246,6.796725503799235,8.462219546530042,-6.720962029614685,35.42754316249494,42.148505192109624,13.92387463381734,6.695779246400623,15.450169725112774,4.9440990447942035,38.269346761340906,33.3252477165467,-2.339011213264294,2.9614662080340417,3.773758810139253,-12.569857196275118,2.699383285248835,15.269240481523953,0.024627938309041888,3.063248521975454,3.0633475223568998,-11.109482246001043,3.91929429486384,15.028776540864882,-0.098201048974481,3.6930923894099057,3.694397764553386,-8.843237586519914,6.856612552751099,15.699850139271014,4.912209939918979,3.625482305670797,6.105237787553475,0.4997238442198587,16.505915880767038,16.00619203654718,0.5000000003125251,0.6345738922983938,2,2,4.141207385940431,7.500199278064962,Freestyle_1527072298681.csv,2,train,113.99999992875,115.9666665941875,114.98333326146874,1.0,1,0.9865636097173163,1,0.65
-8.77643262873315,6.268582847199956,10.785216761794885,-25.14949961916359,0.8086788288760253,25.958178448039614,-0.6851449583652888,7.847144265660912,7.87699795227016,-22.410656388784872,15.148188586063696,37.55884497484857,4.694925337767214,6.9824643843485905,8.414103208655401,-8.231987467635111,35.42754316249494,43.65953063013005,14.216757282424226,6.859223171577997,15.784965319723536,5.843401014456615,38.269346761340906,32.42594574688429,-2.5319438474472085,3.0954991137542227,3.99910670148709,-12.569857196275118,4.737628694366906,17.307485890642024,0.011457297757206416,2.9589261273235246,2.958948309218951,-11.109482246001043,3.3669594069985997,14.476441652999643,-0.4517647171608054,3.699476402904793,3.7269581450991325,-8.843237586519914,6.856612552751099,15.699850139271014,5.056228586342273,3.6156602446143404,6.215983150059966,0.6718679789953128,16.505915880767038,15.834047901771726,0.5000000003125251,0.6100827860294649,2,1,2.6801731514431184,13.978530688087657,Freestyle_1527072298681.csv,2,train,114.999999928125,116.9666665935625,115.98333326084375,1.0,1,0.9770138225703704,1,0.65
-7.733660276363012,5.092993412493022,9.260026089050317,-19.732760882621765,0.8086788288760253,20.54143971149779,-1.1401906612707358,6.920640144888371,7.0139357538467335,-22.410656388784872,11.454107493417052,33.86476388220193,3.077348520566374,5.6737944224139145,6.4546120770227,-9.131690120190154,12.498969100955817,21.63065922114597,12.302289642008198,5.025839686855039,13.28929625653027,4.75603370560364,29.86031155634464,25.104277850741,-1.938173406693769,2.244735741926097,2.965696327255277,-8.949122459932571,4.737628694366906,13.686751154299477,-0.31306106666100925,2.6917384322694304,2.7098824733215316,-5.979423089509142,2.869048442086614,8.848471531595756,-0.17775918122116874,3.2211624616063386,3.226063534800613,-6.622607297101847,5.900558949301097,12.523166246402944,4.597529103304419,2.325732099694579,5.152310516193767,0.6718679789953128,10.009409193745938,9.337541214750626,0.5000000003125251,0.817817670562531,1,1,3.2973940796810655,4.2061991660371225,Freestyle_1527072298681.csv,2,train,115.9999999275625,117.9666665929375,116.98333326024999,1.0,1,0.9422372829418635,1,0.65
-6.0958622204441015,4.48965750075481,7.570770151359875,-15.518297896385514,1.9049461041589355,17.42324400054445,0.35349596689456914,5.060730822438871,5.073061783163452,-15.0163341415347,7.486457282626527,22.502791424161227,4.558751657702603,5.982522621934657,7.521488788701752,-9.131690120190154,17.03385856822176,26.165548688411914,11.111497173258183,4.019942873693197,11.8163154214451,4.75603370560364,22.250665420360036,17.494631714756395,-1.3372961030733208,1.960195201579235,2.3729151050109962,-7.184746052338016,3.773328246499888,10.958074298837904,-0.7821182695254868,2.436363000197157,2.558822709031486,-5.979423089509142,2.580039004317572,8.559462093826713,0.21287754314130045,2.9618881917417847,2.969528331023852,-6.622607297101847,5.900558949301097,12.523166246402944,3.9319899072946214,2.3528394823130445,4.582182696117417,0.8619185301242046,9.380995604182084,8.51907707405788,0.5000000003125251,0.7417603696758416,1,3,1.769042140234872,3.768177275820104,Freestyle_1527072298681.csv,2,train,116.999999926875,118.9666665923125,117.98333325959376,1.0,1,0.7568203075535054,1,0.65
-5.726630390116181,4.49342402387817,7.279090264817966,-14.36517821873292,1.9049461041589355,16.270124322891856,-2.971986280547081,6.6929997137024895,7.323178791985191,-25.002581735019007,8.661081794235677,33.663663529254684,3.204927751181445,7.107685714913003,7.796842829778686,-9.854560167849172,17.03385856822176,26.888418736070932,12.042390071015424,4.73135310376744,12.93850303609427,5.831662095379187,29.18903270028717,23.357370604907985,-1.2213977767573974,2.074464575361654,2.4073254461119964,-8.131376249262086,3.773328246499888,11.904704495761974,0.9204893847617777,1.1515826073281614,1.474260224302291,-1.1921322439236932,2.8716559977414517,4.063788241665145,0.08519106319761495,2.3030609833458904,2.3046360689399266,-4.347158473180831,6.12785566056414,10.47501413374497,3.1531015902457846,1.8270076037900187,3.6441743128885924,0.8619185301242046,9.398966945785931,8.537048415661726,0.5000000003125251,0.973044410850798,2,2,2.516646391239493,2.133979833073033,Freestyle_1527072298681.csv,2,train,117.99999992625,119.9666665916875,118.98333325896874,1.0,1,0.3946258200201709,0,0.65
-6.420203332078016,3.4703531260371547,7.29810671644513,-14.36517821873292,-0.727131593103041,13.63804662562988,-0.8793040056048222,7.808809107327743,7.858159785150554,-25.002581735019007,8.661081794235677,33.663663529254684,-3.946035901369646,4.584393354949311,6.048790107765483,-9.854560167849172,8.583785739745583,18.438345907594755,11.488118823467545,4.429901186174596,12.312631669199744,7.094625499998859,29.18903270028717,22.094407200288313,-1.2931594930179533,1.8166018256572103,2.2298662891221888,-8.131376249262086,2.161423592565567,10.292799841827653,0.4011891539590649,1.3167187392947344,1.3764813749790825,-1.5622920357921282,2.8716559977414517,4.43394803353358,0.14796699352256157,2.1933977633397017,2.1983830374608773,-4.347158473180831,6.12785566056414,10.47501413374497,2.696327558995842,2.104687700591966,3.4205105792006516,0.32195480740612026,9.398966945785931,9.07701213837981,0.5000000003125251,0.773382072477385,1,3,0.9657153889172329,1.5124445300958431,Freestyle_1527072298681.csv,2,train,118.999999925625,120.9666665910625,119.98333325834375,0.5166666666666667,0,0.15120976909229475,0,0.65
-5.490159711330339,1.5959124722018976,5.717411151460459,-7.63446110319308,-1.9223438930142307,5.7121172101788495,5.821511827078854,1.2400138519531398,5.952111751794874,2.001098904617517,7.559225012641951,5.5581261080244335,-2.7519257060814297,3.4940961060965448,4.447673851625231,-7.759754335401314,4.72124930594151,12.481003641342824,9.33852498083911,0.8307697956556636,9.375405445692994,7.094625499998859,10.98993628640756,3.8953107864087,-0.6869231472892884,0.8838250205817211,1.1193793268093266,-2.760639439896796,0.7805505988526233,3.5411900387494195,-0.48665123477376393,0.4607144041159051,0.6701396768336453,-1.5622920357921282,0.3101379184212923,1.8724299542134204,0.1628152269757357,0.43564102433219914,0.4650719301531409,-0.6648749675540446,0.8334987253101109,1.4983736928641556,1.2217519519199027,0.6524655791312518,1.3850592637036048,0.32195480740612026,2.920913881478879,2.5989590740727584,0.5000000003125251,0.5124316530825912,3,1,0.8824784226368197,1.8247900315820345,Freestyle_1527072298681.csv,2,train,119.999999925,121.9666665904375,120.98333325771875,0.016666666666666666,0,0.0,0,0.65
-3.623627120786216,3.080900807234629,4.756324557314859,-7.63446110319308,0.4732078685979258,8.107668971791005,3.4777512844505707,3.4681009229811,4.911463937410103,-1.7135307619585194,7.559225012641951,9.272755774600471,4.535199415709576,4.6473776595901235,6.493547016162265,-3.5007190504318975,10.311192343978586,13.811911394410483,9.402820219204534,0.705851315380633,9.429276438524123,7.451267082415856,10.47520183444642,3.0239347520305637,-0.9283606389322225,0.794533487274171,1.2219398259810912,-2.760639439896796,0.4546819305655262,3.2153213704623225,-0.36298218766706475,0.3702725444418004,0.5185150197737509,-1.0389654990078212,0.3101379184212923,1.3491034174291134,0.39444174609336613,0.3254714677108593,0.5113863190925666,-0.4387712160535063,0.8334987253101109,1.2722699413636172,1.2363518668359876,0.703523128813748,1.4225015751853203,0.22471037340378375,2.920913881478879,2.696203508075095,1.0000000006250502,0.7063827435349425,2,2,0.8286881633548939,0.7574995337248912,Freestyle_1527072298681.csv,2,train,120.999999924375,122.9666665898125,121.98333325709376,0.0,0,0.0,0,0.65
-3.321290319329186,3.404961802880862,4.7565464640164565,-10.242245620316153,0.4732078685979258,10.71545348891408,-1.3870235857040911,2.8940859684931532,3.209294006526729,-8.324317969053821,5.217464659334028,13.54178262838785,8.124411870740607,1.5491761755290725,8.270792892356681,4.583523336217777,10.311192343978586,5.7276690077608094,9.966348899838648,1.41499362529256,10.066296108943629,7.451267082415856,13.198973810235914,5.747706727820058,-0.9952401400490405,1.1780094681722433,1.5421443653135347,-4.663037665819602,1.3471298946379957,6.010167560457598,0.4373830632854313,0.9729613863331528,1.0667510503131825,-1.0389654990078212,2.278284385703892,3.317249884711713,0.6991589380159688,1.108102969447254,1.3102348688328511,-1.6029940538978806,2.647483530261725,4.250477584159606,1.94784457404509,1.199493215354344,2.2875494439067325,0.22471037340378375,5.0225490480920145,4.797838674688231,0.5000000003125251,0.8496132636652227,1,2,1.9094171116174523,0.5714155501953053,Freestyle_1527072298681.csv,2,train,121.99999992375,123.9666665891875,122.98333325646874,0.0,0,0.0026596980255516843,0,0.65
-5.989893940242047,2.494388839945403,6.4885133197206715,-10.242245620316153,-0.3178757745331311,9.924369845783021,-5.21894528027847,3.0197099698999086,6.029596847290358,-10.811773529582869,0.4448006702285813,11.25657419981145,5.438302826117368,2.314569314965367,5.9103611346799605,1.8256569506882496,9.81787890627564,7.99222195558739,10.585794594965709,1.153327696960668,10.64843706763494,7.6043759022016015,13.198973810235914,5.594597908034313,-0.3065009581680267,1.519420277133969,1.5500260694336034,-4.663037665819602,2.623564121337954,7.286601787157556,0.8843822550174677,0.6239762050214244,1.0823485009102753,-0.1423670212442523,2.278284385703892,2.4206514069481444,-0.12393865230738076,1.55105023551726,1.5559940946655026,-1.6029940538978806,2.647483530261725,4.250477584159606,2.2685217021843793,0.921404364380217,2.4485049961109784,0.7935484231735216,5.0225490480920145,4.229000624918493,0.5000000003125251,0.5878406098498701,2,2,1.4828930251417018,0.7386158049475962,Freestyle_1527072298681.csv,2,train,122.999999923125,124.9666665885625,123.98333325584375,0.0,0,0.0,0,0.65
-2.6930580111349496,3.9278754198519614,4.7624328620165715,-9.481717911804926,3.282583036617347,12.764300948422274,-7.920209842959778,1.9495799062555208,8.156628333287733,-10.811773529582869,-4.263160027984562,6.5486135015983065,4.00939941074212,1.1215429519107833,4.163309047841635,1.6509209831277838,6.684790726136477,5.033869743008693,10.274328162414466,0.9912999402121259,10.322039273343595,7.203186233111974,11.914992152779526,4.711805919667552,0.2577900967537002,1.2114938558391215,1.2386174133767958,-1.6504499759524702,2.623564121337954,4.274014097290424,0.15347469679183606,0.4844431063236701,0.5081728109805489,-0.6345658927386916,0.899671827254027,1.5342377199927184,-0.8453352111108825,0.5288649739852371,0.9971408024207443,-1.487682831519796,0.3104282606137827,1.7981110921335788,1.566627186846668,0.5765255760374188,1.6693419309393698,0.22338470010526124,2.9393020756234063,2.715917375518145,0.5000000003125251,0.7478953223087048,2,3,0.7386158049475962,0.5817417888713309,Freestyle_1527072298681.csv,2,train,123.9999999225,125.9666665879375,124.98333325521875,0.0,0,0.0,0,0.65
-0.5782908281141563,2.5865728887203674,2.65043007652422,-5.50564655459525,3.282583036617347,8.788229591212598,-8.674793653363686,1.4141558908659209,8.789304967522158,-10.515961678941402,-4.492663166416827,6.023298512524574,2.7755290355063935,2.0266416268351217,3.4366899351789013,-0.0586341679157468,6.684790726136477,6.7434248940522235,9.751246509210647,1.0003452553098926,9.802423124575567,7.203186233111974,11.914992152779526,4.711805919667552,-0.006193600464666734,0.9986622042248676,0.9986814100773016,-1.6504499759524702,2.603642324123851,4.254092300076321,-0.13287898245626523,0.4010483745281688,0.42248860658046017,-0.9024313698064176,0.7308167380772939,1.6332481078837113,0.3053157527304945,0.7997168639928843,0.8560168055710132,-1.0182628300342116,1.3374183915182654,2.355681221552477,1.2913649334484807,0.4909201173346729,1.3815302938930756,0.22338470010526124,2.790769480334541,2.56738478022928,0.5000000003125251,0.9487032405537946,1,1,0.29165074171780947,1.349656294771405,Freestyle_1527072298681.csv,2,train,124.999999921875,126.9666665873125,125.98333325459376,0.0,0,0.001945624468988955,0,0.65
-3.9865280093399633,3.7078517089087364,5.444315371514538,-9.919787003767304,4.042047444868408,13.961834448635713,-6.708594180030613,2.7685726429854527,7.257425876426716,-10.057884064610024,-0.6816791780866674,9.376204886523356,3.6630830260871305,3.4027667346039765,4.9996998616052,-0.0586341679157468,8.862670566827791,8.921304734743538,10.232633511372239,1.6127648137327628,10.358947771008049,8.56847450345482,14.826800153762392,6.258325650307572,0.46706339184975715,1.1372597676042613,1.2294340124697618,-1.5246481476174245,3.3473511212361995,4.871999268853624,-0.5150985484264275,0.8265586588749759,0.9739228568794407,-1.9162784410141211,0.4822340570262575,2.3985124980403785,0.5669767687115824,0.5527209295744642,0.7918100038824256,-0.3595215780553955,1.3374183915182654,1.696939969573661,1.6448796354225768,0.6175498274553128,1.7569851463282202,0.8482096816364509,3.3533284619548183,2.505118780318367,0.5000000003125251,0.9153574153107629,1,1,1.384665426832675,0.42662444855322157,Freestyle_1527072298681.csv,2,train,125.99999992125,127.9666665866875,126.98333325396874,0.0,0,0.026566119539372247,0,0.65
-1.9072908519818819,5.803041189034898,6.108440507665549,-9.919787003767304,12.254578675684774,22.17436567945208,-3.007092297985335,2.8521001283370726,4.144524005318713,-8.552689512165285,4.122279497867036,12.67496901003232,7.61337195360405,2.7287915126443174,8.087628553748274,0.1506275218655493,13.49013184649194,13.33950432462639,10.773435523811768,1.9577914352727879,10.949879464622285,7.663526662745791,14.926207566211906,7.262680903466115,0.6285147612494939,1.140315403451099,1.3020560757726032,-1.326212978424814,3.3473511212361995,4.6735640996610135,-0.48207297048435505,0.9557707725280262,1.0704635063795638,-1.9162784410141211,1.2369413322389242,3.1532197732530456,0.0008843505588238429,0.33145767105488516,0.3314588508051027,-0.5871917146919019,0.8100708502871385,1.3972625649790404,1.550761455981747,0.7390845820102,1.7178786664732235,0.26884841852761626,3.3533284619548183,3.084480043427202,0.5000000003125251,0.9153110769145221,2,2,1.4737198101466613,2.1035148400635366,Freestyle_1527072298681.csv,2,train,126.9999999206875,128.9666665860625,127.98333325337501,0.0,0,0.001945624468988955,0,0.65
0.3992668593403042,3.6902984846975153,3.711834712258649,-4.423197384900612,12.254578675684774,16.677776060585387,-0.6671373451199016,1.7863708386028034,1.906880439425638,-5.50244061982351,4.122279497867036,9.624720117690547,9.330987223728044,1.3909442440933575,9.434089699571043,3.642370092075536,13.49013184649194,9.847761754416403,10.210926795650193,1.4672874206567945,10.315811087885663,7.663526662745791,14.926207566211906,7.262680903466115,0.13187237733877757,0.5659460700769352,0.581106942085971,-1.326212978424814,1.794159606257897,3.120372584682711,0.04848143677203664,0.5596188838304275,0.5617150032276995,-1.432427705764897,1.2369413322389242,2.669369038003821,-0.06663879813459637,0.1931670399552566,0.20433852975368885,-0.5871917146919019,0.4551086462088085,1.0423003609007104,0.6599523077458567,0.5093389924543572,0.8336445631883541,0.0528012920990626,2.114301547921771,2.061500255822708,0.5000000003125251,0.8429198014345708,2,1,1.5947687149058254,0.3843181760945978,Freestyle_1527072298681.csv,2,train,127.99999992,129.9666665854375,128.98333325271875,0.0,0,0.0,0,0.65
