ACC_0_mean,ACC_0_std,ACC_0_rms,ACC_0_minimum,ACC_0_maximum,ACC_0_range,ACC_1_mean,ACC_1_std,ACC_1_rms,ACC_1_minimum,ACC_1_maximum,ACC_1_range,ACC_2_mean,ACC_2_std,ACC_2_rms,ACC_2_minimum,ACC_2_maximum,ACC_2_range,ACC_MAG_mean,ACC_MAG_std,ACC_MAG_rms,ACC_MAG_minimum,ACC_MAG_maximum,ACC_MAG_range,GYRO_0_mean,GYRO_0_std,GYRO_0_rms,GYRO_0_minimum,GYRO_0_maximum,GYRO_0_range,GYRO_1_mean,GYRO_1_std,GYRO_1_rms,GYRO_1_minimum,GYRO_1_maximum,GYRO_1_range,GYRO_2_mean,GYRO_2_std,GYRO_2_rms,GYRO_2_minimum,GYRO_2_maximum,GYRO_2_range,GYRO_MAG_mean,GYRO_MAG_std,GYRO_MAG_rms,GYRO_MAG_minimum,GYRO_MAG_maximum,GYRO_MAG_range,dominant_frequency,periodicity_strength,positive_peak_count,negative_trough_count,mean_positive_prominence,mean_negative_prominence,recording,participant,split,start_time,end_time,center_time,clean_fraction,label
-0.39073183109801735,4.503743182728719,4.520660794597248,-4.314073667109018,12.165368801565492,16.47944246867451,-0.9541818385929794,3.7470880969482963,3.8666693920468926,-12.606142163133134,6.327843779660442,18.933985942793576,7.396394798031898,3.0806957641029005,8.012324406769542,-2.832660265166056,15.833372571784029,18.666032836950084,9.791990688616291,1.923997650873729,9.979220841654712,3.5608166515271806,16.276349435211525,12.715532783684345,-0.1950518177672955,2.7446336730261547,2.751555780049419,-6.72536712476826,9.054406098726432,15.779773223494692,-0.8023076537189814,2.005771415585438,2.1602815887739424,-8.277198764796472,3.0907830653808275,11.3679818301773,-0.5217764616399314,1.2666581328340016,1.3699173337818622,-4.825840812364177,1.2345787585434356,6.060419570907612,2.4524278759022353,2.846075678616556,3.756933490882563,0.09373581738802807,10.715593744827164,10.621857927439136,1.499999998125105,0.3451974704885862,1,2,5.336857606475222,5.326736689561966,Freestyle_1527873200322.csv,0,train,0.0,1.966666669125,0.9833333345625,0.0,0
4.221582740063485,4.639292564036275,6.272543050942273,-7.732455715373175,12.165368801565492,19.897824516938666,-0.18159123662704024,4.620856517164102,4.624423242896101,-12.606142163133134,8.628633925004712,21.234776088137846,5.686711343661837,3.420021264500627,6.635904712680002,-2.832660265166056,15.833372571784029,18.666032836950084,9.937919287007096,2.450118008599359,10.235493051686888,3.5608166515271806,16.38028212000705,12.81946546847987,0.3360810007948896,2.847377890906695,2.8671434028871925,-6.72536712476826,9.054406098726432,15.779773223494692,0.040462845508749255,2.5782231949760517,2.578540689029201,-8.277198764796472,3.573968763052804,11.851167527849276,-0.8553410569699158,1.4869009716862018,1.7153666731459438,-4.825840812364177,1.7562090255910874,6.582049837955265,3.536830232653425,2.3027588033546285,4.220410667344888,0.4791349053467468,10.715593744827164,10.236458839480417,0.49999999937503503,0.4671135567886451,3,3,4.914419218711379,6.107197960068798,Freestyle_1527873200322.csv,0,train,1.00000000125,2.966666670375,1.9833333358125,0.0,0
2.151638922943501,5.317939124634169,5.736726121058971,-10.33040771369195,10.90790973535096,21.23831744904291,2.177222571729074,2.955703032267104,3.671032353684657,-4.0251659672763624,8.757165510345686,12.782331477622048,7.6988343928986644,7.170553976230634,10.520879019136961,-1.347758468880098,57.99943328407132,59.34719175295142,10.614931969932742,6.6632289273936784,12.532972531093975,4.876973886704581,58.93462415942631,54.05765027272173,0.47488748992836755,2.0430546429402976,2.097520060006667,-2.385029114190368,13.478285137158636,15.863314251349005,0.3908181856960725,1.998786995156276,2.03663651795715,-4.995851185754223,3.573968763052804,8.569819948807027,-0.34410091477384813,1.8007280379941988,1.8333103682591871,-5.640616176803271,3.485209173850265,9.125825350653535,2.8166849784892216,1.9936878759542096,3.4508702691891555,0.5152892348095455,13.927513673583732,13.412224438774187,0.49999999937503503,0.6254831767153007,3,3,4.869962365477967,5.821558820393285,Freestyle_1527873200322.csv,0,train,2.0000000025,3.966666671625,2.9833333370625,0.0,0
0.4196232108161148,3.738716871988909,3.7621918462447064,-10.33040771369195,10.76917216110737,21.099579874799318,1.3271085458279246,3.945696545282573,4.162900229391085,-10.203328111449874,8.757165510345686,18.96049362179556,9.032534365346114,6.908398255484371,11.37157172591098,-0.8515914233548176,57.99943328407132,58.85102470742614,10.765530414881304,6.700733110012523,12.680554771986616,4.876973886704581,58.93462415942631,54.05765027272173,-0.05271789903819525,2.8270387981002667,2.827530290349372,-7.233040208652413,13.478285137158636,20.711325345811048,-0.4857896342428686,1.6944014607264117,1.7626649933693064,-6.095654041727972,2.4782365958358343,8.573890637563807,-0.030872115249130014,1.588157918687955,1.588457951030248,-5.640616176803271,3.485209173850265,9.125825350653535,2.817991324953389,2.384122265399045,3.6912212184972106,0.0767499059269078,13.927513673583732,13.850763767656824,0.49999999937503503,0.325079154089783,2,3,4.9476903951563,5.881445858988825,Freestyle_1527873200322.csv,0,train,3.00000000375,4.966666672875,3.9833333383125,0.0,0
2.798974390786014,2.108256982590538,3.504141142265491,-5.430989167057968,8.992435340734671,14.423424507792639,0.40212126731296743,3.5885523944278273,3.611012295905274,-10.203328111449874,6.29282926085681,16.496157372306683,8.606788686017824,2.4785506594257685,8.956563227996792,-0.8515914233548176,14.164753374098469,15.016344797453286,10.07473895483153,2.0094961545624366,10.273190342011633,5.608640896937948,16.779303655108198,11.170662758170248,-0.10485102374668595,2.278470839273914,2.2808820887109227,-7.233040208652413,6.699942914176428,13.93298312282884,-0.11719856402925151,1.028921908624465,1.0355751046920403,-6.095654041727972,2.128233936916496,8.223887978644468,0.07566608691925057,0.6461501074123189,0.650565383354066,-1.261116104919494,1.783867114813257,3.0449832197327513,1.9126885888395473,1.7434725636504391,2.588063797142345,0.0767499059269078,7.550520328181428,7.47377042225452,1.9999999975001401,0.6270117762080494,3,3,2.112369192548672,3.168853010735235,Freestyle_1527873200322.csv,0,train,4.000000005,5.966666674125,4.983333339562501,0.0,0
3.4160974671985858,0.999751711558659,3.5593855354773054,0.6919246718963766,6.284353632518344,5.592428960621967,0.15858429859699122,2.193094582493162,2.1988207811284566,-6.694132408644689,6.224858154111856,12.918990562756544,8.76856167948746,1.2975220850818565,8.864041825727762,6.011321731669712,11.43023805161341,5.418916319943698,9.72379377604974,1.2341435519399198,9.801799615679693,6.951981159266998,12.211738275440702,5.259757116173704,-0.1851961666337925,1.2806757552071564,1.2939969127131916,-3.7558248672039816,3.4416228000390343,7.197447667243016,0.009053779081626438,0.34993880615294853,0.35005590834523814,-0.7661450892718762,1.3246764976422625,2.0908215869141387,-0.08374130770147539,0.743920054472884,0.7486184970079832,-3.508690910461999,1.783867114813257,5.292558025275256,1.2244998416916397,0.9262812428405975,1.5353816473897208,0.15253314804422594,3.8339180303886473,3.6813848823444215,1.9999999975001401,0.774830681280828,3,3,1.1591110155354052,1.2163614803198184,Freestyle_1527873200322.csv,0,train,5.00000000625,6.966666675375,5.9833333408125,0.0,0
3.7980460561612457,1.1493602660171192,3.9681460237522677,1.3731005097717957,6.701370697369562,5.3282701875977665,-0.022586542953668947,1.9586820988645723,1.958812322897506,-6.694132408644689,4.616506959819538,11.310639368464226,8.74227004003469,1.3427689405870882,8.844790211231327,5.070095471570414,12.34140200715478,7.271306535584366,9.816892839786961,1.2008569585879072,9.890067869476404,7.160384892374129,12.761073939843802,5.6006890474696736,-0.1520349611786875,1.2982432748758752,1.3071152321739052,-2.6930344796640835,3.5387356468346205,6.231770126498704,0.02249803506518044,0.43005753479395675,0.43064561395055384,-1.7475969616807387,0.9026439061070722,2.650240867787811,-0.19180788044826175,0.7665302111242052,0.7901637979357021,-3.508690910461999,1.519852593874045,5.028543504336044,1.2992078296739313,0.9112758736398205,1.5869356327728181,0.15253314804422594,3.7796133942472685,3.6270802462030427,1.9999999975001401,0.6857710092720961,2,3,0.9259715968459309,1.4723779657496323,Freestyle_1527873200322.csv,0,train,6.0000000075,7.966666676625,6.983333342062499,0.0,0
3.7093587289501726,1.7283955519859124,4.092272396134393,0.1962864904583121,9.585909103806696,9.389622613348383,0.7040261069110142,1.7470577819734516,1.883577355132057,-2.890881673861499,4.616506959819538,7.507388633681037,8.765247925833766,1.4648357911743977,8.886805674506371,3.8372426447776897,12.34140200715478,8.504159362377091,9.875849925182576,1.3181275995288753,9.96342672544785,7.3492466726062675,13.7548547464915,6.405608073885232,0.10348814748051265,1.2553296539960448,1.259588161611079,-2.6930344796640835,3.5387356468346205,6.231770126498704,0.07917296766070255,0.6414677770181239,0.6463352595679552,-2.3980372260964127,1.870428042907111,4.268465269003523,-0.06160304543721061,0.809297677613678,0.8116388767167524,-2.4995798164379006,2.6595271204166395,5.15910693685454,1.3945457139336528,0.8475326085637437,1.6318913171009843,0.25549543866814445,3.7796133942472685,3.524117955579124,0.9999999987500701,0.5239265070726138,3,3,1.6543127838186846,2.384310999451351,Freestyle_1527873200322.csv,0,train,7.00000000875,8.966666677875,7.9833333433125,0.0,0
2.498234161458869,1.8544703676941552,3.1113074856297622,-1.1897807789533663,9.585909103806696,10.775689882760062,1.030233621594137,1.9423096046650317,2.1986240959829857,-2.519825856749108,4.296028102366061,6.815853959115169,8.897594928531142,1.1886323425847927,8.976638700430229,3.8372426447776897,11.2363952595585,7.399152614780811,9.690971662774638,1.0859524736071406,9.751626763962744,7.3492466726062675,13.7548547464915,6.405608073885232,-0.10688643639179231,1.0389988217870818,1.0444822937510627,-2.806650435994003,2.8475644185891533,5.654214854583156,0.08513978006414903,0.6853424326473844,0.6906106226640351,-2.3980372260964127,1.8761320453195889,4.274169271416001,-0.04508083413726176,0.752626171309367,0.7539750893406943,-2.4995798164379006,2.6595271204166395,5.15910693685454,1.2591060826500735,0.742304925267091,1.4616308458164788,0.25549543866814445,3.5844270703946104,3.328931631726466,0.9999999987500701,0.5139148287437132,3,3,1.7978355022548609,1.8571773319946325,Freestyle_1527873200322.csv,0,train,8.00000001,9.966666679125,8.9833333445625,0.0,0
1.8261570553074256,1.0558408333549256,2.109419222446954,-1.1897807789533663,4.365770432954312,5.555551211907678,0.5557673461088893,1.7699213150576958,1.8551277057109792,-2.519825856749108,4.296028102366061,6.815853959115169,9.263874927115303,0.6650891320547335,9.287718892107625,6.8879013608185655,10.833511869529262,3.945610508710697,9.685436760917526,0.5875246629763865,9.703240205175698,7.487385594540542,10.993511172582616,3.5061255780420746,-0.10711484447023552,0.7807077581679731,0.7880216961286949,-2.806650435994003,0.9670665883731752,3.773717024367178,0.03713804039024045,0.5378500967207581,0.5391307453545531,-1.1973508400974164,1.8761320453195889,3.0734828854170053,-0.010747050152324494,0.5133509863185081,0.513463469237259,-1.3502733529071342,1.240325387237279,2.5905987401444133,0.9322899110359676,0.5532814927121731,1.0841055706882345,0.28417564832948483,2.9474421506475057,2.663266502318021,1.499999998125105,0.5653723486103284,3,4,1.1994017081462667,1.3955010821022418,Freestyle_1527873200322.csv,0,train,9.00000001125,10.966666680375,9.9833333458125,0.0,0
1.6240399649058284,0.8616081766102789,1.8384434877398361,-0.3277444245109014,3.5119255210492573,3.839669945560159,0.2983898427129017,0.8592972585077427,0.9096308463949278,-2.0537406618615948,1.8236623417516684,3.877403003613263,9.564151969115573,0.3503808711256267,9.570567885093759,8.684409165928546,10.45265056816967,1.7682414022411237,9.782271134862178,0.3320298503995158,9.78790439151886,9.140226028665714,10.993511172582616,1.853285143916903,0.10081723724963405,0.4720066544695276,0.4826534959887528,-1.7620032428669434,0.9670665883731752,2.7290698312401185,0.03551064091592875,0.3578622184052174,0.3596197616652394,-0.8287407667251809,0.8722958686227029,1.7010366353478839,0.0580289135844931,0.4115431107392387,0.4156141080482302,-1.309838049440351,1.073785527765856,2.383623577206207,0.6265373543161712,0.3774477455563179,0.7314477814437983,0.06955147933842437,1.9916686675335618,1.9221171881951373,1.499999998125105,0.8930090249849151,3,4,1.2132060826875557,0.7922967188570152,Freestyle_1527873200322.csv,0,train,10.0000000125,11.966666681625,10.9833333470625,0.0,0
0.48683898466477427,1.0674952378549218,1.1732682045603915,-1.4512262562684477,2.502368577783495,3.953594834051943,2.3787156420950946,2.3313580816729162,3.33069341292913,-0.6071892039726215,6.292380469448619,6.899569673421241,9.037152069443664,0.8590184079927136,9.077886876995125,7.070328470331812,10.45265056816967,3.382322097837858,9.730535819216522,0.4413385471794199,9.740539360953385,8.569569013014084,10.609800882728688,2.0402318697146047,0.2907153401713697,0.5860013095027596,0.6541505512876254,-0.6609340714950328,1.9981813233600765,2.6591153948551094,0.07760744545119683,0.3199470297386292,0.32922487364722575,-0.4385713792273648,1.0100964886129116,1.4486678678402765,-0.03553647004106573,0.33234422211235487,0.33423872108785635,-1.309838049440351,0.6704789060546196,1.9803169554949704,0.6348930859872861,0.4949022663293457,0.8049953315717937,0.06955147933842437,2.249157754178738,2.1796062748403138,1.499999998125105,0.3951854756927322,4,3,0.7258944523228222,0.8940811974157912,Freestyle_1527873200322.csv,0,train,11.00000001375,12.966666682875,11.983333348312499,0.0,0
-0.27750981927085455,0.8154874256820458,0.8614124687031599,-1.4745553422147446,2.502368577783495,3.9769239199982396,5.337666181716977,1.9420184860168224,5.6799750058848115,-0.6071892039726215,8.202981120958723,8.810170324931345,7.76040763668609,1.170652841091779,7.848207104931166,3.0235047695612103,10.1985727528117,7.175067983250489,9.698610594554463,0.7317477747156762,9.726176138164755,6.186101152467855,11.282918108808769,5.096816956340914,0.33450696666765023,0.6353187946849206,0.7180006139475738,-0.8766262707355923,1.9981813233600765,2.8748075940956688,-0.0003808490466683916,0.3256186557028059,0.3256188784264493,-0.5637006507296067,1.0100964886129116,1.5737971393425183,-0.10345842019878236,0.2650450113304169,0.28452153300087607,-0.6397210332694218,0.4750292531310512,1.114750286400473,0.684158669528633,0.4841817357839625,0.8381557363389934,0.08209939644048736,2.249157754178738,2.1670583577382505,0.49999999937503503,0.49583343675137753,3,3,0.9034537219225829,0.6670460025636378,Freestyle_1527873200322.csv,0,train,12.000000015,13.966666684125,12.9833333495625,0.0,0
0.4435049385240878,1.4311522190825519,1.498296801264745,-1.5529316036398793,6.864519949303111,8.41745155294299,5.63971298766745,2.3777859565464805,6.120476177423989,-2.690889706553683,9.249856604061677,11.94074631061536,7.40640087621331,1.1247703079955689,7.49132045669665,3.0235047695612103,10.0242754615808,7.000770692019589,9.72920855345585,1.0805114767451725,9.789024677056263,6.056487335623579,11.96669427024129,5.91020693461771,-0.5105852287533922,1.1770440911968825,1.2830160047492194,-3.159117602454603,1.7028824881798907,4.862000090634494,-0.3241132831304333,0.4366937559960298,0.5438298050194642,-2.107509473982437,0.4095897599042261,2.5170992338866633,0.08510071759840096,0.39397790286345363,0.403064163726382,-0.7694804593895515,1.3127984705960258,2.082278929985577,1.1137828414620876,0.9294242451191181,1.4506349111167167,0.13236041614932678,3.5254268534308744,3.3930664372815476,0.49999999937503503,0.6809439640373004,3,4,1.0386591556700837,0.8415713294477589,Freestyle_1527873200322.csv,0,train,13.00000001625,14.966666685375,13.9833333508125,0.0,0
2.78138714398963,2.3916273458701056,3.6682415141678546,-1.5529316036398793,8.532052975006993,10.084984578646871,0.6496182285640492,5.168364685173137,5.209030366759971,-8.77512332518403,9.249856604061677,18.024979929245706,7.395905730595392,2.228537682428476,7.724364166574322,2.504423192131508,14.697908641856996,12.193485449725488,9.9270934652073,1.307138201946511,10.012781578859565,6.056487335623579,15.305443211713067,9.248955876089488,-0.285427316937058,1.7549209977017208,1.7779810070493696,-3.159117602454603,3.048574962481153,6.207692564935756,-0.21758088187379432,1.0271908313049745,1.0499821160734037,-2.4196247792567553,3.085039775941374,5.504664555198129,0.18761675309196632,0.517420225006306,0.5503850790913106,-1.105159774115369,1.3127984705960258,2.4179582447113948,1.840853511934733,1.0852930426323497,2.136961076105183,0.2397622272153803,3.9838000449919413,3.744037817776561,0.49999999937503503,0.4349459431371743,3,2,1.9440906264844517,1.8048486424479322,Freestyle_1527873200322.csv,0,train,14.0000000175,15.966666686625,14.9833333520625,0.0,0
3.507538151922204,2.0081348220682718,4.041711190918148,-2.748359918318243,8.532052975006993,11.280412893325236,-1.3583991243547167,3.885904032835321,4.116491021908523,-8.77512332518403,9.98271976640872,18.75784309159275,7.9951186710019035,2.639410111874996,8.419525420240218,2.504423192131508,14.697908641856996,12.193485449725488,10.064925344658871,1.6931077321780812,10.206338030180937,7.492819998011558,15.695806698027303,8.202986700015746,0.43406349404836775,1.662670834799622,1.7183961771834657,-3.1201509928888513,4.108886948690331,7.229037941579183,0.040049750979744156,1.151823996549244,1.1525200655868046,-2.6987413532429683,3.085039775941374,5.783781129184343,0.1115318842567491,0.6373123988457241,0.6469980331719348,-1.6018630909962075,1.230758095676071,2.8326211866722786,1.897838319771687,1.047856903529052,2.1679009152328232,0.5512402390010025,4.301299020704265,3.7500587817032627,0.9999999987500701,0.6579234113012686,2,3,3.9255308326510825,1.7971463170723148,Freestyle_1527873200322.csv,0,train,15.00000001875,16.966666687875,15.983333353312501,0.0,0
2.8917811972407526,2.446586988753429,3.7878999968653777,-7.2768828106456835,9.97287175684452,17.249754567490204,1.0847414929052737,3.8511276413529907,4.000980906780662,-7.670524876406933,11.47817169170854,19.148696568115476,8.58470220515451,2.484078251947435,8.936876227910004,1.1349471142951708,15.57046637803611,14.43551926374094,10.232125441061008,2.3510423803179554,10.49875189323279,7.1135310001714815,17.55894189543893,10.44541089526745,0.04538262711867837,1.861972468723371,1.862525451404087,-3.7839976414588143,4.564179458296279,8.348177099755095,-0.02629722095845079,1.059430353574323,1.0597566786318229,-2.6987413532429683,3.0445196334198785,5.743260986662847,0.11416017121076666,1.0841606394736467,1.0901545013780287,-2.5196209961589644,5.302054807497356,7.821675803656321,2.041511956075036,1.269941354988572,2.4042716385441,0.5255093457223448,5.839817023957264,5.314307678234919,1.499999998125105,0.44062185766888684,2,2,3.462532300422919,3.329808203004509,Freestyle_1527873200322.csv,0,train,16.00000002,17.966666689125,16.9833333545625,0.0,0
3.552387363921819,2.236499808009562,4.197783626460304,-7.2768828106456835,9.97287175684452,17.249754567490204,-0.21846383727234106,3.9287063240508764,3.934775702480779,-7.670524876406933,11.47817169170854,19.148696568115476,8.421358017198546,2.296589086323129,8.728894104366988,1.1349471142951708,15.57046637803611,14.43551926374094,10.21090270764694,2.243859483932186,10.454541572382027,7.1135310001714815,18.73844447756841,11.62491347739693,-0.37181529571484284,1.5717604049150966,1.6151400510749476,-3.7839976414588143,4.564179458296279,8.348177099755095,-0.08427731077637395,0.8126452357461593,0.8170036378698862,-2.2041240527050916,3.0445196334198785,5.24864368612497,0.02203011727614368,0.9809875735658078,0.9812349084483958,-2.5196209961589644,5.302054807497356,7.821675803656321,1.5809684249583142,1.3189136111669981,2.05888180195871,0.1717017206796667,5.839817023957264,5.668115303277597,1.499999998125105,0.4907703180202238,3,2,2.070286324900956,2.060046992495963,Freestyle_1527873200322.csv,0,train,17.00000002125,18.966666690375,17.983333355812498,0.0,0
4.513646530287884,1.3116831305922088,4.700374201641827,1.2176375098947776,8.161740416825129,6.944102906930351,-0.7517745731718597,4.129577487018046,4.197448657238586,-8.998902399209927,10.28393469487383,19.282837094083757,7.667467028373427,1.7663851626822917,7.868301416070547,3.786538067208593,15.295186481020844,11.508648413812251,9.962545007960797,1.5394664673539329,10.080786677623518,6.469602400974145,18.73844447756841,12.268842076594266,-0.035632854845524906,3.0100071133327617,3.010218019123908,-11.664514976964313,9.269614927655203,20.934129904619518,-0.24527424291290195,0.8516822803757736,0.8862968808150998,-2.1029873586979217,2.0339980601024874,4.136985418800409,-0.35796849525874386,0.4101931773724768,0.5444261991865725,-1.175130746230125,0.6501290340727617,1.8252597803028867,2.1801447999057393,2.3217026556830107,3.1848602119970004,0.1717017206796667,11.683306487804806,11.51160476712514,1.499999998125105,0.36439057791255786,2,4,2.039413729142228,0.8907753987477489,Freestyle_1527873200322.csv,0,train,18.0000000225,19.966666691625,18.9833333570625,0.0,0
6.295168059510948,1.7008737276264945,6.520898123327558,1.2176375098947776,9.192596209756816,7.9749586998620385,2.526693427394733,4.213026433163971,4.912613500223488,-8.998902399209927,10.28393469487383,19.282837094083757,4.98129410644991,2.1943450509863722,5.443201372146818,1.149207634200645,9.355377541134072,8.206169906933427,9.760041854883024,1.012871120166551,9.812457638896381,6.469602400974145,12.342797832548527,5.873195431574382,0.4453590735253033,2.9508820614045854,2.984300528547802,-11.664514976964313,9.269614927655203,20.934129904619518,-0.18950545787504686,0.9304546083124711,0.9495567896099447,-2.1029873586979217,2.0339980601024874,4.136985418800409,-0.348945064299245,0.4828887920771384,0.5957719726644767,-1.175130746230125,0.7914916874993636,1.9666224337294886,2.2176879442643926,2.2900899909527426,3.1878914637731253,0.23870772368553317,11.683306487804806,11.444598764119274,0.49999999937503503,0.4044521404927579,1,2,3.2644024217708987,2.3619860287030003,Freestyle_1527873200322.csv,0,train,19.00000002375,20.966666692875,19.9833333583125,0.0,0
5.132012712629513,3.1726916842521335,6.033533542287931,-0.4367474460752943,9.192596209756816,9.62934365583211,5.993648079107758,2.481380607429054,6.486992139282822,-2.3458604021054223,10.264666918645808,12.610527320751231,3.9569321330504175,1.7797035234792666,4.33873904919983,1.149207634200645,8.88640362663295,7.737195992432305,9.814860452451567,0.9888199315266482,9.864545126770018,7.706319311829953,13.240261532529129,5.533942220699176,0.6267266364399906,1.149770281564984,1.3094876773736388,-2.2926857072621347,5.055136338360032,7.347822045622166,0.49871417545546154,1.0134189421197053,1.1294838560365719,-1.1120733678762005,2.9421114993385244,4.054184867214725,-0.0868898221693099,0.43866126400105965,0.44718401775065897,-1.066140893937496,0.8771982724193955,1.9433391663568913,1.4164717024945686,1.0881512854398558,1.7861873653041755,0.23870772368553317,5.75850014552394,5.519792421838407,0.49999999937503503,0.7570167321580384,1,2,3.845471636383551,0.9685129659884945,Freestyle_1527873200322.csv,0,train,20.000000025,21.966666694125,20.9833333595625,0.0,0
1.4161683464259556,2.424729179089225,2.807996505935421,-0.4367474460752943,7.947536405037268,8.384283851112562,8.293674752759154,2.1923919362717483,8.578556015250118,-2.3458604021054223,10.264666918645808,12.610527320751231,3.699795580541179,1.7391264352984745,4.088159499792788,1.7479070422750276,8.88640362663295,7.138496584357922,9.863131310443853,0.9529724722245184,9.909062305782296,7.706319311829953,13.240261532529129,5.533942220699176,0.4450156608769797,1.125623238287149,1.210399360953988,-2.2926857072621347,5.055136338360032,7.347822045622166,0.5690785338363464,0.9085888835971904,1.0720933434499602,-0.9033601370450268,2.9421114993385244,3.845471636383551,-0.027660096308126568,0.34538486467431234,0.34649067184250126,-1.066140893937496,0.8771982724193955,1.9433391663568913,1.0727134959329563,1.258488097434656,1.653634341606815,0.02159870172634972,5.75850014552394,5.73690144379759,0.49999999937503503,0.4827273397492327,1,1,2.1985793412319334,1.1964540201924916,Freestyle_1527873200322.csv,0,train,21.00000002625,22.966666695375,21.9833333608125,0.0,0
0.17202760931691266,0.16470866171028656,0.23816473628496296,-0.3786403719537362,0.4785398613189974,0.8571802332727336,9.367715015751745,0.23017211526710088,9.370542343908769,8.70281420373811,9.805282206176004,1.1024680024378934,2.4824181199447373,0.3229506650454709,2.503337143551239,1.942909848267086,3.1788566900064317,1.2359468417393458,9.699343758651116,0.23068109241081688,9.702086534085344,8.99993492164788,10.247619022806182,1.2476841011583026,0.06562096017900546,0.11985865956622108,0.13664629042833876,-0.1514258176253488,0.5705840671239139,0.7220098847492626,0.05329810500682249,0.10388467254170344,0.11675921028516435,-0.07981450218916,0.2930938831474647,0.37290838533662474,0.003940184070294969,0.0449346383989029,0.04510705907668959,-0.0711359024822193,0.1418229188419368,0.21295882132415608,0.13969716619989475,0.12175496050883544,0.185309386305144,0.007948314338989794,0.641579839051607,0.6336315247126172,0.49999999937503503,0.8624089547432973,2,3,0.08411027331668006,0.09696606468951034,Freestyle_1527873200322.csv,0,train,22.0000000275,23.966666696625,22.983333362062503,0.0,0
0.2114633263992804,0.12770001987080398,0.24703043028512162,-0.1412230026816692,0.4785398613189974,0.6197628640006666,9.468386847811214,0.1104962782779715,9.469031572833499,9.2293529120803,9.699149367451184,0.46979645537088466,2.1476482410943434,0.1532052426157267,2.1531058529112244,1.9394317397706613,2.506174133540537,0.5667423937698757,9.713251548569128,0.11041797346672703,9.713879131152757,9.485956871614297,9.944804503623367,0.45884763200906953,0.015200635613759391,0.04987441369213487,0.05213939455149533,-0.1215140862084877,0.1427818164547814,0.26429590266326913,-0.026335250727131467,0.025149324123143243,0.036414748862401806,-0.07981450218916,0.0365049146186372,0.1163194168077972,-0.0033178291740122916,0.0248826139889238,0.025102837874425937,-0.0489908157937099,0.047084281862329,0.0960750976560389,0.06244822330514896,0.027837425784153578,0.06837179877886794,0.007948314338989794,0.14349992934449962,0.13555161500550983,0.9999999987500701,0.7883350952987853,3,3,0.06889473304901338,0.061585565507376296,Freestyle_1527873200322.csv,0,train,23.00000002875,24.966666697875,23.9833333633125,0.0,0
0.21329749693247838,0.12434204052702989,0.24689423897710971,-0.1412230026816692,0.4411669688346148,0.582389971516284,9.490958562174878,0.11001101835166228,9.491596117254431,9.298600141101783,9.750600646848586,0.4520005057468026,2.134133582007052,0.14636907930411425,2.139147038711128,1.8271774539698653,2.520337517285223,0.6931600633153578,9.73218825923007,0.10869847492271663,9.732795265058547,9.52910272368267,9.978777453444048,0.44967472976137834,-0.016382736600554795,0.04594705297813146,0.04878038269528414,-0.1315736189116405,0.084863415738462,0.2164370346501025,-0.013720877929910833,0.03327335110637655,0.03599136542305285,-0.0847828571495548,0.074247964352833,0.1590308215023878,-0.001632185254927472,0.024056962226842064,0.024112267837972202,-0.0489908157937099,0.047084281862329,0.0960750976560389,0.058438935329269776,0.029003386333075528,0.0652403677273834,0.012138288283442374,0.13961316427484977,0.1274748759914074,0.9999999987500701,0.6456910333147584,3,2,0.07554396450252877,0.10591023515329036,Freestyle_1527873200322.csv,0,train,24.00000003,25.966666699125,24.983333364562498,0.0,0
0.776261737978755,0.6840847152585458,1.0346758833084702,-0.109111598216777,2.045185077725802,2.154296675942579,9.398397671820492,0.4447539272562324,9.408915179418438,8.256125810198123,10.739690187224085,2.483564377025962,2.249839641179615,0.2315704123194052,2.2617257275993916,1.5983731435856867,2.7380333439635827,1.139660200377896,9.723395854224211,0.41135795352870647,9.732093418369752,8.719444047797591,11.082633190857262,2.363189143059671,-0.00014790329416697248,0.09059921386163643,0.09059933458768316,-0.4267177023400565,0.1891765582436368,0.6158942605836933,-0.002668283920810112,0.07209051407270223,0.07213987772618229,-0.2638983513186751,0.1430372669594989,0.40693561827817404,0.0691311374163864,0.16026878747619724,0.17454282683506012,-0.0528158414221008,0.604232500654111,0.6570483420762119,0.13378702309440224,0.16117888272720826,0.20946980638185844,0.012138288283442374,0.7853835064258813,0.773245218142439,1.9999999975001401,0.46463564672711744,3,2,0.10272240988541781,0.2235028164992619,Freestyle_1527873200322.csv,0,train,25.00000003125,26.966666700375,25.9833333658125,0.0,0
0.8804037267257812,1.0855235449379979,1.3976666586305198,-0.9973329525631026,3.831248386687717,4.828581339250819,9.322398413414328,0.7619233322105732,9.353482738669957,7.436369684540685,11.128368742502149,3.691999057961464,2.389172703473852,0.7376591601930081,2.50045740688403,-0.4323814649952757,3.892929924431507,4.3253113894267825,9.753397666223972,0.7514204145365248,9.78230027523616,7.8191438575490455,11.33999276940082,3.5208489118517736,-0.0398412811950643,0.1675078486050162,0.17218073943256604,-0.5422314435319852,0.2969857469490483,0.8392171904810335,0.06080694162388577,0.42725102203674925,0.4315563925851376,-0.9019986830685232,1.0804312788052826,1.9824299618738057,-0.01480503601962646,0.3238436316543083,0.32418187311229135,-0.9786829987809444,0.604232500654111,1.5829154994350554,0.4253162005248854,0.3742821708795544,0.5665518633516585,0.02048673197445205,1.1540524026389087,1.1335656706644568,0.9999999987500701,0.43702036555968055,2,2,0.6883536742133456,0.6569479542268782,Freestyle_1527873200322.csv,0,train,26.0000000325,27.966666701625,26.9833333670625,0.0,0
-0.028079325163843753,1.1187995900754593,1.119151898204472,-2.3365009554202576,3.831248386687717,6.1677493421079745,9.222217776281509,0.8146598205062281,9.258130012929712,6.260554885475291,11.128368742502149,4.867813857026857,2.6587766337784076,0.7462174529067337,2.7615093111102578,-0.4323814649952757,3.892929924431507,4.3253113894267825,9.690374756061317,0.8294836164764081,9.725811327746042,6.514837847452377,11.33999276940082,4.825154921948442,-0.21059992397428484,0.5690721500176915,0.6067911007123725,-3.2591665182255003,0.2969857469490483,3.5561522651745485,0.03259735590824792,0.4426130191566201,0.4438117532683734,-0.9019986830685232,1.0804312788052826,1.9824299618738057,0.09923857770700262,0.5806219783933271,0.5890417447844337,-0.9786829987809444,2.306883914562616,3.28556691334356,0.5794510107241632,0.7591910270230516,0.9550573225422493,0.06535681535072561,4.032021123459594,3.9666643081088684,0.9999999987500701,0.4111893480558991,1,1,1.6871888568246516,0.9435172192903235,Freestyle_1527873200322.csv,0,train,27.00000003375,28.966666702875,27.9833333683125,0.0,0
-1.4777936784912526,3.4172031770756215,3.7230567695919476,-11.225024153747365,3.6255670069143857,14.85059116066175,2.627545465450437,7.585517905485411,8.027706837413094,-13.658282522820894,10.081967225076028,23.74024974789692,4.379199433586141,3.3772351479998246,5.530199356624187,-2.272980087625845,13.93392151532741,16.206901602953256,10.170169625575653,2.33580467678235,10.434957292728129,5.637937400358452,17.70445755555939,12.066520155200937,-0.5327413309214392,3.1798512206441103,3.224169212542013,-5.23682039832139,12.269013563637667,17.505833961959056,0.5995486333911352,0.8968008355224019,1.078754050928596,-0.6067575780193689,2.8734386731374135,3.4801962511567823,1.0794193824415037,1.1769815287636536,1.5970071140233608,-0.7656134205518665,4.261210094054944,5.026823514606811,2.5180647796549276,2.7872493432058154,3.756249344191605,0.07716216619886487,12.724993271299649,12.647831105100783,0.49999999937503503,0.6674691246727034,2,1,2.9352265735100946,0.6866679070695008,Freestyle_1527873200322.csv,0,train,28.000000035,29.966666704125,28.9833333695625,0.0,0
-3.017521975193545,4.603497205911922,5.504327878643752,-16.213352552571184,3.6255670069143857,19.838919559485568,-4.600232016915119,8.013349254928729,9.239908056410398,-24.645410745323744,18.578611623445223,43.22402236876897,4.2910239572400695,5.5669850476854155,7.028812781882956,-13.306288952685312,17.417825399635937,30.72411435232125,11.724218512719704,5.255514786897128,12.848258069064997,2.6782177747953355,30.1897044122824,27.511486637487064,-0.951412002674083,6.038837704782674,6.113325250920091,-11.647247843640004,16.750539256376257,28.39778710001626,0.1256891013952637,1.632314936936468,1.6371468485006022,-4.36633034447951,3.1726640297681308,7.5389943742476415,0.28227372662377437,1.8927271612573981,1.913659991666117,-4.377202463976786,4.261210094054944,8.638412558031732,5.539816220661816,3.609089390980562,6.6117388023723525,1.0294107068368643,16.830429884875745,15.80101917803888,0.49999999937503503,0.8229237556971546,2,2,4.0652230049540155,3.219967437986163,Freestyle_1527873200322.csv,0,train,29.00000003625,30.966666705375,29.983333370812502,0.0,0
0.9725288567911412,5.6914630585330555,5.773955673880596,-16.213352552571184,10.614637721197546,26.82799027376873,-6.138634908353382,7.120391586094843,9.40121347898158,-24.645410745323744,18.578611623445223,43.22402236876897,2.511801587085442,5.1393864771190625,5.720353186131013,-13.306288952685312,17.78948009134082,31.095769044026135,11.340124069549626,5.083837690428689,12.427542781073102,2.6782177747953355,30.1897044122824,27.511486637487064,-0.08352031151935545,5.319315726016241,5.319971375438028,-11.647247843640004,16.750539256376257,28.39778710001626,-0.48161761992344787,1.197344462230117,1.2905771162754494,-4.36633034447951,3.1726640297681308,7.5389943742476415,-0.7972039950302998,0.9580406958619088,1.2463451306198619,-4.377202463976786,1.900207951510699,6.277410415487486,3.9921190369799704,3.9476634238161425,5.6143620219178665,0.2945335244080749,16.830429884875745,16.53589636046767,0.49999999937503503,0.7722043752941463,3,3,2.693548488229769,2.7404053837613667,Freestyle_1527873200322.csv,0,train,30.0000000375,31.966666706625,30.9833333720625,0.0,0
5.658832252963787,1.2639923761336538,5.798280710185322,2.108997793089181,10.614637721197546,8.505639928108366,-6.0756123468308,1.8592982191850989,6.353743405019418,-10.638190517046189,-2.8298015050268472,7.808389012019342,4.0165719702999185,3.327355390771228,5.215759224608948,-1.8425086275072229,17.78948009134082,19.631988718848042,9.92257517615041,1.6543157539212445,10.059535711951535,7.944632254393444,19.84658320441168,11.901950950018236,0.27409189618948493,1.3493357040252796,1.376892591930883,-4.71638130549942,2.8680310236159356,7.584412329115356,0.05228307420242917,0.40974174457541546,0.413063938265932,-1.8999315995189645,0.7010134328963884,2.600945032415353,-0.22578456926625012,0.37339935439636607,0.43635507282758745,-1.4861679457431634,0.4222353317673166,1.90840327751048,1.1633155691665935,0.9505565017014399,1.5022851847742742,0.09409528671623353,4.7280163283750145,4.633921041658781,0.49999999937503503,0.5797828270968926,3,3,1.0789486407368658,1.154705525593901,Freestyle_1527873200322.csv,0,train,31.00000003875,32.966666707875,31.983333373312497,0.0,0
6.093473229062079,0.7271064874522406,6.136701054914715,4.445754470128122,8.532149242052057,4.086394771923935,-5.191233192483845,1.2586417188115147,5.3416365502604926,-9.607654575459296,-3.222734050075036,6.38492052538426,5.335558147306683,1.3411593464075036,5.5015351617295805,-1.724316143044383,7.552243268527984,9.276559411572366,9.788554527760645,0.8020413114507952,9.82135784951435,8.681995008194987,14.810743618478712,6.128748610283726,-0.26251680957063966,1.1398866238684382,1.1697250063930982,-4.71638130549942,2.005202457867451,6.721583763366871,-0.03240669973805848,0.24773925710937494,0.24984982229534936,-0.525744724170986,0.7010134328963884,1.2267581570673745,-0.07375011809207573,0.20690206297905686,0.2196532348580023,-0.5593249930600713,0.3125201946443589,0.8718451877044302,0.8749837446098477,0.8445901458899843,1.216112276011527,0.09409528671623353,4.7280163283750145,4.633921041658781,1.499999998125105,0.7365837901098014,3,3,0.7285308346249496,0.6394161261925472,Freestyle_1527873200322.csv,0,train,32.00000004,33.966666709125,32.983333374562505,0.0,0
7.165669071237177,1.3143869859092403,7.285219721272149,4.59363312767081,12.41361260413988,7.81997947646907,-3.2633179246496082,3.4508038821065026,4.749451685205435,-8.608436564419907,3.753879841964988,12.362316406384895,4.047714016015106,1.2496188758450246,4.236217191116778,1.7449712278429192,6.376644653223433,4.631673425380514,9.615710342651358,1.0561100292367538,9.67353367635771,5.2404075371333585,15.35288427960499,10.112476742471632,0.31859815891038956,1.1139087947947637,1.1585756729632348,-1.892530831619759,3.13123754006453,5.023768371684289,-0.17032577811632538,0.3284806528261471,0.37001406726234537,-1.6139865084700038,0.5987984915504586,2.2127850000204625,-0.3819519381650177,0.4767697184584997,0.6108982300735619,-1.882236508665157,0.1835554743430457,2.0657919830082028,1.1236316588498512,0.7680211863559351,1.3610307298004873,0.19400222495625674,3.5126519995545427,3.3186497745982857,1.9999999975001401,0.5832797662464311,2,2,0.9396108658834424,1.2713778765645252,Freestyle_1527873200322.csv,0,train,33.00000004125,34.966666710375,33.9833333758125,0.0,0
8.215306099802467,1.2091734204778108,8.30381566957273,4.59363312767081,12.41361260413988,7.81997947646907,0.6936158405151838,3.9804039636318755,4.040385952840388,-11.030966407323932,6.812576713800986,17.843543121124917,3.0418638106120564,1.3012980661435603,3.3085211347761203,-0.7135797993078592,9.206471893979147,9.920051693287007,9.715216649004766,1.356079232313651,9.809402908506298,5.2404075371333585,16.235201026217183,10.994793489083825,0.40955773652828764,0.995550094276,1.0765024522791982,-2.659118303849464,3.13123754006453,5.790355843913995,-0.011303030961398343,0.43379675638263665,0.433943987580207,-1.6139865084700038,0.8786434207270009,2.4926299291970047,-0.2964020137611032,0.5505159716765559,0.625237545923643,-1.882236508665157,1.2943044606745044,3.176540969339661,1.0496316729038302,0.7977219153250487,1.318365238829042,0.11576141986763912,3.5126519995545427,3.3968905796869033,0.49999999937503503,0.7761546433162063,3,3,1.099128096654528,1.0565531700000899,Freestyle_1527873200322.csv,0,train,34.0000000425,35.966666711625,34.9833333770625,0.0,0
8.556230365051947,1.0353055876823547,8.618638855394932,4.469524207899726,10.644962235064186,6.175438027164461,2.4025695613670304,2.4644403882651025,3.4417738049615654,-11.030966407323932,8.617860320735545,19.648826728059475,3.019692143393159,1.3500820671108424,3.307757885457256,-0.7135797993078592,9.206471893979147,9.920051693287007,9.798127860037846,1.0318407393574633,9.852309621253665,7.687450665957115,16.235201026217183,8.547750360260068,-0.40306613970260674,0.8581062282334346,0.948055173451299,-2.931049002291604,1.3009072110796185,4.231956213371222,-0.032176838851676055,0.4236997129987646,0.4249197521341203,-1.1534554583150547,0.8786434207270009,2.0320988790420556,-0.01776018352053575,0.38251267390509025,0.3829247573828376,-1.129126732435751,1.2943044606745044,2.4234311931102557,0.8992804116978009,0.6459810512815632,1.107247387659235,0.11576141986763912,3.1063495190864017,2.9905880992187623,1.499999998125105,0.29195150234649,3,3,0.7632052591161621,0.9327436562379524,Freestyle_1527873200322.csv,0,train,35.00000004375,36.966666712875,35.9833333783125,0.0,0
8.710548351525075,0.9096477695618708,8.757917083926126,4.469524207899726,10.644962235064186,6.175438027164461,0.4809451859125834,2.3901272589075435,2.43803539466214,-4.51062318619033,8.617860320735545,13.128483506925875,3.3018554001199107,0.8590842188464657,3.41178469109234,0.7019413240272462,5.536004363674048,4.834063039646802,9.689353725825383,0.6338985634597467,9.710067096211153,7.687450665957115,11.676650336920758,3.989199670963643,-0.6600843684063257,0.7276336843077738,0.9824266649239948,-2.931049002291604,1.2343332744546256,4.16538227674623,-0.12973913444631333,0.3353820645413689,0.3596016855117749,-1.1534554583150547,0.4698080699581496,1.6232635282732044,0.0010125978206995563,0.37937279039354493,0.3793741417721179,-1.129126732435751,0.7793217598453487,1.9084484922810998,0.941623431322663,0.5930814254434693,1.1128343379056578,0.11915100648108616,3.1063495190864017,2.9871985126053153,1.499999998125105,0.4059844886003638,3,3,0.7795997795284243,0.7087178604829134,Freestyle_1527873200322.csv,0,train,36.000000045,37.966666714125,36.983333379562495,0.0,0
8.714218289335406,0.36412153357107235,8.721822337413084,7.773481145167043,9.913972239091008,2.1404910939239645,-2.1965746257857495,1.6420819196366416,2.7425121909379664,-4.862546778695077,2.0956970250978335,6.958243803792911,3.0534385526404284,0.879068577758522,3.177459450434146,1.2625654080447142,5.536004363674048,4.273438955629334,9.66989004996343,0.42547970998948303,9.679246177362907,8.627036235694016,11.001894713230529,2.374858477536513,-0.22259123677201212,0.7552759978407141,0.787393606528514,-1.6714311105693034,1.5555716824041237,3.227002792973427,-0.0497066085820591,0.1930421215505595,0.1993389265283402,-0.4649810341452549,0.4698080699581496,0.9347891041034044,0.12643590340250233,0.25188970900918006,0.28184120205168073,-0.3759848469911327,0.8196172029873239,1.1956020499784565,0.7364115927110116,0.4436858444059474,0.8597436608695568,0.08161608471718537,1.7448543191912058,1.6632382344740204,1.499999998125105,0.7279142961213225,3,4,0.5773972028596517,0.49209831598712606,Freestyle_1527873200322.csv,0,train,37.00000004625,38.966666715375,37.983333380812496,0.0,0
7.472094178038501,2.566145291572668,7.900461572777721,-1.379832468034278,10.83651817082729,12.216350638861568,-1.4602692205742602,3.0921129410730517,3.4195831086417527,-5.893091514751086,6.978276274292516,12.871367789043603,3.882447300299565,2.1755232919052467,4.450426792255504,1.091771661420359,10.028966678606066,8.937195017185708,9.670000195273206,0.6389339218473326,9.691085611688251,8.220467334690744,11.599564623881156,3.379097289190412,0.941781632144193,1.7780070574831148,2.012029259007916,-1.6714311105693034,8.119423962463832,9.790855073033136,0.5306176005729064,1.0254593009089636,1.15460894499326,-0.3495771519849792,3.7534955630779536,4.1030727150629325,0.082466295628195,0.4900620139786118,0.49695217824194104,-1.1318865307727348,1.1116096188092464,2.243496149581981,1.62549178856946,1.7280397760801287,2.372413332963251,0.08161608471718537,8.970625773398728,8.889009688681544,0.49999999937503503,0.5594780428364904,2,2,1.471118300331433,0.7562017361970823,Freestyle_1527873200322.csv,0,train,38.0000000475,39.966666716625,38.9833333820625,0.0,0
2.625166279140888,4.3858695473310405,5.1114919230440155,-2.8433257548540287,10.83651817082729,13.679843925681318,4.015524764832184,4.4027867532882015,5.9589403698904935,-5.893091514751086,9.611887021086067,15.504978535837154,5.615348945382041,1.826554791079761,5.9049509890616045,1.091771661420359,10.028966678606066,8.937195017185708,9.797572529239497,0.7157784075857717,9.823683942110234,8.220467334690744,11.599564623881156,3.379097289190412,0.9401599900265611,1.726801308282908,1.9661494259425718,-0.514619771646881,8.119423962463832,8.634043734110714,0.48574184419710925,1.078498164619169,1.1828370260906296,-0.6963573519824615,3.7534955630779536,4.449852915060415,-0.036066136447181145,0.5594294015712243,0.5605907790363349,-1.2008173049191375,1.1116096188092464,2.312426923728384,1.5856605542466569,1.7506540559665065,2.3620137630771323,0.12596060140581491,8.970625773398728,8.844665171992913,0.49999999937503503,0.5891590629137571,2,1,2.457610419894081,0.8373718839475275,Freestyle_1527873200322.csv,0,train,39.00000004875,40.966666717875,39.9833333833125,0.0,0
-0.8669180012313488,0.9363911698733335,1.2760780712306385,-4.030943657129255,1.270043682438786,5.3009873395680405,5.190704701281429,5.260509234775438,7.390289081291933,-17.71394152254394,9.611887021086067,27.32582854363001,5.836339569875837,3.2895251259415255,6.699539919210804,-7.797323796790854,10.97172438949842,18.769048186289275,9.890727906478931,1.817163877595114,10.056270833566366,5.587687447377009,19.0152466408184,13.427559193441391,-1.2681064410157779,3.104321776214679,3.3533427555241597,-14.281843560542104,1.6023232823730575,15.88416684291516,-0.062174684250884786,0.5059577239594688,0.5097635822574453,-1.5573655740241092,1.1496448468147908,2.7070104208389,0.043038150979721364,0.5419170664933746,0.5436233893023164,-1.3640920366674496,1.3720043150169632,2.736096351684413,1.728490611823476,2.9686045779215777,3.435155445568489,0.12596060140581491,14.423729384274369,14.297768782868554,0.49999999937503503,0.348783448116665,2,3,1.3557341611629932,1.3465106454437048,Freestyle_1527873200322.csv,0,train,40.00000005,41.966666719125,40.9833333845625,0.0,0
-2.055371663772104,2.515082144757543,3.248105735827501,-9.37711075948237,2.296888420997451,11.673999180479822,-0.6391966416646414,8.892495617099048,8.91543889255269,-27.567291245138833,11.96364539189456,39.53093663703339,3.253357537083598,7.039539295780692,7.754962847166915,-10.845258380352314,20.098273166675725,30.943531547028037,11.259020355223841,4.838300416422176,12.254578339498092,1.8967907650483118,29.380891440255567,27.484100675207255,-1.0021217852980528,8.269356174845706,8.329855918263398,-16.226165157783875,19.50585090223373,35.7320160600176,0.08062017285548766,1.1431032878770486,1.1459427293833524,-3.0969592923399483,2.904061392823233,6.001020685163182,0.34577044267463747,0.8819885583077764,0.9473441908901139,-1.3640920366674496,3.1780607103394853,4.542152747006935,6.397987451292905,5.537409317286024,8.461509639187772,0.21851432816600758,19.538972007093175,19.320457678927166,1.9999999975001401,0.6381261306218264,2,3,3.3471696757341833,2.925144503099048,Freestyle_1527873200322.csv,0,train,41.00000005125,42.966666720375,41.9833333858125,0.0,0
-6.000122731362834,3.270529102182268,6.833581301165454,-10.11907855480713,2.296888420997451,12.415966975804581,-3.952703899768163,6.846122909191066,7.905268307084408,-27.567291245138833,11.96364539189456,39.53093663703339,2.091466691104912,5.93328536321526,6.2911134246129885,-10.845258380352314,20.098273166675725,30.943531547028037,11.333460732358038,4.507979187626703,12.197098365102132,1.8967907650483118,29.380891440255567,27.484100675207255,0.5906566100405443,7.6805112206934085,7.703189459060574,-16.226165157783875,19.50585090223373,35.7320160600176,0.15850340171436406,1.127133553950982,1.1382237815109977,-3.0969592923399483,2.904061392823233,6.001020685163182,0.247755042768511,0.8959386979337501,0.9295637211468886,-1.2068130340109042,3.1780607103394853,4.38487374435039,5.609691232707592,5.479975748517064,7.842115143929703,0.24437023143801115,19.538972007093175,19.294601775655163,0.49999999937503503,0.3757888772614211,2,2,3.4602101236585074,4.135806930447991,Freestyle_1527873200322.csv,0,train,42.0000000525,43.966666721625,42.9833333870625,0.0,0
-8.513206767573392,0.6288542308479841,8.536401297450396,-10.11907855480713,-7.1575916729078255,2.9614868818993045,-4.205916354725248,0.7172722859389499,4.266639417049605,-5.3463734271597625,-1.0299650802536031,4.31640834690616,2.9804030541709774,0.6133089911126227,3.042852326993749,1.9686099557745185,5.170010470118394,3.201400514343876,10.002534640825676,0.5316108249536198,10.01665160171429,8.85206807907707,11.434504863710133,2.582436784633064,0.47018880964645127,0.9581668947436306,1.0673150026582583,-1.7459589176856178,4.872225876540083,6.6181847942257015,0.20281345250351393,0.3778143882072453,0.428808825064049,-0.3934902308813148,1.226620485716667,1.6201107165979818,-0.015847496032821547,0.400173650629759,0.40048732038462675,-0.7183438763788867,1.3552933894047132,2.0736372657836,0.8092488089930904,0.910244353063688,1.2179607617411439,0.16842352279011458,5.186453051328273,5.018029528538158,0.9999999987500701,0.4689202052743584,2,2,0.3571096354646377,0.476614179165443,Freestyle_1527873200322.csv,0,train,43.00000005375,44.966666722875,43.9833333883125,0.0,0
-8.76963207191938,0.6195436129400279,8.79148912102903,-10.966766628931298,-8.123239327770856,2.8435273011604423,-4.2636254268030145,0.4408402687676425,4.286355319224984,-5.021764093239749,-2.5737005798106427,2.4480635134291067,2.6951836620118943,0.27860321346317624,2.7095451135804796,1.9686099557745185,3.319510292419867,1.3509003366453487,10.137848927907289,0.47830609997889817,10.14912595302413,9.657089437305316,11.744425350012085,2.0873359127067683,0.11088253878729246,0.20116956194311642,0.229704440662998,-0.3086282362572733,0.6353795267464115,0.9440077630036848,0.06692147234183568,0.1400612935409266,0.15522773401926826,-0.1532587068377146,0.3473175449362619,0.5005762517739765,0.0799745939934752,0.16723378681643725,0.18537280042494578,-0.1330351279604388,0.5577355785834335,0.6907707065438723,0.3017042756480146,0.14211750301124446,0.33350090645520625,0.07630967157215028,0.6858282335616978,0.6095185619895475,0.49999999937503503,0.8061998686715312,3,2,0.17233343097446152,0.1610403067110123,Freestyle_1527873200322.csv,0,train,44.000000055,45.966666724125,44.9833333895625,0.0,0
-8.807210910804661,0.7808573252999458,8.841758998630944,-10.966766628931298,-7.653902264323688,3.31286436460761,-3.0311486584563805,1.0578316749152923,3.210431441740503,-4.523905304997616,-1.556309259854307,2.967596045143309,3.1917221674936473,0.6902234923887959,3.2655013189272695,2.3041617584338123,4.988923653123369,2.684761894689557,9.92107366129441,0.8481559426622483,9.9572622289414,8.31931919448642,11.744425350012085,3.4251061555256648,0.017352367702956624,0.23798080855188375,0.23861259376635374,-0.321976857745788,0.6739404506879436,0.9959173084337316,-0.11896718032936195,0.0933589531401886,0.15122527608488887,-0.3101628905977573,0.0377294171695444,0.34789230776730173,0.10415079417814174,0.16457422496291194,0.19476155536984394,-0.1913497508639152,0.5577355785834335,0.7490853294473487,0.3052582444885587,0.15669882466917837,0.3431284270953642,0.07630967157215028,0.7001507549511685,0.6238410833790182,1.499999998125105,0.5904323749455912,2,3,0.2033183842056171,0.14988387529220507,Freestyle_1527873200322.csv,0,train,45.00000005625,46.966666725375,45.983333390812504,0.0,0
-4.840815184041799,5.550946078676424,7.365221925673577,-10.30582045425774,8.30552511037672,18.611345564634462,-3.9296466134348633,3.1824437490097495,5.0566857448423,-11.351878733047595,3.893890861795785,15.245769594843381,4.297377974444405,1.833060804506418,4.67199843410265,-0.1523262423721995,9.259729286725127,9.412055529097326,10.019893759786775,1.116182398785141,10.081871557641058,7.820907398046957,12.523799556513305,4.702892158466348,-0.32913543844479803,1.3300267186908745,1.3701464189172865,-5.444587008521584,1.79530989210822,7.2398969006298035,-0.6565303681882318,0.8930886581304188,1.1084401091780138,-3.483271738852353,0.8239973587480712,4.307269097600424,-0.49538762946253917,0.907262880682498,1.0336995879310482,-2.716821378818739,0.8360490582080548,3.552870437026794,1.3730050697351963,1.5130540642940356,2.043153328312697,0.07665898217483855,6.592724270105501,6.516065287930663,0.49999999937503503,0.6112855447758831,0,1,0.0,3.5210011560218972,Freestyle_1527873200322.csv,0,train,46.0000000575,47.966666726625,46.983333392062505,0.0,0
0.745436273735773,4.51659406839966,4.577695623007722,-8.9792569946893,8.30552511037672,17.28478210506602,-4.812324884520047,3.0722935396059188,5.709418393118089,-11.351878733047595,3.893890861795785,15.245769594843381,6.146717971988809,2.3207536350023688,6.570238904449893,-0.1523262423721995,10.008574978683091,10.16090122105529,9.708234818664234,1.5719324323270076,9.834673094014164,6.159630949906492,12.523799556513305,6.364168606606813,-0.2625459242173242,1.5929404301225194,1.6144316573463386,-5.444587008521584,2.871845766997159,8.316432775518743,-0.37633980336042433,1.0841464454828251,1.147608453631467,-3.483271738852353,0.9028904825736463,4.386162221425999,-0.555385289814253,0.8963785803338129,1.0544891556689067,-2.716821378818739,0.8360490582080548,3.552870437026794,1.783411612550329,1.3619049668506285,2.243956799609069,0.34566260848096614,6.592724270105501,6.247061661624535,0.49999999937503503,0.6459806532321165,1,2,1.0855888078321665,1.9851044872727985,Freestyle_1527873200322.csv,0,train,47.00000005875,48.966666727875,47.9833333933125,0.0,0
1.8140010100414519,1.0759451896758292,2.109089309540486,-0.2228987987581854,3.972111238738655,4.19501003749684,-5.782719542117574,2.530198910425636,6.312032305771855,-10.87673468505096,0.0975909763285452,10.974325661379506,6.741434888984963,2.366040584538448,7.144584831192554,-1.0082676320627224,10.008574978683091,11.016842610745814,9.652776173017232,1.4693584002764868,9.763969579778106,6.159630949906492,11.777136214766678,5.617505264860186,-0.3703582327684532,1.2739151055086153,1.3266593069143255,-4.01111501154854,2.871845766997159,6.8829607785457,0.18985666882717325,0.3760799815850087,0.4212857785958736,-0.8420417999035542,0.9028904825736463,1.7449322824772007,-0.14931462121008726,0.4980448182476457,0.519945667440784,-1.3164422075409807,0.4608379518918273,1.777280159432808,1.184415170761276,0.8972239543338718,1.4858836162230111,0.20004276909827443,4.227141099988793,4.027098330890518,0.49999999937503503,0.370176692333798,2,2,0.5741022543792454,0.7856023813701083,Freestyle_1527873200322.csv,0,train,48.00000006,49.966666729125,48.9833333945625,0.0,0
1.4455073007141575,1.0633401644302074,1.79448701909721,-0.2228987987581854,3.7825862836066406,4.005485082364826,-8.471070216632814,1.2098950797820673,8.55703667861745,-10.87673468505096,-6.351565525627258,4.525169159423703,3.8918005220289262,3.0701737430606033,4.957023110279333,-1.0082676320627224,8.939107725044924,9.947375357107646,10.013766543059173,0.8600105335778573,10.050628761264448,7.888544063291636,11.777136214766678,3.8885921514750414,-0.37268089821366934,1.0184950583693377,1.0845382592680204,-4.01111501154854,1.650573199771698,5.661688211320238,-0.07042849444867313,0.2814685493859875,0.29014602724104094,-0.8420417999035542,0.5602315051709342,1.4022733050744884,0.1053772951172127,0.59058308188481,0.5999106191215325,-1.3164422075409807,0.9784893011241106,2.2949315086650914,0.9738733667035605,0.8196776009505928,1.2729103282928642,0.20004276909827443,4.227141099988793,4.027098330890518,0.9999999987500701,0.4454709770053148,1,2,0.4840586382419186,0.6135003711390752,Freestyle_1527873200322.csv,0,train,49.00000006125,50.966666730375,49.9833333958125,0.0,0
2.2645405095215327,1.420996233580953,2.67345731499781,0.4018335574813033,5.357073300075719,4.955239742594415,-9.357642357603684,0.8661033735656501,9.39763829621679,-11.405072970273434,-7.254164828110308,4.150908142163126,0.572531512640552,1.4838996148743424,1.5905189090327412,-2.2216818243715464,2.651823769030507,4.8735055934020535,9.874629592083748,0.696003147098022,9.899127737413355,7.888544063291636,11.625668852008893,3.7371247887172565,-0.005174575253003705,0.5819152205382282,0.5819382270680485,-1.2632755658096886,1.650573199771698,2.9138487655813865,-0.08808799803675678,0.10879398993213245,0.13998438357001328,-0.3387780744759504,0.1452805637659682,0.4840586382419186,-0.057900215106657583,0.5544192110312233,0.5574343875918325,-0.9190216173279624,0.9784893011241106,1.897510918452073,0.7445597843436452,0.33854327902737363,0.8179124795700708,0.33478251532887604,1.7139196083237407,1.3791370929948648,0.49999999937503503,0.5448017595487775,3,2,0.21180920578634269,0.28571531142435475,Freestyle_1527873200322.csv,0,train,50.0000000625,51.966666731625,50.983333397062495,0.0,0
2.7936619076785703,1.924781997729862,3.3925407283036746,-1.8180188526697303,6.192798655901892,8.010817508571622,-8.921625794568389,1.506910304977329,9.04799345079089,-11.520358368989635,-4.222082609178421,7.298275759811214,-0.9420225371685409,2.333911731528403,2.516853279613129,-7.92663719642936,2.356581730060624,10.283218926489985,9.900939476350695,1.2967135364041855,9.985492902699068,5.576164900018331,12.613432751286767,7.037267851268436,-0.23082433561823154,1.417599109540265,1.4362684669945764,-3.8701916572203334,3.584689790503151,7.454881447723484,-0.23082372742552096,0.48323969469218697,0.5355372962444439,-1.864459450494287,0.4438613302121346,2.3083207807064214,-0.03130921537480347,0.7999793812491441,0.800591829455653,-0.9190216173279624,1.7154410170638912,2.634462634391854,1.395041996974767,1.0219943292501985,1.729339348520963,0.33478251532887604,4.1247882133085945,3.7900056979797183,1.9999999975001401,0.40472556608427335,1,1,1.5392510179548595,1.9713066746490884,Freestyle_1527873200322.csv,0,train,51.00000006375,52.966666732875,51.983333398312496,0.0,0
2.3362665101126425,2.5602501470795085,3.465980672464079,-3.979417878868925,6.192798655901892,10.172216534770817,-8.235996528621119,1.6307457839836237,8.395890103582792,-11.520358368989635,-4.178115309266866,7.342243059722769,-2.961861314185187,3.042400989758387,4.246036531513786,-9.586139911491406,2.356581730060624,11.94272164155203,9.878350359391034,1.7178512908289443,10.026605551246327,5.576164900018331,14.401178649639702,8.82501374962137,-0.06073138388349006,1.497427893851829,1.4986589332713194,-3.8701916572203334,3.584689790503151,7.454881447723484,0.3646261960480793,1.1109473936897778,1.1692546234206658,-1.864459450494287,2.1468031289607317,4.0112625794550185,0.153723345585531,0.6911276722684415,0.7080171794195412,-0.9021008579302776,1.7154410170638912,2.617541874994169,1.8186351900228124,0.898325856595715,2.0284041261587236,0.4352116361018954,4.1247882133085945,3.689576577206699,0.49999999937503503,0.5441389827834321,2,2,1.5261420341623513,1.6621320000416144,Freestyle_1527873200322.csv,0,train,52.000000065,53.966666734125,52.9833333995625,0.0,0
1.9557276937655392,2.8511362518885797,3.4574338372548414,-4.211996945246905,5.582297099093031,9.794294044339935,-8.16003630882075,1.4877600175317816,8.294553781309705,-11.069647004717703,-4.178115309266866,6.891531695450837,-1.2592696194267912,3.811833643513464,4.014453350112867,-9.586139911491406,5.31409829123705,14.900238202728456,9.745244897611748,1.3782266707035244,9.842220626985878,5.920028611602664,14.401178649639702,8.481150038037038,-0.0003700185721734646,0.915204630350056,0.9152047051495782,-1.5256123261416037,2.738933504149041,4.264545830290645,0.7242907278279069,0.8962593566925299,1.1523358420514338,-0.6041135027491088,2.1468031289607317,2.7509166317098406,0.38073277526918675,0.7825812584329396,0.8702820647437589,-0.6018345551399968,1.9954896200189505,2.5973241751589473,1.5836645186201568,0.6441079955120572,1.7096398502079242,0.4352116361018954,3.2502303808575506,2.815018744755655,0.49999999937503503,0.7582933445438909,1,1,2.4801165195375563,1.5130330503698428,Freestyle_1527873200322.csv,0,train,53.00000006625,54.966666735375,53.9833334008125,0.0,0
-2.517498077694756,5.190273153313071,5.768598788024628,-8.685383983089757,5.2616656464504095,13.947049629540167,-7.348802669932746,1.5982642298256338,7.520595005047856,-10.21726509508864,-5.132430707773049,5.084834387315591,1.7170254773712192,1.3582012358855373,2.189266335351381,-1.8073268623947676,5.31409829123705,7.121425153631818,9.703895614789404,0.680718878483531,9.727742199208038,7.42004453502622,10.71572727174822,3.295682736722,0.1151221245201235,0.7928303768904433,0.8011448745852833,-1.5256123261416037,2.738933504149041,4.264545830290645,0.20307839510958064,0.48266517978999013,0.5236473148427159,-0.3333133905768248,1.7610609633105891,2.0943743538874138,0.7396575968211907,0.7683548743190101,1.0665189043917978,-0.6018345551399968,1.9954896200189505,2.5973241751589473,1.251429395613031,0.6981594815204762,1.4330046035659956,0.0705488379965252,3.2502303808575506,3.1796815428610254,0.49999999937503503,0.6593920495036697,0,1,0.0,0.8417174350706795,Freestyle_1527873200322.csv,0,train,54.0000000675,55.966666736625,54.9833334020625,0.0,0
-7.586624274808655,0.9879394961648227,7.650679207442852,-8.732429155579094,-4.633749859684769,4.098679295894326,-6.364424367283291,1.0013212920979062,6.442712305921936,-9.659490947686454,-4.940357301929317,4.719133645757137,0.614981430914023,1.05593967284564,1.2219700295254448,-1.674362022503509,2.2643523602484676,3.938714382751977,10.066025939824234,0.45800297370258314,10.07644009286686,9.056425603975036,11.079192290471985,2.022766686496949,0.2770653696861626,0.5823918737585454,0.6449383797691989,-0.9929053924755608,1.8761755407399032,2.869080933215464,0.173276050978341,0.37424178376679335,0.4124093870895763,-0.441630730655001,0.8382922588883384,1.2799229895433393,0.2525006385729899,0.6361562865474141,0.6844350907088,-0.4466456983838684,1.532813651491954,1.9794593498758224,0.8994898057354667,0.4953751094175552,1.0268779916097543,0.0705488379965252,2.051100555927616,1.9805517179310907,0.49999999937503503,0.7300371152064832,2,1,0.6736164019023468,0.21711566706750252,Freestyle_1527873200322.csv,0,train,55.00000006875,56.966666737875,55.9833334033125,0.0,0
-8.046039446689667,0.6221828475396967,8.07005962019233,-9.51146393446704,-6.894066610682632,2.6173973237844077,-5.315900565395228,1.4058680206693626,5.498660174325205,-7.209573959146168,-1.1555987958721905,6.053975163273977,1.3518879760315008,1.8220086970374538,2.2687698851621483,-1.674362022503509,4.273267925682,5.947629948185509,10.013711354578849,0.483764080070214,10.025389906531693,8.979901754871435,11.079192290471985,2.0992905356005505,0.202240754525343,0.8870823274640747,0.9098441506599136,-1.2867973091610183,2.2363646308405696,3.5231619400015877,0.043012888843141715,0.42672094105294195,0.42888328265361536,-0.6848688592770067,0.8382922588883384,1.523161118165345,0.08184887765980324,0.33991711736034463,0.34963250056128325,-0.4466456983838684,0.7846222162154352,1.2312679145993035,0.9497386141461565,0.4816603563490297,1.064894423911843,0.2741107264665042,2.3490300672420354,2.0749193407755313,0.9999999987500701,0.6352448610453791,2,2,0.49308983404399254,0.4524283917100509,Freestyle_1527873200322.csv,0,train,56.00000007,57.966666739125,56.9833334045625,0.0,0
-8.24097305255947,0.4469001673909167,8.253081643399959,-9.51146393446704,-6.955082538911078,2.5563813955559613,-4.110279153952039,1.0962887304363846,4.253967995165749,-7.196411066700758,-1.1555987958721905,6.040812270828567,3.3521494408946024,0.9614974975074893,3.487317495124749,-0.0606689349459924,4.365886705050736,4.426555639996728,9.911840517523713,0.35552944111320883,9.91821473997831,8.979901754871435,10.813016698396362,1.8331149435249277,0.002814030005818634,0.7796758815951114,0.7796809598200972,-1.2867973091610183,2.2363646308405696,3.5231619400015877,-0.20103407382447339,0.2081261920151989,0.2893634576811856,-0.6848688592770067,0.2296778768311819,0.9145467361081886,0.21799632590193285,0.19833999608010422,0.29472216094450293,-0.1045136828559447,0.7846222162154352,0.8891358990713798,0.7375924618337871,0.4842025631334163,0.8823235018398845,0.17215613622325662,2.3490300672420354,2.176873931018779,0.9999999987500701,0.5829426019483214,2,3,0.45113276202906827,0.3522019010826991,Freestyle_1527873200322.csv,0,train,57.00000007125,58.966666740375,57.9833334058125,0.0,0
-7.254555487653756,2.1703527884865874,7.572252409286072,-8.832484586601478,1.2098798807629925,10.04236446736447,-4.04945010411517,1.6779147967560621,4.383314295244102,-11.92854495233405,-1.5041297037312988,10.424415248602752,4.928050467462277,1.632138426479009,5.191296297943756,2.749252795110484,9.509359807181324,6.76010701207084,10.15571663593928,0.6028495868628275,10.173593662707125,8.970623476790525,12.34495136388949,3.374327887098964,-0.5673774328179813,1.2126241166479887,1.3387958767293235,-5.242977588958948,0.9773622083976534,6.220339797356601,-0.6062877062846671,0.5697300706704425,0.8319718361928307,-1.8900942083830163,-0.1066465425757138,1.7834476658073026,-0.02691587520363594,0.5743864137323627,0.5750167098600724,-2.5509224134719135,0.3171466274534102,2.8680690409253238,1.0607773158014195,1.2999797070204389,1.6778545087056298,0.17215613622325662,5.854160081196836,5.682003944973579,0.49999999937503503,0.6121461187849927,2,1,0.33030000418358957,1.1253639498789354,Freestyle_1527873200322.csv,0,train,58.0000000725,59.966666741625,58.9833334070625,0.0,0
-0.28860756122819303,6.322887281269072,6.329470585762469,-8.644069748646974,8.353995546555177,16.998065295202153,-3.1333538195929194,4.644149776409087,5.602323919988749,-11.92854495233405,5.696845551426784,17.625390503760833,4.863890621104725,1.7862160165195882,5.18150553717176,1.6710643906751754,9.509359807181324,7.838295416506149,9.861240262739537,1.025754021574685,9.914445563532638,8.125648069505191,12.34495136388949,4.219303294384298,-0.0004692838722692471,1.960959665188681,1.9609597213416332,-5.242977588958948,5.449836213473305,10.692813802432253,-0.4318015694364167,0.722500160928153,0.8417001116246566,-1.8900942083830163,0.6506936162894494,2.5407878246724658,-0.9316518691793433,1.038947631596568,1.3954882251547238,-2.9790247777019263,0.2365438906304082,3.2155686683323346,2.0052834264352817,1.5748167743717594,2.549746946890749,0.251605923619278,5.854160081196836,5.602554157577558,0.49999999937503503,0.566179057561153,1,2,1.2807229824898867,1.2401167525315868,Freestyle_1527873200322.csv,0,train,59.00000007375,60.966666742875,59.983333408312504,0.0,0
5.88373375198098,1.54703489987451,6.083719244477832,0.9677084305339804,8.353995546555177,7.386287116021197,1.1053585104384964,5.265670168142977,5.3804367625936935,-11.90561018373836,7.094472058371032,19.000082242109393,4.714955113765441,1.478232750430807,4.9412522491033695,1.6710643906751754,7.743389272991539,6.072324882316364,9.457375990885254,0.9668261261446767,9.506666786585544,7.569116997244433,12.193722067873217,4.6246050706287845,0.3108303052809465,1.55517123494923,1.585929711145661,-2.3666995181892156,5.449836213473305,7.816535731662521,0.051150317831916856,0.29295224742138243,0.297384219963913,-0.6300293662004371,0.6506936162894494,1.2807229824898867,-0.8198197571799837,1.0030921009807554,1.2954914887071367,-2.9790247777019263,0.5394980082374905,3.5185227859394166,1.5593730784858562,1.3602441774858955,2.0692773183627993,0.12030813155999384,5.721020289475729,5.600712157915735,0.9999999987500701,0.5728858881540796,2,4,0.9519051385326956,0.6140892805405869,Freestyle_1527873200322.csv,0,train,60.000000075,61.966666744125,60.983333409562505,0.0,0
6.286579902781877,0.5586990325278799,6.311357340779286,4.316194594001313,7.410050958542535,3.093856364541222,3.3445446355838757,1.405249048753575,3.627768419901649,0.9207401098596076,7.094472058371032,6.173731948511424,6.122583825123498,0.8855903715453135,6.1862996210851,2.93212343287074,7.743389272991539,4.811265840120799,9.52907756594086,0.6789101086039065,9.553231819299787,7.569116997244433,11.445574744466889,3.8764577472224557,-0.3482316350872355,0.6152670822727652,0.70697868016226,-2.3666995181892156,2.022586894760177,4.389286412949392,-0.005991453799223821,0.1896280485501158,0.18972267738874368,-0.4501013110629838,0.6098229456125714,1.0599242566755551,-0.03171831816447027,0.2121760692976879,0.2145337644516588,-0.4713206447129411,0.5394980082374905,1.0108186529504315,0.6000127726666353,0.4709808459441007,0.7627832487734141,0.0536836652799687,2.45902511899219,2.405341453712221,1.499999998125105,0.5278761449073687,3,3,0.4387004752756858,0.38853414523570606,Freestyle_1527873200322.csv,0,train,61.00000007625,62.966666745375,61.9833334108125,0.0,0
6.632888371892146,0.35058944843948053,6.64214732713293,5.839693167544658,7.257492789320364,1.417799621775706,0.9490193731093551,1.7844236063349492,2.021090145783285,-1.8319059291382636,4.143700967197185,5.975606896335449,6.636772028821846,0.34787957009421117,6.645883173652767,5.817983223890506,7.476910633252488,1.658927409361982,9.606468418282935,0.29403091520274754,9.610967154795734,8.948942118013889,10.218739061553281,1.2697969435393919,-0.23788985310461397,0.3805047716441846,0.4487487754346834,-0.8964887987400912,0.6165407615713786,1.5130295603114698,-0.054430113139174556,0.07140373362909866,0.0897837980513111,-0.1896716677022136,0.1039435869710126,0.2936152546732262,0.006721664846701816,0.11785149673530942,0.11804302631271378,-0.2576392561796215,0.2810104178557788,0.5386496740354003,0.4306959193387908,0.1946067187242629,0.47262114839235725,0.0536836652799687,0.9320447862338287,0.87836112095386,1.499999998125105,0.44338746615540126,3,3,0.19243098702485814,0.1597943244649667,Freestyle_1527873200322.csv,0,train,62.0000000775,63.966666746625,62.9833334120625,0.0,0
7.115159738082394,0.4364634756057642,7.128534103444169,6.049918637285724,8.323203051663008,2.273284414377284,0.12419054937558727,1.0499337963378974,1.0572531717837121,-1.8319059291382636,2.1519748852714637,3.9838808144097273,6.459660664910606,0.5752920452120253,6.4852275860664745,4.949591212936186,7.547532240148331,2.597941027212145,9.68862641156721,0.34996833195750043,9.694945052773164,8.902197873437487,10.776667998706362,1.874470125268875,0.10891804495194254,0.40803198617530145,0.4223188869306165,-0.8964887987400912,0.8562789510117025,1.7527677497517937,-0.08379069986621336,0.07460621926019935,0.11219166339960732,-0.3210619302647883,0.0398312096063328,0.3608931398711211,-0.011113049977053348,0.14839425757995167,0.14880979659450358,-0.3967191047998073,0.2810104178557788,0.6777295226555862,0.4109245126893622,0.21029886359225386,0.46161083951439347,0.06510096419968119,0.9320447862338287,0.8669438220341475,1.9999999975001401,0.8497410086652922,3,3,0.18727783640049758,0.2102296544918307,Freestyle_1527873200322.csv,0,train,63.00000007875,64.966666747875,63.983333413312494,0.0,0
7.137209204002498,0.6528093961662207,7.167001836850671,3.795737415403476,8.323203051663008,4.527465636259532,1.8622443646624192,1.2679034098974153,2.25289438956788,-0.4040644043653066,4.5724063892566535,4.97647079362196,5.625572095478791,0.7607271787200485,5.676774369470132,3.339972353206171,7.547532240148331,4.20755988694216,9.389332977630826,0.7124899557288994,9.41632708129026,6.771430935398636,10.776667998706362,4.005237063307725,0.2473336045221955,0.42554406431760233,0.49220083563712647,-0.9836918629863286,1.838374474834764,2.8220663378210924,-0.07817514771658049,0.12644705794705485,0.14866140112340873,-0.6967320514757457,0.1076617688266631,0.8043938203024088,-0.05687730778157233,0.1510557346825686,0.16140899330883104,-0.3967191047998073,0.3597608771908437,0.756479981990651,0.438903656684369,0.312695247894688,0.5389014176144193,0.06510096419968119,1.8942430555793701,1.829142091379689,0.9999999987500701,0.4139530655542853,3,2,0.26466807225746514,0.2660403440992651,Freestyle_1527873200322.csv,0,train,64.00000008,65.966666749125,64.98333341456251,0.0,0
7.217658376605275,1.1056661831215673,7.30185525396655,3.795737415403476,10.091830324295966,6.29609290889249,-0.7896675136385247,4.38729599732105,4.457795525840699,-7.653575029460542,4.763947838644079,12.41752286810462,4.107659295315865,1.2178426378838658,4.284390922528284,1.6497474090325084,6.2256644912829024,4.575917082250394,9.515764196978363,0.9976314071999386,9.56791705007558,6.723986287617392,11.270262928419818,4.546276640802426,0.1764980552082979,0.8596878259842516,0.8776187792189957,-2.7029200174543826,1.838374474834764,4.541294492289147,-0.39822959330608754,0.3953757578439373,0.5611673537149141,-1.3323897832569291,0.1076617688266631,1.4400515520835921,0.7179050896454126,0.9139302996272449,1.162177400535535,-0.3680363387507434,2.8721628421549275,3.240199180905671,1.2349448140145998,0.9543013869670416,1.560698507344956,0.11346931427962524,3.237678158061633,3.1242088437820077,0.49999999937503503,0.7578072554407964,2,2,0.5381030613517538,0.9915863831458682,Freestyle_1527873200322.csv,0,train,65.00000008125,66.966666750375,65.9833334158125,0.0,0
6.025254423588875,1.7646600970599624,6.278352978857831,4.010154664594434,10.091830324295966,6.081675659701532,-6.2194349712213945,2.981270955391458,6.897053564436946,-8.786656672701984,4.763947838644079,13.550604511346062,3.169568432348861,0.56643069249038,3.219783809006057,1.6497474090325084,4.963516443886856,3.313769034854348,9.839495840821785,0.7337529373254529,9.866816699147854,6.723986287617392,11.270262928419818,4.546276640802426,0.15527433321902798,0.784666959697498,0.7998827140259557,-2.7029200174543826,1.6792697302257833,4.382189747680166,-0.39414321023801774,0.38624904161753815,0.5518488854090374,-1.3323897832569291,0.0343299190275166,1.3667197022844457,0.8100446361690445,0.8451770149335791,1.170682065788263,-0.1302601485013792,2.8721628421549275,3.0024229906563065,1.1446913435450479,1.002261331038983,1.5214618127587036,0.08294807163996741,3.237678158061633,3.1547300864216656,0.49999999937503503,0.8191125186632965,2,2,0.5413310169861543,0.5381111013120288,Freestyle_1527873200322.csv,0,train,66.0000000825,67.966666751625,66.9833334170625,0.0,0
4.386728195071882,0.5264216127193306,4.418201440832754,3.0717440559853695,5.515021617138629,2.4432775611532596,-7.895188761529783,0.41784278572892963,7.906237927976358,-8.786656672701984,-7.1642480683982255,1.6224086043037582,3.5524947837245473,0.6836724038907008,3.6176825654321587,2.7808067706441215,5.229602046541996,2.4487952758978744,9.748413830296398,0.29181686563025705,9.752780592722278,9.124774722627262,10.303779943690833,1.179005221063571,0.0002234740776485405,0.27274228902020414,0.2727423805730308,-0.7029224399857302,0.6006477487112568,1.303570188696987,0.28652868964130407,0.4041868732252138,0.49544497017846273,-0.1961194610705725,0.9742866981356268,1.1704061592061994,-0.05350360853417934,0.27060363278537775,0.27584227776543296,-0.4907708062385809,0.6320141742567915,1.1227849804953725,0.5313973893338347,0.3369865003939904,0.6292400868020124,0.08294807163996741,1.1269934617090092,1.0440453900690418,0.49999999937503503,0.8733312186561235,1,1,0.611204626910502,0.23044938009808907,Freestyle_1527873200322.csv,0,train,67.00000008375,68.966666752875,67.9833334183125,0.0,0
3.1617606668704643,1.258401303110403,3.4029846244494153,1.1423172882613994,5.2195385998050785,4.0772213115436795,-7.252499974523202,0.9230345483786562,7.311001891530301,-8.776638467550173,-5.0976297246439355,3.6790087429062375,5.19687317172712,1.6643907045719102,5.456893546742732,2.7808067706441215,8.268910566730202,5.488103796086081,9.73397292993554,0.24189086787918043,9.736977980496885,9.370868083503604,10.280534059541147,0.9096659760375427,0.1434204119078209,0.46611012973655813,0.4876761913348242,-0.7029224399857302,1.227713767963362,1.9306362079490924,0.35021305833807637,0.3777220200985949,0.5150952442974719,-0.3627727999296399,0.9742866981356268,1.3370594980652668,0.05966941895097005,0.40084430781637775,0.405261148726025,-0.4907708062385809,1.0617405223600611,1.552511328598642,0.7200847007559583,0.38583131119266595,0.816938049646024,0.12493411510788782,1.4649027584266738,1.339968643318786,0.49999999937503503,0.7565137439659587,1,1,0.923709289050072,0.2082132001911284,Freestyle_1527873200322.csv,0,train,68.000000085,69.966666754125,68.9833334195625,0.0,0
0.7300088526399612,2.2091843383827556,2.3266732400335823,-5.851598959448478,3.023994799522056,8.875593758970535,-5.351975714311353,1.8993268483278154,5.679004008042026,-7.787764796510333,-1.481760493953155,6.306004302557178,6.959736998251591,1.871698351522306,7.207023921420227,3.4610446624119646,10.257072430626405,6.79602776821444,9.43726609733584,0.7373583262191598,9.466028137142269,6.879068060288344,10.499118328932136,3.6200502686437916,-0.057893453060963704,1.1451977207073805,1.1466601377133077,-2.8719846598921337,1.5950065884575575,4.466991248349691,0.1985956677159784,0.5022205002241679,0.5400608022074632,-0.5263672024899709,1.462591190892205,1.988958393382176,0.9111042153554731,0.7636351534381178,1.1888017239241244,0.0688914142025319,3.0484968505247276,2.9796054363221955,1.4374581888134677,0.9764520652442423,1.737741258158602,0.15303731168642484,3.463811966990992,3.310774655304567,0.49999999937503503,0.5138866268568938,2,2,0.7298163593747921,0.673277060323242,Freestyle_1527873200322.csv,0,train,69.00000008625,70.966666755375,69.9833334208125,0.0,0
-2.386996145026998,5.013442976102974,5.552689534901982,-10.899728939801712,8.969620535699155,19.86934947550087,-5.456428689737352,3.6967486825942197,6.590793948262302,-14.641372112739582,-0.3316746884358538,14.309697424303728,5.584373487172375,3.3176962148679943,6.495562748398568,-1.0714414309090976,10.257072430626405,11.328513861535502,10.468542710720516,2.621616843031137,10.791814553532882,6.879068060288344,17.25315161086363,10.374083550575286,-0.01805147626392783,2.0831023907363986,2.083180603329199,-3.763669883689458,6.642492017943577,10.406161901633036,-0.058867021228941385,0.7222473661036674,0.7246423835465695,-1.3941654495284974,1.462591190892205,2.856756640420702,0.2922750007441587,1.5120455363145704,1.5400345385571113,-2.8259716886009856,3.0484968505247276,5.874468539125713,2.376185527879373,1.2610300262739573,2.6900658709533256,0.3304586109124233,6.8019120090194445,6.4714533981070215,0.49999999937503503,0.5478506873333946,2,2,1.5042731889785215,1.3241162245583094,Freestyle_1527873200322.csv,0,train,70.0000000875,71.966666756625,70.9833334220625,0.0,0
-2.469304411753894,4.704188277334232,5.312894844293086,-10.899728939801712,8.969620535699155,19.86934947550087,-5.276174809609674,3.6265999403650535,6.402362669281981,-14.641372112739582,-0.3316746884358538,14.309697424303728,6.5537742011754165,3.609100466690542,7.4818154520583,-1.0714414309090976,10.048718029465444,11.120159460374541,10.93688262327564,2.362045791021264,11.1890420427394,7.213427585903726,17.25315161086363,10.039724024959902,0.29616791500690515,1.7987195908121312,1.8229392749762396,-3.763669883689458,6.642492017943577,10.406161901633036,-0.20001528013805162,0.479152462724285,0.5192236462483683,-1.3941654495284974,0.5881479037628521,1.9823133532913495,-0.40284021022275385,0.9605435910303969,1.0415969591170489,-2.8259716886009856,1.2863079217142148,4.1122796103152,1.4708721699029668,1.585610317865386,2.1627817782467633,0.1129831800437212,6.8019120090194445,6.688928828975723,0.49999999937503503,0.634279068061587,2,3,0.6302405413952725,0.7051937115286672,Freestyle_1527873200322.csv,0,train,71.00000008875,72.966666757875,71.9833334233125,0.0,0
-0.07915968141910265,1.2091674190877195,1.2117557932791698,-2.206991402914204,3.5129508524206345,5.719942255334839,-3.490528488615522,1.2769495984429098,3.7167713686478043,-6.229322392262874,-0.953776004241128,5.275546388021747,9.082181833624192,0.9433661075901146,9.131044106342003,6.528080528327206,10.238465208716397,3.7103846803891907,9.905195372541623,0.7387913190398803,9.932708995098404,7.128831199350582,11.015222849259557,3.8863916499089743,-0.0886130778098221,0.5608631197253392,0.5678201446118037,-1.5070006881153524,1.0486736747398862,2.5556743628552385,-0.10506766062871782,0.22192938574028157,0.24554401960758504,-0.5172667540795655,0.322678850931034,0.8399456050105994,0.020623412470519072,0.09272195605706375,0.0949878217298261,-0.1338628437284017,0.2620768680992287,0.39593971182763044,0.5232922900621918,0.3433648899210051,0.6258867856641464,0.1129831800437212,1.5635556864094209,1.4505725063656998,0.49999999937503503,0.7246823226833073,3,2,0.4062499619792231,0.31132256046570767,Freestyle_1527873200322.csv,0,train,72.00000009,73.966666759125,72.9833334245625,0.05,0
-4.663843787100082,8.084997057609813,9.333735387937208,-24.200277589104132,3.5129508524206345,27.713228441524766,-0.9471568012192793,7.2374739927294485,7.299187338432348,-26.091123784636515,17.07366938366507,43.164793168301586,7.144174006477789,3.32381776656646,7.879529603991328,-3.422371023308153,13.99003542526762,17.412406448575773,12.527500678808158,6.748738075833089,14.229678101550231,4.082613542149702,35.01790098106879,30.93528743891909,-0.13384378551530257,2.5149986289773807,2.518557575811832,-7.479689739668068,5.31642735235331,12.796117092021378,1.165432968077668,1.8250775688444802,2.165442711175154,-0.5172667540795655,5.608061405490568,6.125328159570134,0.06230361831953943,1.3524255462467256,1.3538598889827782,-4.274798906880954,4.479369994566173,8.754168901447127,2.6678334233316727,2.3974727990973426,3.586810699919531,0.1176429976973851,8.642204402105826,8.524561404408441,0.49999999937503503,0.8917333543157369,1,1,4.060567085925498,3.200548605291444,Freestyle_1527873200322.csv,0,train,73.00000009125,74.966666760375,73.9833334258125,0.55,0
-8.984846246337442,8.045297922683824,12.060442808415646,-24.23438749858666,3.6469761518611383,27.8813636504478,0.9897126715821949,8.013451273892484,8.074337898016124,-26.091123784636515,22.32156595954468,48.41268974418119,5.475172442879869,9.876055074569217,11.292208690738738,-12.515490460078494,63.87967941466874,76.39516987474724,15.621947770663686,9.701440006115353,18.389213967475598,4.082613542149702,68.61828076402192,64.53566722187222,-0.35107832859390237,2.892620266302397,2.9138476277649863,-7.479689739668068,5.31642735235331,12.796117092021378,-0.03909905712562422,3.8314483641233155,3.831647857412179,-9.716797425656676,5.608061405490568,15.324858831147244,-0.44874118778896593,1.867058281491288,1.9202279239984645,-4.988741820288122,4.479369994566173,9.468111814854295,4.427983787270225,2.693003557520572,5.182596702536908,0.13450427121088104,10.270283455290759,10.135779184079878,0.49999999937503503,0.5544688031697823,2,1,5.044033043604283,11.120598223314227,Freestyle_1527873200322.csv,0,train,74.0000000925,75.966666761625,74.9833334270625,1.0,1
-10.365244870033559,8.0740293419349,13.138807062674399,-27.29150212524013,3.6469761518611383,30.938478277101268,1.1108845028393999,8.178460139803141,8.253561330540748,-28.50242495580676,22.32156595954468,50.823990915351445,5.08388470129847,10.047202020757165,11.260202134153873,-12.515490460078494,63.87967941466874,76.39516987474724,16.601782172460748,9.587622565962226,19.171376522544843,5.7548133664079995,68.61828076402192,62.86346739761392,-0.7627836001288945,2.34060865229154,2.4617651561039726,-6.295442475912519,3.108823884855522,9.404266360768041,-0.23929875780234997,3.8719140871800586,3.87930181785191,-9.716797425656676,5.663491304361459,15.380288730018135,-0.5504358384527226,1.6907264002576676,1.7780706883533635,-4.988741820288122,3.6251936638480746,8.613935484136196,4.11418715370894,2.7100313125191904,4.926540941733678,0.13450427121088104,10.270283455290759,10.135779184079878,0.49999999937503503,0.7103119065046883,2,1,7.501024854883157,11.984661601352332,Freestyle_1527873200322.csv,0,train,75.00000009375,76.966666762875,75.9833334283125,1.0,1
-9.100996209059725,7.9956038001847025,12.1143638762771,-27.29150212524013,1.234621074347502,28.52612319958763,0.89168476597475,8.679554584726692,8.725237504568089,-28.50242495580676,16.737056967733455,45.23948192354021,4.6540899543217,6.946376679185969,8.361381600672035,-10.097128507554611,23.840739712825695,33.93786822038031,15.450573089065303,7.3539156324693415,17.1114080048962,3.3463277311761717,39.12214314818153,35.775815417005354,-0.23369207612123388,2.671686225832604,2.6818872600736814,-6.295442475912519,5.29862018486252,11.594062660775037,0.013990056384228922,3.6712276458148927,3.671254301880108,-8.480785127171101,5.663491304361459,14.14427643153256,-0.6651829630482584,1.9504445992963524,2.060752898640196,-6.158314394042711,3.6251936638480746,9.783508057890785,4.346595915090001,2.4544722212719385,4.991726147744154,1.232030662739486,9.595198732200636,8.36316806946115,0.49999999937503503,0.5559064071289169,1,1,5.566243428745358,10.637025106805357,Freestyle_1527873200322.csv,0,train,76.000000095,77.966666764125,76.98333342956249,1.0,1
-9.25401753278666,7.458628875873786,11.88562094318766,-25.17192323765516,1.234621074347502,26.406544312002662,0.4830741215320836,8.861821722730488,8.874978583205255,-25.621307331557777,17.263430912529888,42.884738244087664,4.163205766967251,7.034089380680034,8.173780990062372,-10.097128507554611,23.840739712825695,33.93786822038031,15.504754760813515,6.815167315483072,16.936467333272255,3.3463277311761717,35.0688862652161,31.72255853403993,-0.5408653623989045,2.870612772992667,2.9211218791265026,-7.525534642627065,5.29862018486252,12.824154827489584,-0.18223337716243185,3.8049681887574835,3.8093295894695727,-8.480785127171101,5.8536018100097165,14.334386937180817,-0.7268748856358461,1.9680512057679012,2.097992528083123,-6.158314394042711,3.81296096927499,9.971275363317702,4.648414224395055,2.4161462704592855,5.2388469725515545,1.232030662739486,9.595198732200636,8.36316806946115,0.49999999937503503,0.6677829920406587,1,0,12.828751586439704,0.0,Freestyle_1527873200322.csv,0,train,77.00000009625,78.966666765375,77.98333343081251,1.0,1
-8.990401105002938,7.220534681716739,11.530977110319501,-25.17192323765516,1.5614705839690244,26.733393821624187,0.62734246931502,8.240291176820678,8.26413681231107,-25.621307331557777,17.634353529297965,43.25566086085574,5.1229112155624685,9.392064404942245,10.6983687125243,-15.372905564766054,54.3626236049927,69.73552916975875,15.567689809650327,8.565133826796599,17.768356240249858,5.155782297105026,60.0132080580648,54.85742576095977,-0.6569272950445367,2.8047784891112,2.8806832252011745,-7.525534642627065,4.6578565466138455,12.183391189240911,-0.12956651940571434,3.777133901568614,3.779355499728737,-9.689173546711622,5.8536018100097165,15.54277535672134,-0.37069736501110356,1.7285254733493232,1.7678282859043968,-4.588107649660369,3.81296096927499,8.401068618935359,4.191333378168549,2.8530343844368904,5.070215053203262,0.21344762038538062,10.591464126329981,10.3780165059446,0.49999999937503503,0.5888416982555195,1,1,4.599780166052861,10.644334589456806,Freestyle_1527873200322.csv,0,train,78.0000000975,79.966666766625,78.9833334320625,1.0,1
-9.179975781350784,8.439490010563226,12.469841497973556,-28.731721829881103,1.5614705839690244,30.29319241385013,0.257268040651345,8.282950126819676,8.286944530291166,-28.814926621297413,17.634353529297965,46.44928015059538,4.766421202928791,9.822282711449482,10.91769246440696,-15.372905564766054,54.3626236049927,69.73552916975875,16.009589476209644,9.330565373186774,18.530148552563595,7.544494209239018,60.0132080580648,52.46871384882578,-0.4930441900159062,2.812336370675119,2.8552282632270476,-6.959113217263501,4.385920478129452,11.345033695392953,-0.6903041004537361,4.110031870553176,4.167599036383669,-9.689173546711622,6.44103779240759,16.130211339119214,-0.457249404585542,2.089124595786197,2.1385786388890806,-4.588107649660369,5.728257395897545,10.316365045557914,4.571316617373984,3.0327863659726795,5.485866272331955,0.21344762038538062,10.591464126329981,10.3780165059446,0.49999999937503503,0.6908456663442317,1,1,13.848848059277234,2.69904716773605,Freestyle_1527873200322.csv,0,train,79.00000009875,80.966666767875,79.9833334333125,1.0,1
-8.678034395090428,8.695028285792104,12.284616308745555,-28.731721829881103,0.979277096862098,29.7109989267432,1.0856413882893183,7.854501603964792,7.929174778667213,-28.814926621297413,15.922719684394949,44.737646305692365,5.481348760464501,10.35377239441983,11.715194707272085,-14.848525086748754,61.55214871222683,76.40067379897559,15.805213155842079,10.061045405495486,18.73577854141763,7.547176667574083,66.81401862033627,59.266841952762185,-0.5240316829380796,2.566425278105849,2.6193792991515377,-6.517243570499453,4.2138224961183885,10.731066066617842,-0.12529104432230623,3.4713513868038475,3.4736117077837547,-7.407810266869644,6.44103779240759,13.848848059277234,-0.4415370885654657,2.2024367500074735,2.2462596996701767,-4.7680325044243475,5.728257395897545,10.496289900321893,4.096124182314664,2.682270592370454,4.8962035137071585,0.17123472330718695,8.71997751619062,8.548742792883433,0.49999999937503503,0.6019235089948455,2,1,4.042681621360801,8.840206827494256,Freestyle_1527873200322.csv,0,train,80.0000001,81.966666769125,80.9833334345625,1.0,1
-9.061307487177903,7.701382813454511,11.891954869429956,-33.483869228626304,0.1531849671396388,33.63705419576594,1.1556178246106075,7.9455987975951485,8.029196274154918,-29.906661588717252,17.708241326596024,47.61490291531328,4.738273701831393,10.43486321449757,11.460262125219543,-14.848525086748754,61.55214871222683,76.40067379897559,15.76706112900795,9.414030739185538,18.363664977454896,7.547176667574083,66.81401862033627,59.266841952762185,-0.37358555067778476,3.0647547087933122,3.087440297195398,-8.59429480327447,6.564622596663298,15.158917399937769,-0.37355468400132336,3.8492350481134086,3.867318652188356,-9.215608702032974,6.137700134248857,15.35330883628183,-0.6792996538396375,2.2161262633602408,2.3179006956428645,-4.814445836959372,5.592857563715796,10.407303400675168,4.546503931197182,3.0315683704611067,5.464531524400939,0.17123472330718695,10.079650941742358,9.908416218435171,0.49999999937503503,0.5818387672164119,2,1,7.675358916755174,4.407151079022368,Freestyle_1527873200322.csv,0,train,81.00000010125,82.966666770375,81.9833334358125,1.0,1
-8.970278909114354,7.853757825654972,11.922559108318087,-33.483869228626304,4.2112631733442365,37.69513240197054,1.1927180544009321,8.649844966170619,8.731689086086444,-29.906661588717252,20.916500995127127,50.82316258384438,4.79272442760968,9.069694916519582,10.258146680455864,-12.45433382520958,46.179387230968274,58.633721056177855,16.052214428024353,8.120701648373375,17.989424207160365,3.493579375372809,51.67270003463577,48.179120659262956,-0.5613089215788457,3.262417554428058,3.3103528520211194,-8.59429480327447,6.564622596663298,15.158917399937769,-0.07335056071627301,3.8474103046570525,3.8481094523335306,-9.215608702032974,6.137700134248857,15.35330883628183,-0.6961783041204007,2.155220567956696,2.2648708412780496,-4.919484756987947,5.592857563715796,10.512342320703743,4.787236969173975,2.8246034218397003,5.558419045888368,0.8110904728339924,10.079650941742358,9.268560468908365,0.49999999937503503,0.5502120272359851,2,2,3.9336883706508443,7.950506200055152,Freestyle_1527873200322.csv,0,train,82.0000001025,83.966666771625,82.9833334370625,1.0,1
-8.873143505729368,7.897473775810232,11.878668600178962,-25.92142938659544,4.2112631733442365,30.132692559939677,0.8301088161459512,8.241380485183697,8.283081126501774,-26.215017012479173,20.916500995127127,47.1315180076063,4.818455075940716,8.780989371799269,10.016151140358785,-12.45433382520958,46.179387230968274,58.633721056177855,15.672777734313987,8.024931303032435,17.607824520013768,3.493579375372809,51.67270003463577,48.179120659262956,-0.5988712440188159,2.728263743190487,2.793218541274637,-6.373845519582211,4.912187999409994,11.286033518992205,0.15267272665134382,3.638878202532455,3.642079561779092,-8.983140226444956,6.57735726740821,15.560497493853166,-0.4278452647417551,1.7274554457830187,1.7796499340396557,-4.919484756987947,3.29237086670036,8.211855623688306,4.262879089707027,2.4620782091386415,4.922800751744554,0.8110904728339924,9.750223793799462,8.93913332096547,0.49999999937503503,0.5831708589900472,3,1,6.715634341576016,3.2134942557545947,Freestyle_1527873200322.csv,0,train,83.00000010375,84.966666772875,83.9833334383125,1.0,1
-8.85588459541329,7.892597394578367,11.862537064228025,-25.92142938659544,5.525265388403448,31.44669477499889,0.812557295390522,7.42291372862589,7.4672550231604555,-26.215017012479173,14.337541552880491,40.55255856535966,4.433418408902975,7.410880135016366,8.63575955918065,-11.67889156209946,24.15026437276371,35.829155934863174,14.93999208917804,6.917561905785617,16.46377922425707,5.11622493322571,32.0500852846425,26.93386035141679,-0.538537057934353,2.480482510335389,2.5382702076115424,-6.373845519582211,3.907120312393383,10.280965831975594,-0.08184694698986034,3.757755462990847,3.7586467035848306,-8.983140226444956,6.57735726740821,15.560497493853166,-0.4516625035755021,1.693790358703854,1.7529759828286924,-5.090312832313693,3.29237086670036,8.382683699014052,4.007091090322365,2.754339572284216,4.862423828255993,0.22326807430300866,9.750223793799462,9.526955719496453,0.49999999937503503,0.593946558940113,2,2,3.9062002048858635,6.472651829602878,Freestyle_1527873200322.csv,0,train,84.000000105,85.966666774125,84.9833334395625,1.0,1
-9.028843025238077,7.928811617369333,12.016075067929675,-25.22901895602047,5.525265388403448,30.75428434442392,1.154344911086968,8.161244621995255,8.242476930741075,-27.583410395515667,18.67041393006244,46.25382432557811,4.551457580168741,8.116731570838999,9.305756148595878,-11.67889156209946,24.353886479337753,36.03277804143721,15.42161398155529,7.816355013236565,17.289348845143067,6.328631042412761,38.68931784300342,32.36068680059066,-0.5370354239807316,2.4557691924050142,2.5138037658050676,-6.4380487497872725,4.280968608407852,10.719017358195124,-0.3169510038694875,3.8267563967657154,3.839859692624354,-8.88337718601177,7.121039474456026,16.004416660467797,-0.5640605661924203,2.168237212215428,2.2404055281955193,-5.090312832313693,4.881873203902192,9.972186036215884,4.275258292264039,2.7937994375426376,5.107166412286365,0.22326807430300866,9.673416146650125,9.450148072347115,0.49999999937503503,0.6455421188948041,1,1,14.797411182502817,5.951051446008071,Freestyle_1527873200322.csv,0,train,85.00000010625,86.966666775375,85.9833334408125,1.0,1
-8.826151687762252,7.9696893904915616,11.891883896015056,-25.22901895602047,0.1727274941639298,25.4017464501844,1.0185415524914894,8.699606281165593,8.759028276095906,-27.583410395515667,18.725769090773085,46.309179486288755,4.912367809829155,7.912011005941147,9.312962775464076,-13.042948100453414,24.353886479337753,37.39683457979117,15.474235289191087,8.08806508441188,17.460491247239563,6.328631042412761,38.68931784300342,32.36068680059066,-0.5751203358252696,2.358832471736752,2.4279320481429223,-6.4380487497872725,4.280968608407852,10.719017358195124,-0.19015146938419367,3.5716683663979123,3.576726506295456,-7.676371708046791,7.121039474456026,14.797411182502817,-0.4200023293218733,2.057895423377119,2.1003179593081356,-4.558641554147424,4.881873203902192,9.440514758049616,4.016211993092708,2.6399248640759794,4.806158763651933,0.2063295014400906,8.355838941875387,8.149509440435295,0.49999999937503503,0.6091068065999934,2,2,3.8093807411185527,7.600881853398561,Freestyle_1527873200322.csv,0,train,86.0000001075,87.966666776625,86.9833334420625,1.0,1
-8.795565644999373,7.676168009738968,11.674139382808185,-29.07965377357089,0.1727274941639298,29.25238126773482,0.8992789136603975,8.53279229048153,8.580049349336823,-30.456143240704307,18.725769090773085,49.18191233147739,4.597369786671982,7.369341417014082,8.685793105751687,-13.042948100453414,19.6033241840462,32.64627228449962,15.396867000773124,6.948544135480142,16.89218100312129,7.081727663740402,34.38024184042494,27.298514176684535,-0.49387996422958197,2.5185630512656365,2.566530198978357,-8.073600051513804,4.887126414511256,12.96072646602506,-0.2865205954688895,3.913019689027023,3.9234955254646318,-10.34420382364648,6.39202966611922,16.7362334897657,-0.3433116434498668,1.9655849888561392,1.9953413825570891,-4.558641554147424,4.720965426596677,9.2796069807441,4.142598396228941,2.966674933509756,5.095319581101239,0.2063295014400906,10.909446234422974,10.703116732982883,0.49999999937503503,0.5798190759184876,2,2,7.7118000022246544,3.90106137341649,Freestyle_1527873200322.csv,0,train,87.00000010875,88.966666777875,87.9833334433125,1.0,1
-8.872896166666994,7.479515416447487,11.60480233564232,-29.07965377357089,1.4074162475306171,30.487070021101506,1.2939194322121486,8.852056791179553,8.946124128991519,-30.456143240704307,23.040415546896472,53.496558787600776,4.761141915561996,10.65923271052447,11.674232922005462,-14.201893907770824,64.86644552724442,79.06833943501525,16.16104112139114,9.476974114694753,18.7347881892988,4.933451420445191,72.20820274307157,67.27475132262637,-0.5694735176210252,2.888136053597669,2.9437442061704995,-8.073600051513804,4.887126414511256,12.96072646602506,-0.16066153534759542,4.006542097734886,4.009762051526511,-10.34420382364648,6.39202966611922,16.7362334897657,-0.2963383696831309,2.0881876840168223,2.109109820048732,-4.937692011319223,4.720965426596677,9.658657437915899,4.634788757196943,2.776850566813293,5.402977502660036,0.968547477423628,10.909446234422974,9.940898756999346,0.49999999937503503,0.5841354000933696,1,2,4.475287345705958,8.697743293181311,Freestyle_1527873200322.csv,0,train,88.00000011,89.966666779125,88.9833334445625,1.0,1
-8.562224138497358,7.836007617896237,11.606666084005116,-27.304456859216565,1.4074162475306171,28.71187310674718,1.2393682595910602,8.780254673943398,8.867294165763683,-29.457154490488225,23.040415546896472,52.4975700373847,4.900880208587693,10.590590162303661,11.669585545545722,-14.201893907770824,64.86644552724442,79.06833943501525,15.935455109713734,9.776712159969188,18.69552968526409,4.933451420445191,72.20820274307157,67.27475132262637,-0.7038949649142251,2.7222488049360476,2.8117799838549495,-7.557952893735613,4.323501720371915,11.881454614107529,0.19211699681684763,3.3917515605939204,3.397188188672688,-8.67408311668641,6.271652513085606,14.945735629772015,-0.18286175786128275,2.061450066732784,2.069544587613594,-4.937692011319223,5.589257541447796,10.526949552767018,4.201123995008348,2.4658804199616777,4.871345714172345,0.968547477423628,9.39313298374434,8.424585506320712,0.49999999937503503,0.5901780241567588,1,1,14.52789033353689,5.519471269120236,Freestyle_1527873200322.csv,0,train,89.00000011125,90.966666780375,89.98333344581249,1.0,1
-8.492721265537055,7.795421919275227,11.528005785634479,-27.304456859216565,5.459637277524512,32.76409413674108,0.9210710797803954,8.10152426319469,8.153714939899489,-29.457154490488225,14.623676138034998,44.08083062852322,4.795603206029238,11.68607629995203,12.631792802210557,-12.998134099376712,75.76035472044255,88.75848881981926,15.936821897702348,10.244895407648409,18.94571651093567,5.779933643861602,76.89509390361074,71.11516025974915,-0.5814910505480327,2.3794337788309172,2.4494564600557878,-7.557952893735613,3.4857301159436127,11.043683009679226,-0.22800994474266648,3.796812015553904,3.8036521944515447,-9.662540338443716,6.271652513085606,15.934192851529321,-0.31899793152537853,2.0384173235872565,2.063226809010126,-4.732881576536004,5.589257541447796,10.322139117983799,4.001653667666176,2.951487719021889,4.972374868358498,0.2233085024298877,10.409193871426169,10.185885368996281,0.49999999937503503,0.5782783504947667,2,2,3.733083874295408,8.46801074595771,Freestyle_1527873200322.csv,0,train,90.0000001125,91.966666781625,90.9833334470625,1.0,1
-8.454068545091832,8.071295440065382,11.688331148882263,-29.20920498262518,5.459637277524512,34.668842260149695,1.556589622617017,8.210694938864712,8.356942181942959,-27.211201921077517,14.646447667895718,41.85764958897323,4.683379054912249,12.018280094998008,12.898569525874416,-13.254501648125112,75.76035472044255,89.01485636856766,16.235360571803202,10.45187689343991,19.308771672275924,6.649178895402649,76.89509390361074,70.2459150082081,-0.6398354465466544,2.1215814302008207,2.215964161179173,-6.882104624597758,3.5712519711022472,10.453356595700006,0.0016625366810140078,3.596378489424737,3.5963788737041,-9.662540338443716,7.920341662825207,17.58288200126892,-0.07348512292982991,2.221802937899317,2.2230178492648345,-4.732881576536004,6.000151747105881,10.733033323641884,3.854370401949732,2.816038943193008,4.773494163084912,0.2233085024298877,10.409193871426169,10.185885368996281,0.49999999937503503,0.5597646601175233,2,1,8.629257549819823,2.5659510599136954,Freestyle_1527873200322.csv,0,train,91.00000011375,92.966666782875,91.9833334483125,1.0,1
-8.601921553335737,8.244181790292956,11.914679508956166,-29.20920498262518,1.6815921006032222,30.890797083228403,1.1503590454720158,8.404958928422605,8.483316599182785,-27.211201921077517,16.09434003131621,43.305541952393725,4.343739447105558,9.983965951424594,10.887958876830243,-13.254501648125112,54.57802011922186,67.83252176734698,15.768409017325945,9.155936538059356,18.23386675465894,5.395714878785274,60.418373872684086,55.022658993898816,-0.8142861196200291,2.2343185646289987,2.3780751318769626,-6.882104624597758,5.563714036129365,12.445818660727124,-0.3088639585575693,3.651446311766973,3.664485927468201,-8.028154475694166,7.920341662825207,15.948496138519372,-0.10075591938442371,2.2391938081711196,2.2414594945800115,-4.565183770371197,6.000151747105881,10.565335517477077,4.067274818919448,2.7504753514057816,4.909973432851444,0.22152868362771772,8.582999400365527,8.36147071673781,0.49999999937503503,0.6436081109250426,1,2,6.6605047741297385,7.1659210957242765,Freestyle_1527873200322.csv,0,train,92.000000115,93.966666784125,92.98333344956251,1.0,1
-8.096250360856915,7.48065828796357,11.023135594147147,-26.81608014728942,1.6815921006032222,28.49767224789264,1.5510652469604744,7.918676204472245,8.069153377622929,-30.035512197135787,17.15377746891666,47.189289666052446,5.002486754639131,9.502385154397004,10.738724195771328,-12.540133277676553,54.57802011922186,67.1181533968984,15.065492205547697,8.658631330411488,17.37644819609007,5.254070774777765,60.418373872684086,55.16430309790632,-0.6675749496534528,2.7860382549507587,2.8649023493749097,-8.63081520231777,5.827905228590849,14.458720430908619,0.06979670872231768,3.2422383070267022,3.242989488126633,-8.028154475694166,6.130169301195962,14.158323776890128,-0.36053801752828296,2.0118994364530867,2.043948875212752,-4.565183770371197,5.323700638306372,9.88888440867757,3.9783505880125936,2.6599059936202725,4.785642412052659,0.22152868362771772,9.666765352207154,9.445236668579437,0.49999999937503503,0.547851654118876,1,1,10.558796201690395,3.97178322738201,Freestyle_1527873200322.csv,0,train,93.00000011625,94.966666785375,93.9833334508125,1.0,1
-8.540657838293814,7.553782245770898,11.401862239447258,-26.81608014728942,5.02992203207504,31.84600217936446,1.1130337207712115,8.384135599850952,8.457693173688783,-30.035512197135787,17.15377746891666,47.189289666052446,4.5495090412063375,9.994042040142531,10.980842809919213,-12.082114833262034,60.390839120664474,72.4729539539265,15.633989781768259,8.814324061850417,17.947533121957168,1.779688220499614,63.18407636954367,61.40438814904405,-0.3309407460535624,3.0409558481401806,3.0589106308842133,-8.63081520231777,5.827905228590849,14.458720430908619,-0.17897009288741172,3.7363033432465653,3.7405872489361336,-9.62698152509144,6.130169301195962,15.7571508262874,-0.5233596893273784,1.9201275791533239,1.9901746869654566,-4.321541846410787,5.323700638306372,9.645242484717159,4.505527688822105,2.6476296464074136,5.225870501579435,0.8868182134501933,10.358190792608168,9.471372579157975,0.49999999937503503,0.5983165041507422,2,3,3.7850578359939084,6.005775046629034,Freestyle_1527873200322.csv,0,train,94.0000001175,95.966666786625,94.9833334520625,1.0,1
-8.093509488902264,7.482160076338889,11.022142044762015,-27.754846258497853,5.02992203207504,32.78476829057289,1.6503263783023743,8.217876649998619,8.381949283401395,-28.807122975855652,19.873724730373073,48.680847706228725,4.930081172407287,9.858363273047525,11.022387526751958,-12.082114833262034,60.390839120664474,72.4729539539265,15.380548751567662,8.756508204471194,17.69852298454085,1.779688220499614,63.18407636954367,61.40438814904405,-0.31280707537459784,2.7011105405597613,2.719162815781256,-6.75609893359189,4.943282775109232,11.699381708701122,0.14184587649941563,3.7600787324942764,3.7627532907746755,-9.62698152509144,6.939923757527451,16.56690528261889,-0.37337735294206514,1.8488749022599433,1.8861996320370593,-4.321541846410787,4.6088755522660145,8.930417398676802,4.241037063782871,2.668990899474896,5.010978726542335,0.8868182134501933,10.358190792608168,9.471372579157975,0.49999999937503503,0.5335755097512851,2,3,4.7642055462504524,3.6765241948495393,Freestyle_1527873200322.csv,0,train,95.00000011875,96.966666787875,95.9833334533125,1.0,1
-8.561386654952951,7.376803291563579,11.30108703877772,-27.754846258497853,2.771619841317281,30.526466099815135,1.2852162607969042,8.331592582928486,8.430137353858818,-28.807122975855652,19.873724730373073,48.680847706228725,3.628131508288379,7.4099992965112245,8.25054106199901,-14.086463427980878,22.09566158074546,36.18212500872634,15.10166599942746,6.2283943292331685,16.335642377289215,2.4628039208345007,34.83511135582605,32.37230743499155,-0.821011082048345,2.504724339332125,2.6358496187925717,-6.75609893359189,4.170214829658819,10.926313763250707,-0.10240377349645781,3.8098531191798894,3.811229109165578,-9.44494821677121,6.939923757527451,16.38487197429866,-0.40445909100290833,1.734236465843688,1.7807760318908448,-3.693427311151272,4.6088755522660145,8.302302863417287,4.25183589345718,2.5624647014751387,4.96430597477602,0.43975145202333427,9.88459839328987,9.444846941266537,0.49999999937503503,0.6342822483509746,1,2,5.585596932036132,7.348586411928613,Freestyle_1527873200322.csv,0,train,96.00000012,97.966666789125,96.9833334545625,1.0,1
-7.7141703480183015,7.34626600466401,10.652513711304337,-31.714796557953942,2.771619841317281,34.48641639927122,1.1349107515937555,8.276640398154317,8.354088741116122,-26.457002783116792,15.70977391512009,42.16677669823688,4.542358774537553,7.074883439125866,8.407556060701335,-14.086463427980878,22.09566158074546,36.18212500872634,14.640966473730765,6.292531024388956,15.935929404267762,2.4628039208345007,31.749739626881233,29.286935706046734,-0.3792255202766575,2.9656219729771136,2.989770172075735,-7.074930328962824,5.73730795654589,12.812238285508714,-0.10507309832156272,3.780414770559536,3.781874692987011,-9.44494821677121,6.819842259102021,16.264790475873234,-0.2377530499199673,1.7732428319885758,1.7891105762207966,-3.693427311151272,4.682087526611272,8.375514837762545,4.494019921509567,2.499200567043313,5.142199775313526,0.43975145202333427,9.88459839328987,9.444846941266537,0.49999999937503503,0.560367201621346,1,2,6.499336702393727,5.629979605391792,Freestyle_1527873200322.csv,0,train,97.00000012125,98.966666790375,97.9833334558125,1.0,1
-8.647994606151833,7.432334773497039,11.40295623482632,-31.714796557953942,2.968070085953804,34.682866643907744,1.7718155326687284,8.582909351985856,8.763884026287228,-26.457002783116792,20.992539237773673,47.44954202089046,4.520145652728348,9.711360081583233,10.711780027429956,-13.398420101689574,56.23036740191407,69.62878750360365,15.90156330133462,8.289486718082864,17.932520890148833,4.763101688998643,61.242661919627665,56.47956023062902,-0.5343028691591232,2.813517733696979,2.8638019473802756,-7.074930328962824,5.73730795654589,12.812238285508714,-0.05185422794479434,3.806992863125982,3.8073459943703445,-9.641290646412616,6.819842259102021,16.46113290551464,-0.18037661912744793,1.877317348619789,1.8859629243854936,-4.547228041519712,4.682087526611272,9.229315568130984,4.481195319103533,2.4845502166123024,5.123875610006907,0.7729079201100496,10.410895355864731,9.637987435754681,0.49999999937503503,0.6516939179725232,1,2,5.97136909712407,7.18797201481452,Freestyle_1527873200322.csv,0,train,98.0000001225,99.966666791625,98.9833334570625,1.0,1
-8.279779367504098,8.448810158769025,11.82950292588261,-34.794653835382846,2.968070085953804,37.76272392133665,1.7755654538225918,8.025624610613352,8.219688745402161,-20.26015306125372,20.992539237773673,41.252692299027395,4.2991530500135235,9.673318645980807,10.585641717634344,-13.398420101689574,56.23036740191407,69.62878750360365,15.496730494680385,8.911092923660917,17.87613585534851,3.5325119835419616,61.242661919627665,57.710149936085706,-0.5341755206500025,3.009625156913576,3.056662734419479,-7.167317231395494,7.172303011512725,14.339620242908218,-0.12940277881987308,3.8448619174623717,3.8470388929043504,-9.641290646412616,6.926277473156808,16.567568119569422,-0.33253341409681164,2.065636078812334,2.0922310774821398,-4.547228041519712,6.217748920012685,10.764976961532398,4.627683819946028,2.665495950043691,5.3404425094826715,0.7729079201100496,10.410895355864731,9.637987435754681,0.49999999937503503,0.60896514974077,1,2,7.557683397188901,8.556318771457349,Freestyle_1527873200322.csv,0,train,99.00000012375,100.966666792875,99.9833334583125,1.0,1
-8.894956488373037,8.18117474758643,12.085192227705589,-34.794653835382846,2.3790517227665227,37.173705558149365,2.114356602643976,7.6896380902308685,7.975025880953216,-20.26015306125372,16.174648068912262,36.43480113016598,4.188544068192867,11.49176188054049,12.231291531569232,-12.91156576898365,73.62228495127799,86.53385072026164,16.0223924237477,10.126220545304092,18.95408667049685,3.5325119835419616,76.59556462333668,73.06305263979472,-0.4161502463659303,2.9863746640063673,3.01523044913147,-7.167317231395494,7.172303011512725,14.339620242908218,-0.09912165550146214,3.9384849978530796,3.9397321204497042,-10.18595115600798,6.926277473156808,17.112228629164786,-0.2702162038216021,2.101809291689148,2.119108089607181,-4.414668730040495,6.217748920012685,10.632417650053181,4.674648881892361,2.692838793677369,5.394786644317946,0.39585544573896314,10.601479484325372,10.205624038586409,0.49999999937503503,0.6397123868031779,1,2,7.340558091702199,8.251500935853109,Freestyle_1527873200322.csv,0,train,100.000000125,101.966666794125,100.9833334595625,1.0,1
-7.852787937138359,7.088565211617465,10.578943006984161,-26.57303221937555,1.8288158544030615,28.40184807377861,1.768137606643107,7.963728468730866,8.157651728267155,-26.336179151992717,14.774175519913056,41.110354671905775,4.249662593070088,11.643700799780612,12.394974807144662,-12.91156576898365,73.62228495127799,86.53385072026164,15.411504698597314,9.725340110226636,18.223520991687362,2.9441362033282727,76.59556462333668,73.65142842000841,-0.4846334702264902,2.3920903907074784,2.4406896643733353,-5.76812969557966,4.698300910363726,10.466430605943387,-0.28173319897720533,3.7973596430602106,3.807796456501883,-10.18595115600798,6.596791654361008,16.782742810368987,-0.5180338234727404,1.5278849217235135,1.6133168865079959,-4.414668730040495,2.7720582247769037,7.186726954817399,4.042933696217113,2.591092124223145,4.8019861795114505,0.39585544573896314,10.601479484325372,10.205624038586409,0.49999999937503503,0.6103529767432194,1,2,6.292932697079038,7.511163798042291,Freestyle_1527873200322.csv,0,train,101.00000012625,102.966666795375,101.9833334608125,1.0,1
-8.81236975155558,7.138204562938567,11.340715366346547,-26.57303221937555,3.9661759764333975,30.539208195808946,2.549171998764178,7.458506371005311,7.882106010807655,-26.336179151992717,16.26192360329428,42.598102755287,3.903738802438056,8.636930452149638,9.47817199004799,-12.45272334886022,45.960907123960446,58.413630472820664,15.036378288272141,7.381225672678437,16.750378039287025,2.9441362033282727,50.19762245392751,47.25348625059924,-0.4152482694607475,2.4782760698796458,2.512823790843331,-5.76812969557966,4.698300910363726,10.466430605943387,0.014695825050317128,3.7890840442341496,3.7891125427392267,-9.647410389511275,6.596791654361008,16.244202043872285,-0.2917296592955649,1.9071506124731301,1.9293339920214285,-4.681674647806233,4.351562108885884,9.033236756692116,4.254486165428734,2.5086519061673003,4.939026920167708,0.4788878693170225,9.995005673552836,9.516117804235813,0.49999999937503503,0.6385651403157445,2,2,4.694178371066075,7.526485261577778,Freestyle_1527873200322.csv,0,train,102.0000001275,103.966666796625,102.9833334620625,1.0,1
-8.50310486869424,7.19060966172543,11.135872651719342,-25.64398608115484,3.9661759764333975,29.610162057588237,1.5064136458641642,7.259010984670055,7.41367132721746,-26.19681932076949,16.26192360329428,42.45874292406377,4.6829605757361925,8.683736163729758,9.865971493733776,-12.45272334886022,45.960907123960446,58.413630472820664,14.933176556671526,7.30122001488522,16.622502091396605,6.594364222160287,50.19762245392751,43.60325823176722,-0.4134214789901372,2.4619240175812873,2.496394838088314,-7.750616076877457,3.719585155499587,11.470201232377043,-0.25416728078752787,3.592349127518338,3.6013293740790626,-9.647410389511275,5.935729612971222,15.583140002482498,-0.42772073540007205,1.9562003147492508,2.0024147170144966,-4.681674647806233,4.351562108885884,9.033236756692116,3.8956944388184533,2.8345705118260653,4.817802937766852,0.30445770563332497,9.995005673552836,9.69054796791951,0.49999999937503503,0.5596271826774347,2,1,3.984750347952435,13.945444959560714,Freestyle_1527873200322.csv,0,train,103.00000012875,104.966666797875,103.9833334633125,1.0,1
-8.749021066067819,7.332536725827643,11.415404699357337,-25.64398608115484,2.65118569796271,28.29517177911755,1.5833038356935922,7.650927338711562,7.813036552990522,-26.19681932076949,20.992552047535987,47.18937136830547,3.735329175364006,6.934991368761095,7.876978439294882,-12.801106036199714,20.06040840563763,32.86151444183734,14.659405592973059,6.205128654774393,15.918598994936458,6.594364222160287,34.722721888286934,28.128357666126647,-0.4707731840855984,2.4567801930537074,2.501478824182828,-7.750616076877457,3.719585155499587,11.470201232377043,-0.22944057096207965,3.7923731954797253,3.799307493398831,-9.502429718697602,5.935729612971222,15.438159331668825,-0.43291678194493655,1.9798136434750673,2.0265929544384536,-4.3454823396511255,4.828695231011442,9.174177570662568,4.083607342672818,2.8501515417745473,4.979880795783289,0.30445770563332497,9.981958003138885,9.67750029750556,0.49999999937503503,0.5921354557542122,1,2,6.329919471129841,7.7573493605388055,Freestyle_1527873200322.csv,0,train,104.00000013,105.966666799125,104.98333346456249,1.0,1
-8.023099782151467,7.468636680454053,10.961325831257033,-25.140959714351848,2.65118569796271,27.792145412314557,3.0011089247737237,6.026904941603945,6.73277342211117,-8.760998734776594,20.992552047535987,29.75355078231258,4.099003082618967,6.981903287488364,8.096221327703475,-12.801106036199714,20.06040840563763,32.86151444183734,14.014251008989419,5.884765957679956,15.199661237002287,3.738781061815822,34.722721888286934,30.983940826471112,-0.2748527667223905,2.1613315947791167,2.178737778156287,-5.726871951402652,4.80268956958026,10.529561520982913,-0.1961021614183282,3.8838318262577665,3.8887794630662293,-9.502429718697602,6.296408331506438,15.79883805020404,-0.10802411366706144,1.7533855600809969,1.7567100305497503,-4.336805516376144,4.828695231011442,9.165500747387586,4.072306287185987,2.52425348432178,4.791193395153776,0.7605760336149858,9.981958003138885,9.2213819695239,0.49999999937503503,0.5811037374969644,1,1,5.380487719411346,14.833506167571052,Freestyle_1527873200322.csv,0,train,105.00000013125,106.966666800375,105.9833334658125,1.0,1
-8.627519820320598,6.904919116998875,11.050430139244412,-25.140959714351848,1.9882322087536912,27.129191923105537,1.056584183542997,7.265004448772058,7.341434449587561,-27.538267109396383,13.566518000194735,41.10478510959112,3.166746999035658,6.1713607931825045,6.936424193742157,-11.809048783720872,13.960714580829205,25.769763364550077,13.732367828812793,5.961939319519383,14.970726322909114,3.738781061815822,31.21262718952455,27.47384612770873,-0.5844548470765358,2.4166390821877637,2.4863088950950103,-6.4274391406893825,4.80268956958026,11.230128710269643,-0.0962646427460565,3.740954050466705,3.7421924174401124,-8.733881984738138,6.296408331506438,15.030290316244576,-0.32438260672696223,1.6800926764068869,1.7111211169473175,-4.268904398012459,3.576767739351786,7.845672137364245,4.159862927230594,2.410230676613837,4.807667988519785,1.050078514194331,9.21305971314027,8.162981198945939,0.49999999937503503,0.7057324483195699,1,2,7.049806477995625,5.224338312928449,Freestyle_1527873200322.csv,0,train,106.0000001325,107.966666801625,106.9833334670625,1.0,1
-7.263261750896656,6.27232694712404,9.596721137641582,-20.62377082100063,2.025015253569861,22.64878607457049,1.2041159463826892,7.847087322088722,7.938934100546409,-27.538267109396383,20.70024565268262,48.238512762079004,4.805233327750015,9.589385935778816,10.725977342854685,-11.809048783720872,56.37478970874932,68.18383849247019,14.182404322238103,8.308413136482164,16.43685861732428,2.45907144620666,62.7346751912649,60.27560374505824,-0.6358743729887962,2.5942583396682557,2.671050832755189,-6.4274391406893825,6.118509729749779,12.545948870439162,-0.5423816900702838,3.3460422870184763,3.389716342740102,-8.733881984738138,3.709651196985639,12.443533181723778,-0.2848655012130793,1.6756310016268983,1.699672794214975,-4.268904398012459,3.576767739351786,7.845672137364245,3.9264569162691525,2.4691118094323308,4.638273066864008,0.43102835025604386,9.21305971314027,8.782031362884226,0.49999999937503503,0.5887200273249129,1,2,2.6730204982969115,6.667380842384972,Freestyle_1527873200322.csv,0,train,107.00000013375,108.966666802875,107.98333346831251,1.0,1
-8.018985498471446,7.509880005892815,10.98646558851408,-25.913253425564353,2.025015253569861,27.938268679134215,2.1364022052269473,8.021613391616286,8.301234594146603,-19.645548756116305,20.70024565268262,40.34579440879892,5.274799251791384,9.044430700388435,10.470206962654933,-8.755807975759739,56.37478970874932,65.13059768450906,15.029079417194424,8.56533289645832,17.298501546535416,2.45907144620666,62.7346751912649,60.27560374505824,-0.1905510921161259,2.734838388888454,2.7414687180496227,-5.8111563144437275,6.118509729749779,11.929666044193507,0.5674588224827033,3.082228541541664,3.1340297218609,-8.704436410068093,6.119278978565858,14.82371538863395,-0.06457057934422362,1.3876115717064548,1.389113110459514,-3.394949073019217,4.0124554192438,7.407404492263017,3.794094519425495,2.207323048597118,4.389467879276787,0.43102835025604386,8.970609911948058,8.539581561692014,0.49999999937503503,0.5597076329988012,1,2,6.761187358660107,2.5056416186400625,Freestyle_1527873200322.csv,0,train,108.000000135,109.966666804125,108.9833334695625,1.0,1
-8.61754828689175,7.3755444158599515,11.342874146671727,-25.913253425564353,4.616624620220865,30.529878045785217,1.9286370446941135,7.76069647064481,7.996752500837153,-19.645548756116305,20.267823326882937,39.913372082999246,3.552293110869224,8.001375742358881,8.754473148964365,-11.921380241058724,36.02739591949163,47.94877616055035,14.942140287988378,6.781009378911949,16.4088282513657,3.6677225662157222,45.442499318774864,41.77477675255914,-0.3286314132933796,2.8141596740580064,2.8332831268508043,-5.8111563144437275,4.945215103405874,10.756371417849602,-0.17789054259804435,3.741893470923349,3.7461195646808463,-9.077433188071211,6.119278978565858,15.19671216663707,-0.39942498272972293,1.6517734453773871,1.699381014276235,-3.8314788591503985,4.0124554192438,7.843934278394198,4.3745060789517405,2.4109121648618554,4.994877466111117,0.8047695668454814,9.48170544022811,8.676935873382629,0.49999999937503503,0.6666105727838448,1,2,3.0358647386396114,7.119407071740177,Freestyle_1527873200322.csv,0,train,109.00000013625,110.966666805375,109.9833334708125,1.0,1
-8.018114603142713,7.348434619394081,10.876104686175095,-25.366525864800572,4.616624620220865,29.983150485021437,2.4566752273178447,7.296055473594823,7.69855042500146,-26.546403903884425,20.267823326882937,46.81422723076736,4.111783207295163,7.8594164420023604,8.87001623181218,-11.921380241058724,36.02739591949163,47.94877616055035,14.385974698321979,7.019846987134506,16.007327064302196,3.6677225662157222,45.442499318774864,41.77477675255914,-0.693772933599915,2.6793179665412796,2.7676823606090943,-6.643816224510999,4.945215103405874,11.589031327916874,0.5482959208064407,2.9943732334608857,3.044158254434218,-9.077433188071211,5.684797982826136,14.762231170897348,-0.26880061380961784,1.7348124519690018,1.7555136039037484,-3.8314788591503985,4.612055866885269,8.443534726035669,3.9082409367714397,2.175878195327518,4.473118949989798,0.8047695668454814,9.48170544022811,8.676935873382629,0.49999999937503503,0.5603039781911424,1,0,8.454660526166727,0.0,Freestyle_1527873200322.csv,0,train,110.0000001375,111.966666806625,110.9833334720625,1.0,1
-8.522426353433774,7.364863057766964,11.263789717913019,-25.366525864800572,5.299616982826555,30.66614284762713,1.114354714638704,7.290689478641938,7.375360296556214,-26.546403903884425,14.170976123181555,40.71738002706598,2.9073620610567463,6.81068383241744,7.405279766438567,-11.161569392216936,19.657238699829268,30.818808092046204,14.154950786359494,5.978664982113148,15.365775825925788,3.1539435585416467,30.67540807316622,27.521464514624576,-0.8670937270522393,2.6691160741936053,2.8064269363395207,-6.772251688857665,5.342110769537176,12.11436245839484,-0.27214127822519774,3.697803648138381,3.707804295738863,-9.119758224705112,5.684797982826136,14.804556207531249,-0.4153410530106586,1.7335844833936151,1.782645043574045,-4.158238211971692,4.612055866885269,8.77029407885696,4.322866549464016,2.472750086728493,4.980127327276954,0.9650479323184766,9.50579862303761,8.540750690719133,0.49999999937503503,0.6800223932965692,1,2,4.421390819951617,7.174505824650098,Freestyle_1527873200322.csv,0,train,111.00000013875,112.966666807875,111.9833334733125,1.0,1
-7.478962663517546,6.934473509947832,10.199108067986028,-23.77716782374824,5.299616982826555,29.076784806574793,1.3919111235838288,7.212654933977957,7.3457339846058245,-18.8854509447883,14.170976123181555,33.05642706796986,4.531801685859795,6.372998958532045,7.819996307250548,-11.161569392216936,19.657238699829268,30.818808092046204,13.771900212444386,5.428509918839341,14.803173828624146,3.1539435585416467,26.090496907589195,22.93655334904755,-0.4264670733356392,2.843637954420079,2.8754392673916582,-7.461764830480349,5.63185088846537,13.093615718945719,0.018918109607792846,3.678493406741587,3.6785420533565274,-9.119758224705112,5.769396119260185,14.889154343965298,-0.22377397983395977,1.9435703473525752,1.9564101024986913,-4.158238211971692,5.0457935439472115,9.204031755918903,4.431684860151264,2.446943482844535,5.06234758861235,0.9650479323184766,9.50579862303761,8.540750690719133,0.49999999937503503,0.5135063025692066,1,2,5.9106676296959515,3.666307856185689,Freestyle_1527873200322.csv,0,train,112.00000014,113.966666809125,112.9833334745625,1.0,1
-9.097701094507823,6.877311436552235,11.404629665199172,-23.77716782374824,3.6932066314927874,27.47037445524103,2.000515438594604,7.193261766944422,7.466262576941675,-18.8854509447883,13.360333550186564,32.24578449497486,4.088409425103417,8.532796605477941,9.461696969240261,-9.470885902891109,46.54381924612694,56.01470514901804,15.388957723357429,6.2059926196079935,16.593202349333026,5.88063271459282,47.61035337763557,41.72972066304275,-0.816389736751281,2.578248325178134,2.7044142856738276,-7.461764830480349,5.63185088846537,13.093615718945719,-0.19066475936238367,3.7509095563914165,3.7557523281882106,-9.431244403623094,5.769396119260185,15.20064052288328,-0.26440067695213004,1.893658932302946,1.9120282084382223,-3.7933771912651513,5.0457935439472115,8.839170735212363,4.3729787653215455,2.439762440722085,5.007532730707941,0.8897393129066482,9.997967361324507,9.108228048417859,0.49999999937503503,0.7029139857070397,2,2,4.070630064345829,7.778273626913345,Freestyle_1527873200322.csv,0,train,113.00000014125,114.966666810375,113.9833334758125,1.0,1
-8.476373371656129,6.302674221306307,10.562793563998122,-21.873576322080428,3.0924919483000015,24.96606827038043,-1.2408504058652987,7.681893887628137,7.781465378096508,-24.67236058422089,13.360333550186564,38.03269413440745,3.4032402581142858,8.984489089376678,9.60744963304926,-11.022927466831716,46.54381924612694,57.566746712958654,14.705706963312702,6.940394979171537,16.26120843472997,4.228874193931195,47.61035337763557,43.38147918370437,-1.2843827165752397,2.6097505327551684,2.9086830019534746,-6.350357917450774,4.307503165326811,10.657861082777586,-0.3241082402157428,3.6923294169853653,3.7065270368515097,-9.431244403623094,5.753042300630322,15.184286704253417,-0.705448140596941,2.0270698472812123,2.1463152715359315,-5.650653330117291,4.56930250202178,10.219955832139071,4.533742717365043,2.500125136534589,5.17739787205819,0.8897393129066482,9.997967361324507,9.108228048417859,0.49999999937503503,0.6969413406307006,2,1,4.47986708646437,9.722983599016484,Freestyle_1527873200322.csv,0,train,114.0000001425,115.966666811625,114.9833334770625,1.0,1
-7.440032450067008,7.049919450333452,10.249655951018065,-24.689120046973137,4.960800349191002,29.64992039616414,-0.23110630885922398,8.337526564407368,8.340728945253709,-24.67236058422089,21.98371987501067,46.65608045923156,2.8314421148309776,6.548601104996255,7.1345105565831695,-11.865523557688189,14.68312213992806,26.548645697616248,13.297137451475946,6.9792967361321905,15.017471402817112,4.09121119553434,33.46997781752522,29.378766621990877,-2.4264148079819194,2.8178087546414736,3.7185393635308035,-6.8902941895670455,4.307503165326811,11.197797354893858,1.2483217034355507,2.194634781584978,2.524822548182501,-3.0179549926594853,6.315930157351926,9.333885150011412,-0.213461810251412,2.4387929884805253,2.448117069320334,-5.650653330117291,4.56930250202178,10.219955832139071,4.87970790675586,1.5440180788387066,5.118157977538054,1.0088990833951013,8.036138819010732,7.027239735615631,1.499999998125105,0.4406181761987436,2,3,6.493230845268949,3.7693396204102467,Freestyle_1527873200322.csv,0,train,115.00000014375,116.966666812875,115.9833334783125,1.0,1
-3.5545805526175287,6.363717348846995,7.289166029187632,-24.689120046973137,5.032894380192135,29.722014427165274,5.718927921115119,6.314923756687743,8.51964779904013,-5.649406450895165,21.98371987501067,27.633126325905835,0.43442025479127033,6.364274835844334,6.379084193200019,-11.865523557688189,14.68312213992806,26.548645697616248,11.73919955188686,5.347920067247259,12.899963378424244,4.09121119553434,31.438851923654823,27.34764072812048,-1.0754526928048487,4.317169034792302,4.449106311320365,-6.8902941895670455,9.108765769054036,15.999059958621082,0.08088383980459361,1.8205151637638903,1.8223110758143903,-3.0179549926594853,6.315930157351926,9.333885150011412,0.1133702201412656,1.7841268040750886,1.7877251633945497,-4.464399292529774,3.598373859439398,8.062773151969171,4.722341025788117,2.0027034534496106,5.129456685293343,1.571521322002241,9.203057899401086,7.631536577398846,1.499999998125105,0.48106522525331763,2,3,5.426124942895529,2.617463930262571,Freestyle_1527873200322.csv,0,train,116.000000145,117.966666814125,116.9833334795625,0.85,0
-0.8811477554049233,2.8094101743989115,2.9443516934753657,-12.589491218266902,5.032894380192135,17.622385598459037,4.704425908175275,5.6306859930379165,7.337318848033261,-5.508322370635494,15.0880649129428,20.596387283578295,3.564945168191189,6.15464779612573,7.112560969620227,-10.07604304419395,10.888771354298107,20.96481439849206,10.425290900676723,2.099354175790153,10.634565262348076,4.610285343420531,15.964042246045716,11.353756902625186,-0.18738945034964738,3.618991809369135,3.623840024391699,-4.386286160796107,9.108765769054036,13.495051929850144,-0.17706275302192173,0.8541829934627441,0.8723415643133581,-1.8722971700691189,2.075160066477788,3.947457236546907,0.13020818031881704,0.8208923122934538,0.8311548343145403,-2.481514130187796,2.1160765646906112,4.5975906948784075,3.0526728033460917,2.2946031119841725,3.818902288068698,0.7254729376546305,9.203057899401086,8.477584961746455,0.9999999987500701,0.5571746033355008,2,2,1.5726601250939247,1.3581386323186293,Freestyle_1527873200322.csv,0,train,117.00000014625,118.966666815375,117.9833334808125,0.35,0
-0.5230384652112697,2.1335092505276503,2.1966863586269243,-8.909476387682162,2.7633882227531115,11.672864610435273,0.16595737132118019,4.775936380728811,4.7788189086703055,-8.146135956642174,8.804592766678578,16.95072872332075,7.920670302011458,2.016524277010856,8.173333970476211,2.6437212295451067,10.888771354298107,8.245050124753,9.573759798970874,1.676022859209288,9.719358482584276,4.465443332728744,12.355400717403787,7.889957384675044,-0.37031248334528094,1.8398741619438341,1.8767707017933424,-3.0470543574582827,4.608075344021544,7.655129701479827,0.22245857782020137,0.885225581425175,0.912749773407436,-0.7163543842872531,3.9583914073744344,4.674745791661687,0.19171413254055525,0.3848454418254703,0.4299538611404938,-0.4485527370048349,1.0299930121676248,1.4785457491724596,1.897535871963174,0.9693288158761071,2.1307840666465525,0.4456333810645536,4.915887558180605,4.470254177116052,0.49999999937503503,0.7620137610839799,2,3,0.5748401050889747,0.6813522695410249,Freestyle_1527873200322.csv,0,train,118.0000001475,119.966666816625,118.9833334820625,0.35,0
-7.419132512948717,7.771813558308891,10.744515495349551,-23.46413912915326,2.143194666066045,25.607333795219304,-0.4157591848814877,7.129756159919535,7.141868004921673,-25.57041146054292,10.725781093453168,36.29619255399609,4.116346460910259,4.7189118583265515,6.261983496696822,-6.197114721113864,10.93373322374504,17.130847944858903,13.219463168114553,5.559597349565582,14.340966813378865,4.465443332728744,28.3590817571826,23.893638424453858,0.07390768327463114,2.2604440456349035,2.26165196904681,-6.4041772489970645,4.608075344021544,11.012252593018609,0.13342370349235055,3.640060856107138,3.6425053082757546,-10.153582942347692,6.507598487482298,16.661181429829988,-0.07776011753300227,1.6650617327301376,1.6668764830307718,-4.192297004129092,4.359900306153214,8.552197310282306,3.8638251190166755,2.4964469169696293,4.600151275729027,0.4456333810645536,10.731356462441264,10.28572308137671,0.49999999937503503,0.5898007387271095,1,2,7.0496407032534405,2.820151819163015,Freestyle_1527873200322.csv,0,train,119.00000014875,120.966666817875,119.98333348331249,0.85,0
-8.429077116351133,7.140995465428519,11.047314482292292,-23.46413912915326,1.184414592617717,24.648553721770977,1.6312700885936116,7.6327086634770165,7.805080630170154,-25.57041146054292,19.23359575259533,44.80400721313825,4.842114100169528,9.07683880707608,10.287617396107946,-10.57746584193789,53.76315557523867,64.34062141717656,15.125419913389957,7.747204982860055,16.994043444772792,3.623845388590658,59.10364212116024,55.47979673256958,-0.48073723978849153,2.6130587597964414,2.656912564588525,-6.4041772489970645,5.276373220195162,11.680550469192227,-0.22549453821826357,3.732251200949989,3.739056941764715,-10.153582942347692,6.507598487482298,16.661181429829988,-0.4027923009150362,1.9477849398831175,1.9889966841882643,-4.61661944436795,4.359900306153214,8.976519750521163,4.419468089089065,2.3375501724802907,4.999583882618551,0.9800715715415403,10.731356462441264,9.751284890899724,0.49999999937503503,0.6397120440290476,0,2,0.0,7.649484117360554,Freestyle_1527873200322.csv,0,train,120.00000015,121.966666819125,120.98333348456251,1.0,1
-7.950649174834987,7.257718691813505,10.76509651191309,-26.08244184015855,1.184414592617717,27.266856432776265,2.325600227726828,7.598750473435329,7.94666125972013,-23.51177026153205,19.23359575259533,42.745366014127384,4.614597735806181,9.19538685278931,10.288325988019528,-10.57746584193789,53.76315557523867,64.34062141717656,14.714087430385344,8.2693416191541,16.87857753850419,2.898906158785472,59.10364212116024,56.20473596237477,-0.6176018689940808,2.7912816430979013,2.8587908772207005,-6.275266582454197,5.276373220195162,11.551639802649358,0.5506514879169303,3.0472749486620865,3.0966274677281818,-7.82381873260957,6.580689165792418,14.404507898401988,-0.1895452955167451,1.8010034773804982,1.8109502877189028,-4.61661944436795,4.704700921174282,9.321320365542231,4.119938042888541,2.0167891364537502,4.5870827219659045,0.9800715715415403,8.132971602522485,7.152900030980945,0.49999999937503503,0.6045228417530649,2,2,7.141370676317113,2.8161643461526364,Freestyle_1527873200322.csv,0,train,121.00000015125,122.966666820375,121.9833334858125,1.0,1
-8.396474766426616,7.157389334605868,11.033087083421789,-26.08244184015855,2.1251724272395967,28.207614267398146,1.9031838303343678,8.080507673565748,8.301609058164635,-23.51177026153205,15.012152145331214,38.523922406863264,3.503400728982731,8.638544237353681,9.321923793324705,-12.270874045084506,44.36649626101448,56.63737030609899,15.022243527934844,7.202512488079617,16.6596514595451,2.42205566791073,47.704128978608445,45.28207331069771,-0.4839008678392872,2.8181138564397297,2.85935757780541,-6.275266582454197,5.409281024184439,11.684547606638636,-0.10873959878635506,3.865887988507983,3.8674169984673905,-10.09015327418646,6.580689165792418,16.670842439978877,-0.3209639579628455,1.7101129724682742,1.7399724828040966,-3.4888640508709923,4.704700921174282,8.193564972045273,4.5121792813817825,2.408439820998683,5.114718392903288,0.968827623977184,10.321346535288004,9.35251891131082,0.49999999937503503,0.6354973026881914,2,2,3.5726688844470407,7.985534895047508,Freestyle_1527873200322.csv,0,train,122.0000001525,123.966666821625,122.9833334870625,1.0,1
-7.6730184972311894,6.879210706870369,10.305277910292954,-26.06819502244399,2.1251724272395967,28.19336744968359,2.4598087845006207,7.41325201630859,7.810695533280619,-21.64155829517643,15.012152145331214,36.653710440507645,4.001909144593406,8.621514399484274,9.50504010207716,-12.270874045084506,44.36649626101448,56.63737030609899,14.49085749144808,6.89685102250438,16.048411287852662,2.42205566791073,47.704128978608445,45.28207331069771,-0.5892771980480157,2.568629644696104,2.635356876734336,-5.108272911663487,5.409281024184439,10.517553935847927,0.41389906010315974,3.414855157795479,3.4398471158870807,-10.09015327418646,7.026807616144443,17.1169608903309,-0.22196137049264608,1.7175527813877325,1.7318355599893747,-3.4888640508709923,4.618712827552422,8.107576878423414,4.04408390187162,2.3285819396993825,4.666573524040024,0.968827623977184,10.321346535288004,9.35251891131082,0.49999999937503503,0.5381605956507184,3,1,4.560277937071116,4.120035774574632,Freestyle_1527873200322.csv,0,train,123.00000015375,124.966666822875,123.9833334883125,1.0,1
-8.53234645032941,7.181387879417027,11.152276351628249,-26.06819502244399,1.9497369694226252,28.017931991866615,1.6218968545317058,7.148316786638482,7.33000561315456,-21.64155829517643,15.928040017165175,37.569598312341604,3.3110817767815974,7.826126472212855,8.497736056833373,-9.623482178143702,33.54198234545292,43.165464523596626,14.400521359153021,6.552766804041464,15.821307411322556,3.011433310280591,43.172451788082725,40.16101847780213,-0.6504756742579693,2.5900129141387636,2.6704466851459387,-4.974216183492947,6.248089405964232,11.222305589457179,-0.1596879520616354,3.7767194637530785,3.7800939340081197,-9.404157596474668,7.026807616144443,16.43096521261911,-0.45644454788924904,1.7575758923368412,1.8158784768319338,-3.7512076172241904,4.618712827552422,8.369920444776612,4.353578443752713,2.40086755670634,4.971700945426362,0.9239431820254065,10.167661078047377,9.243717896021971,0.49999999937503503,0.6536848501161785,1,2,5.855527220660511,7.635482847421999,Freestyle_1527873200322.csv,0,train,124.000000155,125.966666824125,124.9833334895625,1.0,1
-8.180024024222204,7.324316291751442,10.979909024143508,-25.755162526734445,1.9497369694226252,27.70489949615707,2.2194493738989878,7.507040991199486,7.828257786177584,-21.945141350862155,15.928040017165175,37.87318136802733,3.924744993089255,8.069432474523332,8.97325825559874,-11.604071067137657,33.54198234545292,45.146053412590575,14.659124485020445,6.889808066968409,16.197511718377886,3.011433310280591,43.172451788082725,40.16101847780213,-0.22209699054552903,2.932332826969167,2.9407316914894444,-6.139016213927713,6.248089405964232,12.387105619891944,0.08975649077326349,3.792466897019784,3.7935288838529746,-9.404157596474668,6.251704221540502,15.65586181801517,-0.41126780684824626,1.6927972403692708,1.7420400988357259,-3.7512076172241904,4.742592940293255,8.493800557517446,4.4902077488541146,2.431358129120272,5.106218559747394,0.9239431820254065,10.167661078047377,9.243717896021971,0.49999999937503503,0.5471679002121393,1,2,8.220250458266857,4.903961664322559,Freestyle_1527873200322.csv,0,train,125.00000015625,126.966666825375,125.9833334908125,1.0,1
-8.862285630617892,6.962391274054401,11.270093116371545,-25.755162526734445,3.5987735887793164,29.35393611551376,2.573422510316767,7.102216592268547,7.554070686729091,-21.945141350862155,14.518457281509829,36.46359863237198,3.614154728934957,8.071451328460817,8.843666714230858,-13.90173801625788,26.725937112016545,40.627675128274426,15.055278888893053,5.968919610937216,16.195351917886185,4.54645380878302,31.664141294321233,27.117687485538212,-0.5576530387267714,2.6387530977896145,2.697034449667911,-6.217268790247065,4.468945376504948,10.686214166752013,-0.03114003663081776,3.8521509127953353,3.852276775730335,-10.09282491643866,6.251704221540502,16.344529137979162,-0.19350453234724316,1.7313742902699194,1.7421541082942669,-4.252380190046849,4.742592940293255,8.994973130340103,4.227535051883721,2.697606254008893,5.0148910373579785,0.19631261364768052,10.417303865388783,10.220991251741102,0.49999999937503503,0.6484191394034834,1,2,5.1026458239724715,7.515332813820551,Freestyle_1527873200322.csv,0,train,126.0000001575,127.966666826625,126.9833334920625,1.0,1
-7.89242802856429,6.98772860839107,10.54128888184904,-26.14686435621052,3.5987735887793164,29.745637944989838,1.0924969957600623,7.978229870110747,8.052682878772274,-31.268731533129447,14.518457281509829,45.78718881463928,4.862648392243373,7.397809595463462,8.852849044082832,-13.90173801625788,26.725937112016545,40.627675128274426,14.35492072719916,6.9479248664484405,15.947959400311522,0.7332389088508017,35.65525492327008,34.92201601441928,-0.5453647870868265,2.4433610085231963,2.503484725131302,-6.9863836544308775,5.220585527992884,12.206969182423762,-0.19870890937029462,3.825254274815848,3.8304119227127584,-10.09282491643866,6.134791741648337,16.227616658086998,-0.13395946611960935,1.9930074252156365,1.997504376848199,-4.252380190046849,4.95155477796365,9.203934968010499,4.017030268751214,2.96529641386659,4.992946525064485,0.19631261364768052,10.417303865388783,10.220991251741102,0.49999999937503503,0.46956937801102827,0,2,0.0,6.847776110412736,Freestyle_1527873200322.csv,0,train,127.00000015875,128.966666827875,127.9833334933125,1.0,1
-8.293251024982734,7.298081886600893,11.047172117194028,-26.14686435621052,4.535828011672953,30.682692367883476,1.531444344847308,8.007751059509914,8.152876720056973,-31.268731533129447,14.46430087978501,45.733032412914454,3.859577141361975,8.630720380073619,9.454399504418141,-12.54197654982532,36.14259871991887,48.684575269744194,14.700493888683814,7.860697171197223,16.67018537954807,0.7332389088508017,41.895503084442474,41.16226417559167,-0.5954601072989957,2.5594089482194016,2.6277646210439163,-6.9863836544308775,5.220585527992884,12.206969182423762,-0.17778099294247335,3.595100792134978,3.599493823728715,-6.995591296882451,6.134791741648337,13.130383038530788,-0.48074695798997025,2.2326199095928585,2.283792744170765,-5.319333931845813,4.95155477796365,10.270888709809462,4.329262454858528,2.516882711997241,5.00771524639713,0.8257612603047331,8.332782222857244,7.50702096255251,0.49999999937503503,0.6720994433282488,1,2,6.292344792469301,6.586614399516009,Freestyle_1527873200322.csv,0,train,128.00000016,129.966666829125,128.9833334945625,1.0,1
4.099714883781721,0.5384111296303505,4.134918218394556,2.46966478763196,4.766315577700676,2.2966507900687163,1.0683513305711965,1.7812493388446453,2.0770709599500283,-1.5492719878944332,5.953528368075172,7.502800355969605,8.518217602132614,0.4396148895844206,8.52955405448762,7.250596672928397,9.178707066474283,1.9281103935458859,9.702163741191294,0.18188884797632263,9.703868548878079,9.25179160004419,10.172732343729972,0.920940743685783,0.22157925327469438,0.30075181906077697,0.3735626080727801,-0.4614562104205791,0.8774893930114926,1.3389456034320717,-0.015136533385575928,0.057069196018485334,0.05904242353705475,-0.1589596907644913,0.1668506639139854,0.3258103546784767,-0.245746087099799,0.3016481327360368,0.3890793432039276,-0.9142968734301052,0.1858899959032627,1.1001868693333678,0.4024107299390517,0.3639826502255097,0.5426027692845532,0.037400874965518936,1.2069704067968945,1.1695695318313755,1.4999999981247853,0.47071806187167675,2,3,0.12217849267133125,0.09788908246151273,Freestyle_1527676714707.csv,1,train,0.0,1.966666669,0.9833333345,0.0,0
2.9846454257206827,1.095608998290423,3.179381605660185,-0.4702322283939597,5.34391774977475,5.81414997816871,4.476093594674227,2.773671579196175,5.2658017335942535,-0.2218501146816155,10.297809092794688,10.519659207476304,7.235160267822105,1.2567961631747522,7.343506022115213,5.283442304548843,9.178707066474283,3.89526476192544,9.562947967468425,0.5605730641660123,9.57936407016546,8.038901479939161,12.113686765215002,4.074785285275841,0.16296300065258487,0.7437569601158553,0.761400916273728,-3.7125031430916926,1.1197494115490945,4.832252554640787,-0.046389740601838265,0.17314585841111113,0.17925260477333765,-0.8372516703376561,0.5036856416099498,1.3409373119476058,-0.2602419669563632,0.43707597824759403,0.5086858481680103,-0.9980860220728972,0.9826152279214656,1.9807012499943628,0.722045037427876,0.5909950149304851,0.9330724214909082,0.11324372342774969,3.9344434999636473,3.821199776535898,1.9999999974997138,0.4133713090092562,2,3,0.47869875759907043,0.5596936901788646,Freestyle_1527676714707.csv,1,train,1.00000000125,2.966666670375,1.9833333358125,0.0,0
2.0018140048319477,0.7831064289613322,2.149538319970568,-0.4702322283939597,5.34391774977475,5.81414997816871,5.699717119599099,1.4218094280221414,5.874378034572145,2.519848040241199,10.297809092794688,7.77796105255349,7.063433018090101,1.0462548378328431,7.140499645454375,5.283442304548843,8.60023137012741,3.3167890655785675,9.47402290483045,0.5987131763771935,9.49292196685613,8.038901479939161,12.113686765215002,4.074785285275841,-0.07819369490625498,0.7363344704454511,0.7404746493224973,-3.7125031430916926,1.1197494115490945,4.832252554640787,0.030094988104613706,0.19575718664862884,0.19805702318676546,-0.8372516703376561,0.5036856416099498,1.3409373119476058,-0.08525189405867764,0.3411208607336332,0.3516124671683965,-0.9980860220728972,0.9826152279214656,1.9807012499943628,0.5976174741885886,0.5949907329829404,0.8433033960509854,0.07348353567380203,3.9344434999636473,3.860959964289845,1.9999999974997138,0.40641245536551435,3,2,0.4477376029466363,0.7043333941445225,Freestyle_1527676714707.csv,1,train,2.000000002625,3.966666671625,2.983333337125,0.0,0
1.018531791431226,0.9852840305108501,1.417106781769041,-1.3839078585591338,2.472836751801233,3.8567446103603666,5.599321311345751,1.277315056724808,5.743164014881223,2.519848040241199,8.332313732781016,5.812465692539817,7.1408562386573955,1.2833440996910688,7.255260153804557,4.111942141656437,8.60023137012741,4.488289228470974,9.342961635924647,0.5830885882837658,9.361139056340662,7.794576833585509,10.557561750579952,2.7629849169944425,0.11981440299332596,0.5100983039145517,0.523980696992885,-1.4012425975625042,1.59023937659852,2.991481974161024,-0.03228341188920468,0.19047920076913463,0.19319561229193674,-0.4548719314960586,0.3699946334130507,0.8248665649091094,-0.2502029816549913,0.26626953298942996,0.365377881415196,-0.9585041270655608,0.3755339565130412,1.3340380835786019,0.5514861238079917,0.37582491522609224,0.667368947177993,0.07348353567380203,1.6580486146942748,1.5845650790204728,0.49999999937492845,0.9020003372974017,2,2,0.24438593079944715,0.30250293920786037,Freestyle_1527676714707.csv,1,train,3.000000003875,4.966666672875,3.983333338375,0.0,0
-1.4110068970797836,1.913174535345953,2.3772204917303994,-5.694875097157434,1.641875122420574,7.336750219578008,6.558908816737062,0.8415874556300715,6.612681325434113,4.609629898841748,8.332313732781016,3.722683833939268,6.095159018553679,1.2174041291365747,6.215547946488309,3.830837963853828,8.23789921178346,4.407061247929633,9.334369590498433,0.9387822969789772,9.381458727359144,7.372153841410487,11.485229377082309,4.113075535671822,0.11786919707060099,0.5165738452931149,0.5298506254209606,-1.267653404631871,1.59023937659852,2.857892781230391,-0.06138397301992655,0.5524828187991999,0.5558824131163178,-0.9790979345261394,1.4071731180916092,2.3862710526177486,-0.2847824968382167,0.2755022235903442,0.39623546750465544,-0.9585041270655608,0.1883572374026595,1.1468613644682202,0.7772104664846897,0.37774777162319273,0.8641466820972217,0.07366520234422937,1.7512870946396348,1.6776218922954054,0.9999999987498569,0.5078520908592913,1,2,1.8620450495876677,0.7945821752966816,Freestyle_1527676714707.csv,1,train,4.000000005,5.96666667425,4.983333339625,0.0,0
-3.10165896286211,1.1504454619025386,3.308143449537067,-7.048059698651927,-0.0280873461297405,7.019972352522187,6.558550750627247,0.567033255339235,6.583017139671886,5.155080426249817,8.334083794480765,3.1790033682309486,5.820316364642874,0.8022867415648599,5.875350764015747,3.830837963853828,8.177047910724378,4.34620994687055,9.376289575809977,0.940674297887636,9.423357912344686,7.372153841410487,12.423698896214031,5.051545054803544,-0.06292441998171601,0.3548308047212301,0.36036701098900703,-1.267653404631871,0.9967728976842606,2.2644263023161315,0.07333387915623948,0.5346443901006203,0.5396503328065,-0.9790979345261394,1.4071731180916092,2.3862710526177486,-0.09926091323720723,0.1874534489350709,0.212112056268232,-0.5093839564391266,0.2659385011685032,0.7753224576076299,0.5499531229917356,0.40451199145796884,0.6826993399159361,0.09085022685677022,1.7512870946396348,1.6604368677828647,0.9999999987498569,0.47373999222181123,2,2,1.1520555409142972,0.8585254892634335,Freestyle_1527676714707.csv,1,train,5.00000000625,6.966666675375,5.9833333408125,0.0,0
-3.5701132955423174,0.9946467896863171,3.7060802985420214,-7.048059698651927,-0.0280873461297405,7.019972352522187,6.442406837262571,0.4196096181315606,6.456057472516492,5.571199655065535,8.334083794480765,2.76288413941523,5.579192019008223,0.3649019172847319,5.591112321730188,4.828743899165855,6.464656295998042,1.635912396832187,9.292286433964087,0.5741594648243977,9.310007855092309,7.417627693084516,12.423698896214031,5.0060712031295145,-0.04732628425771403,0.19147998151574444,0.19724188323708478,-1.0442788083491947,0.5987797782572057,1.6430585866064005,0.05379382088291228,0.10943501331264559,0.12194177833672003,-0.2985187143988042,0.2225284727455985,0.5210471871444027,-0.06818046840018274,0.09411917145663663,0.11621959691442782,-0.3049194103333428,0.2659385011685032,0.570857911501846,0.2074771572186905,0.15567395975639733,0.2593861070176767,0.045945729797694554,1.0956651578733347,1.0497194280756401,1.4999999981247853,0.45418874029404993,3,3,0.22154679683820855,0.3307647513128477,Freestyle_1527676714707.csv,1,train,6.000000007375,7.966666676625,6.983333342,0.0,0
-4.057888056056233,0.23274032219102436,4.064556990996364,-4.5631804428352885,-3.543589106127388,1.0195913367079004,6.318248795548147,0.2124276531078849,6.3218188324445475,5.832381886207633,6.78311455723058,0.9507326710229469,5.405537519534268,0.24847654895050533,5.411245371489916,4.828743899165855,6.002753542993565,1.1740096438277101,9.257047921052704,0.27323458989082855,9.261079491818382,8.462392703744516,9.75212152705144,1.2897288233069233,-0.034147920867859935,0.07520894300924763,0.0825982179478824,-0.2595708900640927,0.1327208448086848,0.39229173487277746,-0.01964970435763327,0.08148728560017335,0.08382295983694808,-0.1441262235014314,0.2225284727455985,0.3666546962470299,-0.031528223954017824,0.06063098405123475,0.06833846012836246,-0.1756808479592981,0.0607751945157342,0.2364560424750323,0.12112691998242722,0.06202554789986908,0.13608416269613552,0.045945729797694554,0.2850442002395645,0.23909847044186994,1.4999999981247853,0.33623720018066733,3,4,0.17457145364094154,0.131282143254653,Freestyle_1527676714707.csv,1,train,7.000000008625,8.966666677875,7.983333343250001,0.0,0
-4.034166532215624,0.2245840228721022,4.040413047323015,-4.66837766774835,-3.5626037175326304,1.10577395021572,6.382427065381515,0.29684134401704626,6.389326257785897,5.918238472767312,7.382462570389264,1.464224097621952,5.390612071101772,0.4215492842282892,5.407069659264761,4.178056927466381,6.4250095377504985,2.2469526102841177,9.283468800014386,0.4494852174558843,9.294343974781217,8.112403718858095,10.616650542214016,2.5042468233559205,-0.026248080285418553,0.08665279749929607,0.09054097985511196,-0.253721496851373,0.171193857174496,0.424915354025869,-0.04405698305530751,0.16883082206300837,0.17448456732446813,-0.4667725030141332,0.3369859816315845,0.8037584846457178,-0.02631583424898843,0.07855842151504301,0.08284895124958072,-0.2432316879743914,0.1545681283205017,0.39779981629489314,0.1728362527147516,0.12503644164086156,0.21332248355643632,0.022463129152481505,0.4800320906220993,0.4575689614696178,1.4999999981247853,0.502251649302381,2,2,0.31368606483501127,0.38751645524032446,Freestyle_1527676714707.csv,1,train,8.00000001,9.966666679,8.9833333445,0.0,0
-3.825435949802498,0.6965836027978336,3.88834012423401,-5.548307815975098,-0.4122917645780826,5.136016051397015,6.509131837624832,0.7449481706286561,6.551621559316763,5.1849575036192075,9.68732707274784,4.502369569128632,5.835579409840898,1.027811102563581,5.92540148100633,4.178056927466381,8.653878857090554,4.475821929624173,9.574253334263185,1.219421904303291,9.651596587577847,7.304814290036452,13.799038059733737,6.494223769697285,-0.060954137733933024,0.16721173267814923,0.17797519617102858,-0.579965441177675,0.3726446576050245,0.9526100987826995,-0.1828393554789895,0.46616316368712557,0.5007377807702972,-1.365213436892415,0.4838457563337293,1.8490591932261442,0.2144870714430871,0.5052432852824041,0.5488856721933892,-0.2432316879743914,1.5200952987343883,1.7633269867087797,0.5416937736669832,0.53875489069937,0.7639954035739135,0.022463129152481505,1.9105308859926964,1.8880677568402149,1.4999999981247853,0.554268055061188,2,3,0.8180421086155023,0.6219419072593373,Freestyle_1527676714707.csv,1,train,9.00000001125,10.966666680375,9.9833333458125,0.0,0
1.336713818129458,5.343011903552037,5.507683726674672,-5.548307815975098,10.079991136827768,15.628298952802865,3.505903140938059,3.5562227398465764,4.99380386169113,-3.36071042127958,9.68732707274784,13.048037494027419,5.932972439613337,1.5863917565718835,6.141400554802679,3.268115545451308,9.770248629148655,6.502133083697347,9.463042848062445,1.8547986069606353,9.643104158757641,5.463273252870667,13.799038059733737,8.335764806863072,-0.25747577907458347,0.9361717822959439,0.9709332535129425,-2.5010674092410503,2.3196737679909223,4.820741177231973,-0.2525548008523963,0.9664932596670699,0.9989460187695188,-2.2074066895655475,1.6972114804048732,3.904618169970421,0.809589192419278,0.6308047677762013,1.0263280740247174,-0.1672347818914911,2.131049860434701,2.298284642326192,1.4401107468603245,0.9591844887723023,1.730304553170911,0.08380487401148376,3.5029116616347125,3.4191067876232286,0.49999999937492845,0.657411542739785,3,2,0.6686799519417682,1.6479464425966945,Freestyle_1527676714707.csv,1,train,10.000000012625,11.966666681625,10.983333347125,0.0,0
4.22393056636107,2.8511459294436166,5.096138002489949,0.9136287623350684,10.079991136827768,9.1663623744927,-0.3019284128142349,1.9871194663614524,2.009926501157977,-3.6256246844938302,4.336650232377149,7.96227491687098,7.6227916915513845,2.4365603716029542,8.002735758304828,3.268115545451308,10.574592197666894,7.3064766522155855,9.568553735498465,1.580185466522353,9.69815480891753,5.463273252870667,12.09901763706801,6.635744384197344,-0.14469534454609093,0.9732723371204923,0.9839694024395764,-2.5010674092410503,2.3196737679909223,4.820741177231973,0.009243083344286045,0.9530264434019081,0.9530712651281643,-2.2074066895655475,1.6972114804048732,3.904618169970421,0.5415496416107232,0.7227872781818627,0.9031597111420816,-0.3985341266863482,2.131049860434701,2.529583987121049,1.321027353356695,0.9732033789830108,1.640804097136689,0.16765421618951734,3.5029116616347125,3.3352574454451953,0.49999999937492845,0.7606515022301648,1,1,2.130547220628297,1.4468336919672449,Freestyle_1527676714707.csv,1,train,11.000000013875,12.966666682875,11.983333348375,0.0,0
1.666590750105106,1.450632962116602,2.2094933172822877,-1.5636091268690795,4.69937119851227,6.262980325381349,-1.3288210129841247,0.8934844063981395,1.6012743890491699,-3.6256246844938302,0.3950715750528716,4.0206962595467015,9.590842902039325,0.41740628913988986,9.599921644566253,8.373914130044463,10.574592197666894,2.2006780676224302,9.968581339527898,0.4814790204855204,9.980202200855025,8.634238757950287,11.599458055965801,2.965219298015514,0.02218189662642777,0.2688377675394088,0.26975133325623946,-0.4735830880803718,0.7939648140503194,1.2675479021306912,0.27041219653636134,0.46630731817354737,0.5390410661701255,-0.4333357402234238,0.969418397604556,1.4027541378279798,0.16947181623746335,0.3584844941997828,0.3965246891184692,-0.3985341266863482,1.0750390245518808,1.473573151238229,0.6510648156551644,0.31093003667666147,0.7215004379013521,0.16765421618951734,1.5242338545674978,1.3565796383779805,0.49999999937492845,0.8356021992333846,1,1,0.5253405007285947,1.4003950569694767,Freestyle_1527676714707.csv,1,train,12.000000015,13.96666668425,12.983333349625,0.0,0
-0.9510374454975454,2.7217986270607564,2.883168394147021,-6.262909259958454,2.9199682500676514,9.182877510026106,-0.9642301131251384,1.1493869970353925,1.5002767011492764,-2.564649698570254,2.312661206793361,4.877310905363615,9.247986273931438,0.6583664430155227,9.27139129236347,6.273729919453576,10.063570136022156,3.78984021656858,9.817667871224298,0.3682176468653095,9.824570558814917,8.68665972896186,10.398315338364368,1.7116556094025075,-0.13360651501980164,0.4610068733185383,0.4799771224784274,-2.0209818257277945,1.0697646272587058,3.0907464529865,0.37109007980633424,0.5290081743515436,0.6461868892676673,-0.4796918358157778,2.306973358528104,2.7866651943438816,0.5067348984858661,1.2682884724634518,1.3657730070283118,-5.516330517707512,3.0040477888754284,8.520378306582941,1.2341768503643238,0.99502710652326,1.5853300731050468,0.2760885129448756,5.62621099985943,5.350122486914555,0.9999999987498569,0.7357489565904214,2,1,1.9636732864258954,1.2683449158532203,Freestyle_1527676714707.csv,1,train,13.00000001625,14.966666685375,13.9833333508125,0.0,0
-3.441509384334338,1.6420956534852844,3.8131961630181808,-6.262909259958454,1.4590730871363131,7.721982347094768,0.3310141945912943,1.1803795995088788,1.2259145141312522,-1.8842003983768827,2.344207242313337,4.22840764069022,8.850279661668505,0.7273077248933366,8.880114110552448,6.273729919453576,9.803105250289876,3.5293753308363005,9.731035020142444,0.45465968240907234,9.741650680970189,8.68665972896186,10.46923743601935,1.7825777070574897,-0.07169074360968361,0.6858426448032516,0.689579361748906,-2.0209818257277945,1.543668692621143,3.5646505183489374,0.007539784648618461,0.7374050024758072,0.7374435476895114,-1.6690568589569563,2.306973358528104,3.97603021748506,0.3373114730300929,1.6285789046228314,1.6631440943045896,-5.516330517707512,3.0530947729516136,8.569425290659126,1.6600430228962688,1.0147157842137726,1.9456081210251859,0.2760885129448756,5.62621099985943,5.350122486914555,1.4999999981247853,0.4837891525155914,2,2,2.449074613679958,1.5078000226918662,Freestyle_1527676714707.csv,1,train,14.000000017375,15.966666686625,14.983333351999999,0.0,0
-2.7541873222009396,1.5341708948459973,3.152654142205413,-6.232146777650151,1.4590730871363131,7.691219864786464,0.6911188998287766,0.5745585943082451,0.8987563140217736,-0.6273810337942463,2.344207242313337,2.971588276107583,9.082220759945521,0.5961966387925376,9.101768199888026,7.123442344831306,9.841454779889954,2.7180124350586485,9.667937182469625,0.34664975504552725,9.674149854992525,8.823184171173619,10.46923743601935,1.6460532648457313,-0.009130585921186176,0.5321390738218579,0.5322174005866859,-1.4005450960417918,1.543668692621143,2.9442137886629345,-0.29214482851707235,0.520999313405308,0.5973180772403192,-1.6690568589569563,0.8529887700093944,2.522045628966351,-0.03499787541334569,1.0109287942488583,1.0115344177658507,-3.1450862096181837,3.0530947729516136,6.198180982569797,0.959938453908055,0.8612573888907032,1.2896689983132181,0.04537070717871558,3.880751357268384,3.835380650089668,1.9999999974997138,0.5961246899097403,3,2,1.4344285754840744,1.747635510344561,Freestyle_1527676714707.csv,1,train,15.000000018625,16.966666687875,15.98333335325,0.0,0
-1.2742973967344653,0.7274217092553498,1.4673023541248105,-3.051270789696182,-0.0420874402814036,3.009183349414778,0.4729841531604848,0.33256267354490804,0.5781971471533546,-0.030142199686635,1.3778962050138306,1.4080384047004655,9.526252637940724,0.38219310565227776,9.53391634596616,8.656755437020633,10.331724589622626,1.6749691526019923,9.656757105351991,0.3604042723263427,9.663480171826153,8.671389097792492,10.395771416490255,1.7243823186977636,0.006828712216219026,0.17648609584067199,0.17661815686846807,-0.5387347437593472,0.331714728981113,0.8704494727404601,-0.20084944793362203,0.26283824285852253,0.3307936556891568,-1.0498510563882033,0.1490108519953075,1.1988619083835108,-0.11823858976683198,0.15876113973192482,0.19795318537227166,-0.5652075751570813,0.184228875059541,0.7494364502166223,0.3481348160924889,0.24208682203517207,0.42403287558730646,0.04537070717871558,1.0959345597526589,1.0505638525739434,1.4999999981247853,0.5428005544620553,2,3,0.46513115978792385,0.48673910467511106,Freestyle_1527676714707.csv,1,train,16.00000002,17.966666689,16.9833333545,0.0,0
-0.5029785597256335,0.5100695055476973,0.7163507046365942,-1.6860828459540245,-0.0131217288955777,1.6729611170584469,0.9383853130113173,0.4872712837513256,1.057355332725954,-0.014329658256932,1.5877506872246676,1.6020803454815997,9.576896967493889,0.3685883257084285,9.583987316343975,8.656755437020633,10.331724589622626,1.6749691526019923,9.661384145548192,0.3763348292007579,9.668710953975175,8.671389097792492,10.395771416490255,1.7243823186977636,0.0007196107584553413,0.14476140495361914,0.1447631935396197,-0.3013886301526478,0.331714728981113,0.6331033591337607,-0.11292233242687215,0.15878198997106924,0.19484140602012123,-0.4903566283618404,0.103713544223287,0.5940701725851274,-0.08348516545200285,0.11281487437728246,0.14034588961316366,-0.3722245315069705,0.1141883561470913,0.48641288765406177,0.23468216508012382,0.15343013337771347,0.28038638418260875,0.021221190100678276,0.6118761166155153,0.5906549265148371,0.49999999937492845,0.5907395950378797,3,3,0.18230611251258474,0.2739045430506945,Freestyle_1527676714707.csv,1,train,17.00000002125,18.966666690375,17.983333355812498,0.0,0
-0.2554413017929354,0.11535766272745897,0.28028137471407494,-0.5384106469925752,-0.0070138078085807,0.5313968391839945,1.2088876370073307,0.17979318074668166,1.222184481472489,0.8683371350960062,1.5877506872246676,0.7194135521286614,9.551223987285356,0.2070789507569821,9.553468550591548,9.052326559790169,10.03337199775207,0.9810454379619014,9.633134046969046,0.20924229025552354,9.635406265586601,9.14880478999128,10.142413318555796,0.9936085285645166,-0.04875310872848,0.07611137536839391,0.09038698507616874,-0.2405548179683315,0.1055930823436601,0.3461479003119916,-0.0357043740787186,0.07128723296752953,0.0797287395643497,-0.2094183019886953,0.1053879953767572,0.3148062973654525,-0.011674974168632694,0.060153136771755426,0.06127564675562189,-0.1608303601341057,0.0767976522944685,0.2376280124285742,0.12361779564746293,0.05477065334886282,0.135207928277151,0.021221190100678276,0.25737149510051444,0.23615030499983616,0.9999999987498569,0.5159264747774712,3,3,0.20337929537879287,0.18904582550704752,Freestyle_1527676714707.csv,1,train,18.000000022625,19.966666691625,18.983333357124998,0.0,0
-0.2539462334127771,0.4859370887913727,0.5482914769787791,-1.135702911214453,2.497350630334641,3.633053541549094,0.31354696118654746,1.7877267445993394,1.8150147685969582,-8.162742824072724,1.411404998747407,9.574147822820132,9.467448245540071,0.3412487013908338,9.473596305425973,8.265216804449809,10.232922785062446,1.967705980612637,9.647110322219138,0.5264898318735693,9.661466198881685,8.803357439121891,12.83931190927891,4.035954470157019,-0.39391202934046093,0.7334200776105676,0.8325092774866903,-2.8605318327986575,0.0848679949203686,2.9453998277190263,-0.056063161082435024,0.16029298150545115,0.16981436320424123,-0.8885829697206095,0.2577957129694503,1.1463786826900597,-0.010474859402588223,0.11992487434506596,0.12038146936378478,-0.5830845061547788,0.2076564782159838,0.7907409843707626,0.44676792194605885,0.7326655015339928,0.8581377006157328,0.05915370424651945,2.978727845969963,2.9195741417234435,0.9999999987498569,0.3783191830418695,3,3,0.2840245989815933,0.1871230105599038,Freestyle_1527676714707.csv,1,train,19.000000023875,20.966666692875,19.983333358375,0.0,0
0.058413874864224134,0.9307024795793093,0.9325337989969736,-1.135702911214453,3.5605123789348885,4.6962152901493415,-2.6279002009588672,2.8078823089597003,3.8457850339259103,-8.162742824072724,1.2140842772455458,9.37682710131827,9.047728719108806,0.6979072018025437,9.074605745535953,6.944482753869374,10.232922785062446,3.2884400311930717,9.86562267707522,0.8231891908507745,9.899906628365459,8.803357439121891,13.061989103623688,4.258631664501797,-0.27033161713244575,0.9348968349178877,0.9731964216749501,-2.8605318327986575,1.6596574641187969,4.520189296917454,0.060243677719678465,0.2751930195133887,0.281709954907683,-0.8885829697206095,0.5302073558332652,1.4187903255538745,0.043909564694275253,0.6080241126227556,0.6096075552372445,-1.0824085180916512,1.3144763834390534,2.3968849015307043,0.9443925227761395,0.7114885158467881,1.1824098888529926,0.10132901577784985,2.978727845969963,2.877398830192113,0.49999999937492845,0.517647058059967,2,2,0.5821450291517587,0.9810888209040305,Freestyle_1527676714707.csv,1,train,20.000000025,21.96666669425,20.983333359625,0.0,0
-1.7274191403309163,2.2562035102914955,2.8415543574306774,-5.007743005273319,3.5605123789348885,8.568255384208207,-4.199719576972284,1.1821851752537462,4.362935515658465,-7.993778086277505,-1.2942388658142543,6.699539220463251,8.70383675377665,0.9023845998274518,8.750489826426806,6.294472106215772,10.267829665532604,3.973357559316832,10.143003666721496,0.8945313294125317,10.182372497724991,8.676696952141228,13.061989103623688,4.38529215148246,0.004197895766932728,0.6162762601801466,0.6162905574406424,-1.5122335591876577,1.6596574641187969,3.1718910233064546,0.08234861151672532,0.470733108099119,0.47788173524355304,-1.0258820065018082,0.8592314498798408,1.885113456381649,0.17423101774714,0.6538780146316404,0.676692622660998,-1.0824085180916512,1.3144763834390534,2.3968849015307043,0.9656463334345219,0.3655476280297424,1.0325201739596699,0.17140296496274088,1.7589848698085282,1.5875819048457873,0.49999999937492845,0.6812313202125966,2,2,1.130316662751392,0.562628874385471,Freestyle_1527676714707.csv,1,train,21.00000002625,22.966666695375,21.9833333608125,0.0,0
-3.5336646579260176,0.8458674826482178,3.633493871314087,-5.083131554829337,-1.4325860440773777,3.650545510751959,-4.036601041039741,1.0995704598005458,4.183682966070577,-6.830128827243129,-1.2942388658142543,5.535889961428875,8.477605504430475,0.9416128415887531,8.529737969726545,6.294472106215772,10.267829665532604,3.973357559316832,10.12545638554224,0.9680101704748709,10.171622815738933,8.198591653684382,12.406077143102316,4.207485489417934,-0.37010768244745945,0.5962427838419322,0.7017728648859306,-1.7483089349611434,0.7035616952487097,2.451870630209853,-0.15042573849523586,0.5019799024970083,0.5240340879301109,-1.0258820065018082,0.8592314498798408,1.885113456381649,0.5229993322800044,0.4554400355420442,0.6935084192278195,-0.3879258334956301,1.3261574293205034,1.7140832628161335,1.0299773237029095,0.43266328640249835,1.1171619429352302,0.17140296496274088,2.037919339122346,1.866516374159605,0.9999999987498569,0.4819800806980833,2,3,0.731329610868501,0.841381990000383,Freestyle_1527676714707.csv,1,train,22.000000027375,23.966666696625,22.983333362,0.0,0
-3.1405900850100945,0.7698658658609385,3.2335738020774354,-5.083131554829337,-1.4325860440773777,3.650545510751959,-5.935858664223326,2.170341687611712,6.320189959377833,-10.359320641333552,-2.788397361516488,7.570923279817064,6.987110998542559,1.739133606409111,7.200299008159034,3.3480853621770885,10.123140888162212,6.775055525985123,10.07808411427089,0.8229988145062055,10.111632235351415,8.198591653684382,12.406077143102316,4.207485489417934,-0.4319014957677286,1.0482298189716028,1.1337215952021205,-2.0187948477797075,3.3859564238704656,5.4047512716501735,-0.21205235679248757,0.32124262376737656,0.38491950502176,-0.9830508845752852,0.4139003804308339,1.396951265006119,0.3179865587375168,0.5604217696861578,0.6443508450183744,-0.4509725039170239,1.3261574293205034,1.7771299332375272,1.211756148779285,0.6167031118336644,1.3596601385087856,0.2259100222649137,3.4130918136606536,3.18718179139574,1.4999999981247853,0.7785342316238115,3,3,0.9152322133644019,0.7815943305429832,Freestyle_1527676714707.csv,1,train,23.000000028625,24.966666697875,23.983333363249997,0.0,0
-1.5356851801612303,1.6481438275544327,2.252711044247044,-3.939350920744463,0.957448281594199,4.896799202338662,-8.176626979730782,2.0169783635358445,8.421723724074132,-11.650720890004198,-4.046021683458659,7.604699206545539,4.875510717837485,2.29102243176093,5.38696468733367,-1.4035086594387116,8.294858974067253,9.698367633505965,10.22023278509095,0.752574178827403,10.2479034966224,8.394683971431613,11.737979943051315,3.3432959716197015,-0.23377744155386534,1.7461011510936677,1.7616813338484636,-4.6771515375885455,3.3859564238704656,8.06310796145901,-0.18985222632512588,0.26550881470080345,0.3264028163549334,-0.8131578367153128,0.3957465933984759,1.2089044301137888,-0.20502566853988807,0.19363338007412176,0.28200959316866747,-0.5547516473579667,0.15183956824542,0.7065912156033867,1.4505988270700672,1.0887388916065404,1.8137225066679004,0.2259100222649137,4.734910602983027,4.509000580718114,1.4999999981247853,0.5533120730474679,3,3,0.6845583995893058,0.7750257407521833,Freestyle_1527676714707.csv,1,train,24.00000003,25.966666699,24.983333364499998,0.0,0
0.2282414648025544,0.8057589014751603,0.8374613863108392,-3.0249600627049,1.4462542764166604,4.471214339121561,-9.2527227791175,1.4736024912460104,9.369332053535423,-11.862100893154832,-5.63304918122749,6.229051711927342,3.8934655934648266,2.057712295937402,4.403777267340663,-1.4035086594387116,8.294858974067253,9.698367633505965,10.356665546016382,0.7864208105534354,10.38648058407247,8.394683971431613,12.121307167453967,3.726623196022354,-0.24911014690891875,1.5803073470163864,1.5998209825874121,-4.6771515375885455,3.267074993807702,7.9442265313962475,-0.19075845036076838,0.26257763254567457,0.32455477118251247,-0.8131578367153128,0.5943021314431819,1.4074599681584947,-0.03959851250815147,0.2504944162395102,0.25360499750602555,-0.5547516473579667,0.4635823957297564,1.018334043087723,1.2682693938142149,1.0585703638863317,1.6519922731612025,0.28065674822983205,4.734910602983027,4.454253854753195,0.49999999937492845,0.4337222176370403,4,4,0.4805018260329644,0.5457324986557165,Freestyle_1527676714707.csv,1,train,25.00000003125,26.966666700375,25.9833333658125,0.0,0
1.4694714158645312,1.5062025082055956,2.1042795056189036,-0.9162368285433302,5.477749167489307,6.3939859960326375,-8.288655414664836,2.315584681062495,8.606029339842156,-12.434325152893054,-3.023768602290218,9.410556550602836,5.076017201525719,1.8608757421773336,5.406367464204504,1.0563599200688043,9.40666903661167,8.350309116542865,10.33239375170371,0.980908636803114,10.378850726067931,8.276984418393337,13.455623001390924,5.178638582997587,-0.06498689253231121,1.1015894816756904,1.1035047269221472,-3.260013860167121,2.4533671963989967,5.713381056566117,-0.03719984423162056,0.3882559335423503,0.39003397075344437,-1.2837914394768262,0.8522137009905775,2.136005140467404,-0.31729672684670174,0.6561581831533949,0.7288489378374607,-2.029504564472936,0.4635823957297564,2.4930869602026924,1.1987844506536631,0.6811650282706909,1.3787929340071396,0.28065674822983205,3.5393746611133143,3.2587179128834824,0.49999999937492845,0.502827833525946,4,2,0.808132995177256,1.2965790390116843,Freestyle_1527676714707.csv,1,train,26.000000032625,27.966666701625,26.983333367125,0.0,0
2.367859533337025,1.2884335023143458,2.695703926528477,-0.8651048335395194,5.477749167489307,6.342854001028827,-7.664230794787081,2.052623081891121,7.934336468292408,-12.434325152893054,-3.023768602290218,9.410556550602836,5.591701230004499,1.7046477993244886,5.845763146534047,1.602063311081513,9.40666903661167,7.804605725530156,10.16899919720109,0.9924298183121777,10.217311858652035,8.276984418393337,13.455623001390924,5.178638582997587,-0.18937634453464317,1.0903773209598517,1.106700547543412,-3.260013860167121,2.4533671963989967,5.713381056566117,0.002855556761251569,0.6621800067123902,0.6621861637742349,-1.7124142347850737,0.8522137009905775,2.5646279357756514,-0.2659312330172834,0.8516725521475743,0.8922250594864816,-2.029504564472936,1.610792639694043,3.640297204166979,1.4011230180997887,0.7044121395557581,1.5682289929097029,0.3458605306908101,3.5393746611133143,3.1935141304225043,0.9999999987498569,0.45936860349525493,2,2,1.4255348237853822,1.108901219714931,Freestyle_1527676714707.csv,1,train,27.000000033875,28.966666702875,27.983333368375,0.0,0
-0.8657939893422291,3.7698431712971647,3.867986138568363,-7.850937354814471,4.020089795990895,11.871027150805366,-8.298483466949607,1.5984437744006355,8.451026585637754,-11.750458468510637,-4.7418015842588614,7.008656884251775,3.8310266428067283,1.7212606740211007,4.199940885991917,0.7833712019030246,7.782328407293246,6.998957205390221,10.14145284553805,1.0824069229582205,10.19905243466959,6.7151434077349315,12.420295062693812,5.705151654958881,-0.09923312712919236,0.982870073833342,0.9878667903907884,-2.1585555013509183,2.3540890551368827,4.5126445564878015,0.07005314771895726,0.9303428503778968,0.9329765606673104,-1.7124142347850737,1.6766276094540693,3.3890418442391432,0.45526795622464006,0.6951606877516655,0.830973702207434,-0.5903577512151005,1.610792639694043,2.2011503909091434,1.4321905110714914,0.6969029287273167,1.5927471086371279,0.3458605306908101,2.936904739171438,2.591044208480628,0.9999999987498569,0.595528696377809,2,3,1.6051338130373272,1.5639363412099978,Freestyle_1527676714707.csv,1,train,28.000000035,29.96666670425,28.983333369625,0.0,0
-5.47597226868543,2.692513388983885,6.102122633745518,-11.132552035525432,0.9286133486566936,12.061165384182125,-7.719354902269321,1.6560828016403968,7.895001605641288,-11.750458468510637,-4.7418015842588614,7.008656884251775,2.5599728490560687,1.2623651470812776,2.854299695629347,0.7833712019030246,5.502240830074643,4.7188696281716185,10.27780534541937,1.4424614464472456,10.378534469895913,6.7151434077349315,14.373623452092694,7.658480044357763,-0.08136806797896097,1.012007349829374,1.0152731842195486,-1.5736366587087078,2.3540890551368827,3.9277257138455903,-0.18243395329659542,0.989700182498776,1.006373985431626,-1.500475329388703,1.6766276094540693,3.177102938842772,0.4349524557740299,0.6645456312373973,0.7942320408926916,-0.8774712122821102,1.545037596707311,2.422508808989421,1.5602500138030941,0.4898904636312614,1.6353509629218452,0.7202922724188204,2.936904739171438,2.2166124667526175,0.49999999937492845,0.5568051050992212,2,2,2.7320007143794576,1.6397432595391193,Freestyle_1527676714707.csv,1,train,29.00000003625,30.966666705375,29.983333370812502,0.0,0
-7.298533182011831,2.376546829694334,7.675712438768009,-16.351159772936725,-3.971316540711296,12.37984323222543,-5.954403394503292,1.8155649876158209,6.225045863985965,-8.952232910647606,-0.0357087494817575,8.916524161165848,2.5613118937260535,1.4857245582996461,2.96102956420182,-1.317243054597404,6.242526665811516,7.55976972040892,10.157751794997578,1.8043092868705861,10.316755959673754,7.969304371572932,17.00167616833669,9.032371796763758,0.21513258634094629,1.3300239520280814,1.347310559104374,-1.5736366587087078,5.6351156175997,7.208752276308408,-0.09509474915538572,1.1208463186405946,1.1248730956543935,-1.500475329388703,4.753605603520091,6.254080932908794,-0.002940413757820933,0.6658587085091546,0.6658652008706767,-1.116860232386516,1.22631071485557,2.3431709472420863,1.5309023423325878,1.0864159921376257,1.8772218008886925,0.2526014170448984,7.469344646589106,7.216743229544208,0.9999999987498569,0.4390812818425857,1,2,5.704217137707976,2.3652082748772534,Freestyle_1527676714707.csv,1,train,30.000000037375,31.966666706625,30.983333371999997,0.0,0
-7.73349355274872,2.1173250059831714,8.018103747855076,-16.351159772936725,-3.971316540711296,12.37984323222543,-4.876319092469754,1.3666921772287088,5.06422110485741,-7.854629894557631,-0.0357087494817575,7.8189211450758735,3.48355660452861,1.466830963109762,3.779783021721275,-1.317243054597404,6.242526665811516,7.55976972040892,10.07989169182617,1.6182911612552886,10.208970702355025,7.969304371572932,17.00167616833669,9.032371796763758,0.5886203751483023,1.0912548971171512,1.2398835415158522,-0.4735244188789653,5.6351156175997,6.108640036478666,0.17053729427960654,0.9138649338432299,0.9296408371239401,-0.9506115341878846,4.753605603520091,5.704217137707976,-0.11142560247865065,0.4645300405052982,0.4777068383638487,-1.116860232386516,1.22631071485557,2.3431709472420863,1.0696401023667896,1.2188589571393156,1.6216495015847217,0.07589118269445927,7.469344646589106,7.393453463894647,0.9999999987498569,0.3820863096372771,2,2,3.3473652916544743,1.3602537452775774,Freestyle_1527676714707.csv,1,train,31.000000038625,32.966666707875,31.983333373249998,0.0,0
-7.658744020727618,0.7957328881772717,7.69997083139657,-12.079294057763766,-6.3687371249615845,5.710556932802182,-4.615314094291999,0.7763478726567599,4.6801538658840105,-7.546221157485541,-3.7604394218298296,3.7857817356557115,4.380836016232323,0.6540311172678887,4.4293883215939625,2.4410937452071235,5.271978879519265,2.8308851343121417,10.011836438744714,0.758948641215974,10.040561334715306,8.94591136183769,13.969156025755126,5.023244663917437,0.06999383704827052,0.39287856321082776,0.3990647850353927,-0.4043553143462565,1.2161283771769715,1.6204836915232281,-0.01920163835682277,0.2716129780638211,0.27229086060366403,-0.579486898577998,1.0913505104212329,1.6708374089992308,-0.001645973698814655,0.10124408462680737,0.10125746343523188,-0.4115066802986646,0.1465085808492246,0.5580152611478892,0.3240333135385444,0.3723580280351115,0.4936072217107095,0.021202094545322014,1.4910830132362816,1.4698809186909596,0.49999999937492845,0.53367548073915,1,2,1.2188806830291725,0.555572847347655,Freestyle_1527676714707.csv,1,train,32.00000004,33.966666709,32.983333374500006,0.0,0
-7.626744219388287,0.13376530681306764,7.627917182644252,-7.963572333244273,-7.359685602284348,0.6038867309599247,-4.256025977442063,0.0931078814800248,4.257044303064671,-4.509094004940824,-4.070625210978419,0.43846879396240457,4.566955017202923,0.20264918636963417,4.571448875563546,4.1843792577940215,5.037732236658425,0.8533529788644039,9.85889620086733,0.08864122037604563,9.859294678902037,9.666842733899397,10.098797557321284,0.4319548234218864,-0.0005277756579582289,0.07844085503221174,0.07844263053550404,-0.1689066177572498,0.1693533044375104,0.3382599221947602,0.017248305629554272,0.054191616136553704,0.05687033766896502,-0.1255263965105933,0.1150539456137732,0.24058034212436652,-0.03338579235301861,0.05877751070994489,0.0675973882357637,-0.1304145923134752,0.1038604611888533,0.23427505350232852,0.10559318957350566,0.05298081543258797,0.11813927580702473,0.021202094545322014,0.2343752625404419,0.21317316799511987,1.4999999981247853,0.46731280674339,3,3,0.14360236652044628,0.09485840333833866,Freestyle_1527676714707.csv,1,train,33.00000004125,34.966666710375,33.9833333758125,0.0,0
-4.321111841811108,5.016952098591829,6.621315270322442,-10.93427857824008,6.947914819414833,17.882193397654913,-6.246323035654552,2.754255209206137,6.8266004147883015,-12.910649074913458,-3.932501562427673,8.978147512485785,4.10463966498228,1.580731294462564,4.3984972666399536,-1.0656219278785672,10.415020850405746,11.480642778284313,10.366959432308308,1.5222415924241266,10.478123273603536,6.854894323271999,15.604347979952333,8.749453656680334,-0.6242820001403604,1.0059475186318523,1.18391656206881,-3.4386252530798487,0.1693533044375104,3.607978557517359,-0.36746337592459616,0.9514616687402818,1.0199552145697097,-3.0308887012105643,0.7875220929078092,3.8184107941183734,-0.7384226917757044,0.830682697489749,1.111441323524604,-2.2103190288675236,-0.0277389423061601,2.1825800865613636,1.337115713883991,1.3745509990507447,1.9176206301838992,0.043968384309325106,4.180778398085238,4.1368100137759125,0.49999999937492845,0.4545360709975633,1,2,0.8031921512810104,1.974567399052674,Freestyle_1527676714707.csv,1,train,34.000000042625,35.966666711625,34.983333377125,0.0,0
3.596102417230865,5.896398929953676,6.906480502859074,-10.93427857824008,9.871547621913033,20.805826200153113,-5.412869310781793,3.750495442200713,6.585238814012116,-12.910649074913458,1.3534858109565746,14.264134885870032,2.707696262439828,2.0320515550728473,3.3853880977082365,-1.0656219278785672,10.415020850405746,11.480642778284313,9.962278889833742,1.8107167274926828,10.125497308579407,6.74531385105467,15.604347979952333,8.859034128897664,-0.2129579500655928,1.4838171431930025,1.4990211482596179,-3.4386252530798487,3.2898759175324614,6.72850117061231,-0.2840211923157938,1.0127684396711094,1.05184026832896,-3.0308887012105643,1.075613942437384,4.106502643647948,-0.9558864102999715,0.874242195879264,1.295383436072873,-2.2103190288675236,1.8754393642845464,4.08575839315207,2.0261002431269413,0.9624803396749643,2.24308952105347,0.1606395329240572,4.180778398085238,4.02013886516118,0.49999999937492845,0.5459816056807623,1,3,1.510842852969789,1.5810390694060932,Freestyle_1527676714707.csv,1,train,35.000000043875,36.966666712875,35.983333378375,0.0,0
5.664006069110517,3.2992568238039333,6.554850138663552,-0.2022232514114773,9.871547621913033,10.07377087332451,-5.822991411789346,4.136435443038629,7.142641469106415,-12.734154138012222,1.3534858109565746,14.087639948968796,2.7075324850506233,1.5913470503569602,3.1405600762100057,-0.7711085090830323,6.38159574987449,7.152704258957523,10.084511711154176,1.4659906672331393,10.190510541126999,6.74531385105467,12.802289689883724,6.056975838829054,0.42565732127381894,1.1682508908268394,1.2433801908795665,-1.3549726558917232,3.7834437136597647,5.1384163695514875,0.35840093980251353,0.39070667432500583,0.5301914173328639,-0.435228910532405,1.435078816886023,1.8703077274184279,0.32083852200581214,1.5437406582844162,1.576728441185506,-2.157086875757956,3.3799861203119983,5.537072996069954,1.9037631311587087,0.8299733464209578,2.076817232047253,0.5311670825352736,3.864218353077187,3.3330512705419135,0.49999999937492845,0.465026769721313,3,3,0.6662413715915584,1.025511839118506,Freestyle_1527676714707.csv,1,train,36.000000045,37.96666671425,36.983333379625,0.0,0
2.9123249483495774,2.2080530887046756,3.6547414473964674,-0.2022232514114773,7.986939057684165,8.189162309095641,-8.648833494641108,2.2081917462858387,8.926277589588551,-12.734154138012222,0.0098114000877518,12.743965538099975,4.451465747804562,1.2593937517727247,4.62618848793274,1.2793355036407814,6.38159574987449,5.102260246233709,10.634932824826299,1.1555909271978377,10.697531798484631,8.152958482201836,12.802289689883724,4.649331207681888,-0.11603718140196963,0.9012533718369062,0.9086926145375598,-1.547053472449507,3.7834437136597647,5.330497186109271,0.43348230950890454,0.3665722921354601,0.5676990030100624,-0.3747023417930017,1.435078816886023,1.8097811586790247,0.2741687932029856,1.5784368797824355,1.6020710067358723,-1.949336443893606,3.3799861203119983,5.329322564205604,1.6798338423212322,0.9448778749392448,1.927339081832104,0.2456823980342378,3.864218353077187,3.6185359550429492,0.49999999937492845,0.6122101995867267,3,2,0.9126981061873658,0.9583945814531387,Freestyle_1527676714707.csv,1,train,37.00000004625,38.966666715375,37.983333380812496,0.0,0
2.955638270298335,0.8386056822391763,3.0723048473639407,1.0520328329393698,5.1955164139394405,4.143483581000071,-8.603218475656028,1.0142043387660649,8.662792770269938,-11.25899111790966,-6.459302816301145,4.799688301608516,4.469903715249694,1.1827454599162048,4.623735075299558,1.9506565683897668,6.309248701874449,4.358592133484683,10.245301685237179,0.9464433848935137,10.288924224734698,8.186092355637111,12.028830504769845,3.8427381491327335,-0.220695932505206,0.4553511393610538,0.5060151724422424,-1.547053472449507,0.7318384951146057,2.278891967564113,0.236973978728438,0.2626112569495971,0.35372494804725535,-0.3747023417930017,0.9906441732804584,1.36534651507346,-0.3759190577337777,0.6381590446310258,0.7406497851291356,-1.949336443893606,0.3199084578715745,2.2692449017651803,0.7801416511993906,0.5666690408770441,0.9642275653727291,0.1204546569859442,2.133896612675497,2.0134419556895526,0.49999999937492845,0.5510604701885171,3,3,0.4239009295973723,0.5585924672822777,Freestyle_1527676714707.csv,1,train,38.000000047375,39.966666716625,38.983333382,0.0,0
2.9973444218618024,0.6716849804465622,3.0716826490091003,0.9755535255173592,4.132911922287057,3.1573583967696983,-8.862273010215324,0.9875087039395666,8.917121528158479,-11.25899111790966,-7.110569961200476,4.148421156709185,4.115340263330171,1.162427811091388,4.276361058070886,1.9506565683897668,6.412480489805401,4.461823921415634,10.319104322749942,0.8681247141739445,10.35555669885285,8.450894377972958,12.028830504769845,3.577936126796887,0.013253033343845567,0.6065182721262916,0.6066630508905874,-1.303862535600072,1.5079625988515473,2.8118251344516194,-0.020444765971063275,0.3396500884345871,0.3402648542374519,-0.9894351411265268,0.3968109844200564,1.3862461255465832,0.045324043558077655,0.4266447002311434,0.4290454161971397,-0.3675967268071914,1.5955272929516602,1.9631240197588515,0.6816948685226318,0.4507685700387708,0.8172516121151959,0.1204546569859442,1.8549669297145244,1.7345122727285802,0.49999999937492845,0.5257205675718922,2,2,0.49062328137170963,0.33650430068371134,Freestyle_1527676714707.csv,1,train,39.000000048625,40.966666717875,39.98333338325,0.0,0
-0.6961070388756542,4.320410003276845,4.376129294934836,-10.053468647862928,3.86902293141239,13.922491579275318,-8.288627160114347,1.9005093401659636,8.503721300198123,-11.020105223138902,-3.8884159787876698,7.131689244351232,3.78281417276907,1.43956002957745,4.047470338922766,0.015793203817099,6.412480489805401,6.396687285988302,10.35896458274137,0.733247894916594,10.384883230055584,8.807434284596509,11.98654452327806,3.1791102386815506,0.17625006956722844,1.0124511204464413,1.0276776529222125,-2.206623429278036,2.0396252875014076,4.246248716779443,-0.12584275151278715,0.7824887014675556,0.7925433527780613,-1.6181842674944915,1.3489914709158872,2.9671757384103787,0.7490859657093353,0.7830339701209285,1.0836383079173744,-0.489592749661887,1.9239040048883675,2.4134967545502546,1.4555620119291082,0.8601497172953761,1.6907153239781165,0.22100491799629501,3.267119946407792,3.0461150284114966,0.49999999937492845,0.6275275161508639,2,1,1.0167317886025204,2.0149952519145478,Freestyle_1527676714707.csv,1,train,40.00000005,41.966666719,40.9833333845,0.0,0
-6.18638146678783,3.7357876105918413,7.226854414201758,-14.350255956734689,0.7245143112725421,15.074770268007232,-6.556117082273853,2.788137201197442,7.124351216018488,-12.353572813428167,-0.839797665864212,11.513775147563955,2.4833450829606987,1.8795103228733512,3.114411959720899,-2.9033318224621185,5.453777614845543,8.357109437307662,10.54358603129977,1.2313246642070288,10.615242193567894,7.772591467080127,14.85147961549943,7.078888148419304,-0.40493414180705767,1.8024925978758901,1.8474174473026914,-5.434887389476081,2.2638385379240464,7.698725927400128,-0.1819079563111701,1.1220772147064355,1.1367267835028163,-2.5515806357013964,2.019724173976526,4.5713048096779225,0.2611156542086819,1.4158218486432677,1.4396988893405689,-3.903106442399776,1.9239040048883675,5.827010447288144,2.2466693752784366,1.3154119564172733,2.603426952480042,0.38309602320470837,6.887410414592421,6.504314391387712,0.49999999937492845,0.4651991763307591,2,3,2.9807658269179496,1.4264913900021048,Freestyle_1527676714707.csv,1,train,41.00000005125,42.966666720375,41.9833333858125,0.0,0
-1.4577431901305453,7.494501385956002,7.6349568585859355,-14.350255956734689,10.2471204623352,24.59737641906989,-5.765753951245743,3.0679777897824434,6.531187207920492,-12.436493010832626,-0.839797665864212,11.596695344968413,1.4562888107926193,1.9059568143993515,2.398634711412954,-2.9033318224621185,5.453777614845543,8.357109437307662,10.18589968764624,1.7175181540164328,10.329686396796747,6.461392547231948,14.85147961549943,8.390087068267484,-0.2665582094945095,1.656853755361082,1.6781590048928734,-5.434887389476081,2.2638385379240464,7.698725927400128,-0.17889949579679795,0.920812772995808,0.9380304859164107,-2.5515806357013964,2.019724173976526,4.5713048096779225,-1.2012453303180335,1.5382660234496106,1.9517306941559227,-4.140584361647043,1.4923888411765969,5.6329732028236394,2.2196058745444507,1.6058397499158321,2.7395933166661757,0.03943677950396262,6.887410414592421,6.847973635088458,0.9999999987498569,0.5997834632410958,2,4,2.213429608479819,1.4659885109100932,Freestyle_1527676714707.csv,1,train,42.000000052625,43.966666721625,42.983333387125,0.0,0
7.182796277098382,3.234123102714897,7.877316459417676,-2.1154652302789625,10.462291343629762,12.577756573908724,-3.7738766303399616,3.7460649972462225,5.317438084700136,-12.436493010832626,1.4487145333888736,13.8852075442215,2.2749861992923663,1.7537862034554554,2.8725125333758643,-2.3704276950921592,4.86865823619908,7.239085931291239,9.839390604479885,1.3285266927339001,9.928675170476346,6.461392547231948,12.586263103265122,6.124870556033174,0.3212483973595779,0.41483467749498903,0.5246792758042468,-0.5484789331725592,1.8443460191349328,2.392824952307492,0.029347668577438098,0.3734632175715967,0.37461454927680116,-1.0038748437506373,0.9496341122273552,1.9535089559779926,-1.0696454270898779,1.319074040510929,1.6982631315682841,-4.140584361647043,0.4321194172149583,4.572703778862001,1.306910638527056,1.2616285705140193,1.8165137123161073,0.03943677950396262,4.165563614440256,4.126126834936293,1.4999999981247853,0.4597534508900365,3,3,0.7549326784491125,0.8236489877433065,Freestyle_1527676714707.csv,1,train,43.000000053875,44.966666722875,43.983333388375,0.0,0
8.843742064047849,0.6127863972684894,8.864946749083524,7.952745074135553,10.462291343629762,2.5095462694942086,0.10245605508742743,2.118371692442086,2.120847913114947,-5.504599174700474,2.7456911188797646,8.250290293580239,3.8325013182952317,0.6425923233437582,3.8859993886714674,2.0187193000950017,4.86865823619908,2.849938936104078,9.890961217457601,0.5959481337794721,9.908898424315671,8.7384066486031,11.536778465166874,2.7983718165637743,0.11096201233240607,0.28020992101433134,0.3013804373474079,-0.7114732542699492,0.6553563109386102,1.3668295652085596,0.030242153785595992,0.1767081089289309,0.17927728140182891,-0.289520033028452,0.3699332333327493,0.6594532663612013,-0.26504385539793873,0.2820784992892,0.38706139699723435,-0.8681766417772093,0.3298953281533192,1.1980719699305284,0.4531804618394157,0.25964303513672343,0.5222901843688009,0.0802006266238227,1.1074085780711391,1.0272079514473165,0.49999999937492845,0.5649669948526129,4,2,0.3831731664423576,0.26626318647773706,Freestyle_1527676714707.csv,1,train,44.000000055,45.96666672425,44.983333389625,0.0,0
8.660531721064908,0.36410928973697243,8.668182350784058,8.004652134843903,9.68966969154993,1.6850175567060273,1.6597242323476327,0.5735417962210039,1.7560281089590664,-0.1987350171656024,2.831959560764388,3.0306945779299905,4.072456169120617,0.32816015006926497,4.085656414029702,3.32298001423292,4.778711676551049,1.4557316623181293,9.737127063844781,0.3193193729516424,9.742361537091542,9.18290708252631,10.667601542022203,1.484694459495893,-0.05268354148856022,0.4051186733269253,0.408529919371819,-1.8969603599795464,0.6653919539343722,2.5623523139139186,-0.04445375481723061,0.09446326031904621,0.1044004016632807,-0.289520033028452,0.2086078948268399,0.49812792785529186,-0.06736863338769154,0.12428561796185558,0.14136989635946368,-0.2784187057284046,0.3298953281533192,0.6083140338817238,0.3264505394570339,0.30201263512359267,0.44472641757161757,0.07639534072006735,1.9077776885963003,1.831382347876233,0.49999999937492845,0.46092562813085375,4,4,0.2076652189764518,0.23993634321294138,Freestyle_1527676714707.csv,1,train,45.00000005625,46.966666725375,45.983333390812504,0.0,0
8.740874195227859,0.6640798869494151,8.766064327453398,8.16038945238101,11.863343319248276,3.702953866867267,2.0446737610775827,0.6407223518275085,2.1427122815185715,0.8547108638685043,4.014789542438794,3.1600786785702897,4.058598979540573,0.6407946251103414,4.1088737420731345,3.134946906804291,7.191464292046834,4.056517385242543,9.882415620876897,0.8098176578513745,9.915540486666352,9.146661770827182,13.956194211022746,4.809532440195564,0.13812787071891217,0.5498790195916586,0.566962295797899,-1.8969603599795464,1.5139703609814217,3.410930720960968,-0.005168294645237322,0.10477912989907733,0.1049065171090324,-0.431420579607724,0.2265371163243029,0.6579576959320269,-0.03709638376792181,0.2073269306960919,0.21061955721280737,-1.0541424726108652,0.2994595746310561,1.3536020472419215,0.4499177149520937,0.4175958211490837,0.6138503238321953,0.07639534072006735,1.9077776885963003,1.831382347876233,1.4999999981247853,0.5097909186587966,3,3,0.3080327443444644,0.26845398060581144,Freestyle_1527676714707.csv,1,train,46.000000057375,47.966666726625,46.983333392,0.0,0
7.340701458686471,2.3602360604674812,7.710811381864605,0.169404838494098,11.863343319248276,11.693938480754179,2.1699852042913057,3.69548749377043,4.2854945576277235,-11.67701485659429,8.361235625103902,20.038250481698192,3.3637256434166223,1.7932078249510728,3.81185578263978,-1.0320758308826874,7.191464292046834,8.22354012292952,9.468420665028935,1.6435724467898907,9.610011460856532,5.162387733562533,13.956194211022746,8.793806477460212,-0.02709621797555768,0.914480516780668,0.914881861553729,-4.563870255510703,1.5139703609814217,6.077840616492125,0.21939023912217712,0.6855276730841989,0.719777929354827,-0.7547071873612256,2.901957908743632,3.6566650961048572,0.644938429994568,1.4853337868055252,1.619309123271372,-1.3673306153279787,4.132763726664884,5.500094341992862,1.3299674900420133,1.4860812899460063,1.9943046720338995,0.06110412864070128,5.985217843631206,5.924113714990505,0.9999999987498569,0.3000370912530898,2,2,1.9398227433833028,0.7887481273054107,Freestyle_1527676714707.csv,1,train,47.000000058625,48.966666727875,47.98333339325,0.0,0
2.6904353176171862,3.7113582379841503,4.583952679613382,-2.7167010870016863,9.656985812170229,12.373686899171915,-4.391253746329942,7.480310147829218,8.673992700733239,-15.615259714530964,8.361235625103902,23.976495339634866,3.235102121339088,1.7100529167483987,3.6592576724757135,-1.0320758308826874,7.087154479547346,8.119230310430034,10.227923905616471,2.2428800315219113,10.470956892991232,5.162387733562533,16.196389031595974,11.034001298033441,-0.2463912101374649,0.9315086333688695,0.9635439598034661,-4.563870255510703,1.0882621994467263,5.652132454957429,0.36873667645914243,0.6836421091740893,0.7767453057483719,-0.7547071873612256,2.901957908743632,3.6566650961048572,0.7140113304900735,1.6617675399035583,1.8086689959042612,-1.8368138592580463,4.132763726664884,5.96957758592293,1.6902127849393342,1.3950679233818055,2.191582480588217,0.06110412864070128,5.985217843631206,5.924113714990505,0.9999999987498569,0.42220332859822357,2,3,2.167630738050258,1.1021771400614555,Freestyle_1527676714707.csv,1,train,48.00000006,49.966666729,48.9833333945,0.0,0
0.9455180168509271,1.7952785485802778,2.029046423121516,-2.7167010870016863,3.4331134252510176,6.1498145122527035,-9.769790480348494,1.707563604801873,9.917891887611601,-15.615259714530964,-6.229075304694442,9.386184409836522,4.144448278532193,0.9436014474344261,4.250509995874474,2.018184527703717,6.216136953967871,4.197952426264154,10.869088860339135,1.5528526821996853,10.979455546909557,7.864059005851455,16.196389031595974,8.332330025744518,-0.1255399118287109,0.605054228453407,0.61794084573793,-3.2469269513623495,1.0882621994467263,4.335189150809076,0.3424956827967719,0.3688333010035133,0.5033302063889821,-0.524550099039274,1.0842885849015833,1.6088386839408573,-0.1733589223935817,1.0018887383689967,1.0167764552958942,-1.8691660469106255,2.1935493283721903,4.062715375282815,1.063689541803265,0.7332060448450539,1.2919081025904928,0.06687873379938744,3.749939202408664,3.6830604686092765,0.49999999937492845,0.6527494107776474,3,3,0.9255551807061577,0.770074380942348,Freestyle_1527676714707.csv,1,train,49.00000006125,50.966666730375,49.9833333958125,0.0,0
2.573294537714351,0.7160487228793261,2.671061689921749,0.6887263551168306,3.7648649103974696,3.076138555280639,-9.073383276974882,0.9133514896797562,9.11923763450584,-10.573987278296505,-6.229075304694442,4.344911973602063,3.827967846150537,1.2675276126128125,4.0323645767586935,1.0938510829874972,6.216136953967871,5.122285870980374,10.286398968224404,0.8631488471669091,10.322549571973662,7.864059005851455,12.116840473360883,4.252781467509428,-0.11036497517753471,0.394092213187482,0.409254322201911,-1.3128642227726897,0.6233958860935619,1.9362601088662514,0.13796109501319606,0.41315006988593955,0.4355757614743925,-0.4493340380299315,1.0842885849015833,1.5336226229315149,-0.2389394376060719,0.5458411461115347,0.5958478091189559,-1.8691660469106255,0.2771791397541078,2.146345186664733,0.628711831329748,0.5630021216681129,0.8439490244421176,0.06687873379938744,2.2177956883039665,2.150916954504579,0.49999999937492845,0.5673616126922176,2,2,0.8425371108667307,0.8760183728213533,Freestyle_1527676714707.csv,1,train,50.000000062625,51.966666731625,50.983333397124994,0.0,0
2.261068295068936,1.063902404793991,2.498863373994741,-0.1243492358447338,3.7648649103974696,3.8892141462422036,-9.168025717389918,0.8213545167047599,9.20474436347008,-11.036485436857118,-6.767981893433745,4.268503543423374,3.693012689547417,1.357303566133351,3.934541357743817,1.0938510829874972,7.48673690414274,6.392885821155243,10.28982367348237,0.7561622994866678,10.317570094480734,8.946585548591313,12.258924307378233,3.31233875878692,-0.062183221213461294,0.7136936979968034,0.7163975485446852,-1.8816014693461165,1.5922591727303523,3.4738606420764686,-0.14541029456377044,0.37815680848139915,0.4051502506058217,-1.469211271576648,0.4894328108201087,1.9586440823967568,0.17090001047053854,0.49517802936916444,0.5238397601831682,-0.2663451236629164,1.7998494782924468,2.066194601955363,0.7120321563357256,0.6669261397032288,0.975592264973208,0.09784118767844477,2.9897264079649375,2.891885220286493,0.9999999987498569,0.4877067693330226,3,3,0.6603564580762178,0.5453127724189114,Freestyle_1527676714707.csv,1,train,51.000000063875,52.966666732875,51.983333398374995,0.0,0
0.08579890986180727,2.0194901663876395,2.021311946501541,-4.067824616116937,3.7058523469825886,7.7736769630995255,-9.74747310300313,1.2488574988165502,9.827149991025872,-12.423336960395435,-6.767981893433745,5.6553550669616905,1.8581219979839436,2.530732418834007,3.139621622923576,-2.836216678163062,7.48673690414274,10.322953582305802,10.474251319104837,0.8976982625300675,10.51264965963952,8.946585548591313,12.447635091959986,3.501049543368673,-0.24246556733943994,0.8366768210411035,0.8711014029449632,-1.9297135796070788,1.5922591727303523,3.5219727523374313,-0.1907861365480747,0.581368243280324,0.611872849694927,-1.4942509102251758,0.9782337275853096,2.4724846378104854,0.29393191911139216,0.6256198907587451,0.6912280526609798,-0.4715634736354414,1.7998494782924468,2.2714129519278883,1.0214256897138407,0.7534532630393003,1.2692526380480618,0.09784118767844477,2.9897264079649375,2.891885220286493,0.9999999987498569,0.5801350540779846,2,2,1.4636162949554405,1.819348253209242,Freestyle_1527676714707.csv,1,train,52.000000065,53.96666673425,52.983333399624996,0.0,0
-0.7282340836770482,1.6503186397108303,1.8038504630944205,-4.067824616116937,3.368207883050612,7.436032499167549,-10.522108193982861,0.8526857503894505,10.55660143392742,-12.423336960395435,-9.05897467335327,3.364362287042166,0.062026438277147586,1.0919036946215464,1.0936640057044633,-2.836216678163062,2.2667437633170975,5.1029604414801595,10.735808160094605,0.7963883694680651,10.765305907654366,9.125859615167087,12.447635091959986,3.321775476792899,-0.044856721239280424,0.7292421008659169,0.730620398781525,-1.9297135796070788,1.375593394127149,3.3053069737342278,-0.1948747031387078,0.789622185780836,0.8133138054900486,-1.4942509102251758,1.6004259915359924,3.094676901761168,-0.19885101347879028,0.7276793084645329,0.7543599283690532,-1.5375994655984693,1.759957031736554,3.297556497335023,1.1575798023747637,0.6514241444553195,1.3282862699152402,0.28272531155398667,2.986003644689843,2.7032783331358563,0.9999999987498569,0.3982848573155157,3,2,1.142768663476681,1.98429622716513,Freestyle_1527676714707.csv,1,train,53.00000006625,54.966666735375,53.9833334008125,0.0,0
1.420183369186448,1.9427691874557196,2.406506371867968,-3.5120181945442233,5.387639371162558,8.89965756570678,-8.031504015579594,3.1471640835568415,8.626105640502054,-12.034562585130416,0.500049500116269,12.534612085246685,3.8256435224859406,3.6786018387153225,5.307321344043376,-1.505624478700312,9.931963609790351,11.437588088490664,10.37720637041141,0.8259656371627835,10.410025518118621,8.56647706061028,12.543916666021339,3.9774396054110586,0.38725521898822174,1.3830592692392403,1.4362519092632033,-3.3196132944041197,4.872255220267192,8.191868514671311,-0.002887658219858186,0.8637718963640952,0.8637767231862757,-1.335345941371751,1.6853696793782345,3.0207156207499857,-0.426796927693666,0.690953305288074,0.8121404358713257,-1.6916748439299214,1.0269021999468686,2.71857704387679,1.5942912047452964,0.9626720191371906,1.8623914362877325,0.26560195778819157,4.93469111404986,4.669089156261669,0.49999999937492845,0.6737680803223414,3,2,1.8172923105707406,1.448051698761346,Freestyle_1527676714707.csv,1,train,54.000000067375,55.966666736625,54.983333402,0.0,0
2.891359822743909,1.1550689667939034,3.1135423463682046,0.590838823721195,5.387639371162558,4.796800547441363,-6.091271035739442,2.347405846463976,6.527932064509521,-9.757797017693449,0.500049500116269,10.257846517809718,6.845879646757809,1.7937869777020263,7.076986636928615,2.4870119417044014,9.931963609790351,7.44495166808595,10.081234321985807,0.8720650124624295,10.118882489719194,8.114319218895512,12.543916666021339,4.429597447125827,0.25773225801684524,1.6572746770278062,1.6771956570239746,-3.3196132944041197,4.872255220267192,8.191868514671311,-0.15931075061549194,0.6839377753828338,0.7022469621559719,-1.2390960581813546,1.6853696793782345,2.924465737559589,0.4415373283552583,0.9705074086752361,1.066226918917648,-1.6916748439299214,2.6534009034007564,4.345075747330678,1.859658110567422,0.9922941208244662,2.1078367845784443,0.26560195778819157,4.93469111404986,4.669089156261669,0.49999999937492845,0.4362773341267132,3,3,1.0689350610087027,1.3557740645402632,Freestyle_1527676714707.csv,1,train,55.000000068625,56.966666737875,55.98333340325,0.0,0
-0.21606974745942628,3.7041967716985646,3.7104932096999246,-8.126238147008777,4.976981877584755,13.103220024593533,-6.328724364895999,3.0428556897732877,7.0222306168064526,-15.39063229109684,1.8771828812259783,17.267815172322816,6.466475364896786,1.6515180403273646,6.674040416595015,2.4870119417044014,11.867284959971125,9.380273018266724,10.286127538736396,1.348287222380891,10.374116742026134,7.739338291213908,16.077052957857696,8.337714666643787,0.062415329389070094,2.4896041332307965,2.4903863984415375,-5.93524653719242,8.131358655200081,14.066605192392501,-0.21370436976194887,0.8463206749360331,0.8728850110292504,-1.526753379384013,2.9736899902682334,4.500443369652246,0.99055047507042,0.8281388168295403,1.291125146375078,-1.113483925882436,2.6534009034007564,3.7668848292831925,2.501260944975138,1.540990098854076,2.937849008990117,0.6845622702365218,8.52823210175768,7.843669831521159,0.49999999937492845,0.5168112788356186,3,2,2.1823691079203993,2.014533629348922,Freestyle_1527676714707.csv,1,train,56.00000007,57.966666739,56.9833334045,0.0,0
-3.4257388577480508,3.7852049384008564,5.105238794334615,-9.134442899837268,4.952571884438248,14.087014784275516,-6.141062112795411,3.743133525433743,7.191918552266654,-15.39063229109684,1.8771828812259783,17.267815172322816,5.756982593892003,1.8087488493389283,6.034436260858207,1.322886740448022,11.867284959971125,10.544398219523103,10.598023470823309,1.372397576453347,10.686513771851736,7.739338291213908,16.077052957857696,8.337714666643787,-0.4873335840502956,2.6451950549936227,2.6897120479906436,-5.93524653719242,8.131358655200081,14.066605192392501,-0.1787266326736167,1.0790580255398505,1.0937593115986766,-2.139375321405957,2.9736899902682334,5.113065311674191,0.02291865115937486,1.362914478008347,1.36310716340856,-2.298767345099059,2.2428675464688617,4.54163489156792,2.778329232574025,1.6030621158193445,3.2076348719501357,0.8047087023080183,8.52823210175768,7.723523399449662,0.9999999987498569,0.34396192708472356,4,2,1.62873337337892,3.3608808916289576,Freestyle_1527676714707.csv,1,train,57.00000007125,58.966666740375,57.9833334058125,0.0,0
0.46668108746086306,5.359562504421894,5.379842142312239,-9.134442899837268,9.56024909513564,18.694691994972906,-7.065116592885369,3.215459038247355,7.762412595173666,-14.010360078851884,-0.5685728544127672,13.441787224439116,4.428946429887001,2.698676541500012,5.186368821675844,-5.178675280099902,11.442024416899956,16.620699696999857,10.688388058732105,1.3618124079012093,10.774793377525196,6.679821049150461,15.091845855527215,8.412024806376753,-0.8473897487375637,1.4906364672457784,1.7146622010613302,-4.6482095164055375,2.627296313985688,7.275505830391225,0.13204349060377674,1.1568129043619806,1.1643245162364444,-2.139375321405957,2.278981998243391,4.418357319649348,-0.7328291370610384,1.0198644145838807,1.2558510931874636,-2.298767345099059,1.0420999705056202,3.340867315604679,2.152941030409455,1.1125308673009198,2.4234025689344025,0.4235899592654651,5.412533072468748,4.988943113203283,0.49999999937492845,0.5535782503697309,3,2,1.8163213327587957,2.173545013978652,Freestyle_1527676714707.csv,1,train,58.000000072625,59.966666741625,58.983333407125,0.0,0
4.209199301178459,2.209317767388208,4.753782047416398,-0.4607364555052,9.56024909513564,10.020985550640841,-4.596219682510076,5.468906531530304,7.14382068787479,-13.834539271716684,9.265437206360415,23.0999764780771,5.538195150247947,3.6756290758597996,6.646943254273792,-5.178675280099902,16.886812739079108,22.06548801917901,10.654259305148507,2.073940948782928,10.85423753196797,6.679821049150461,19.350856164833637,12.671035115683175,0.8252371833063155,2.7481824052793957,2.869411601948836,-5.074381936397198,9.843745944832891,14.918127881230088,0.5822678708485303,1.1175069923996321,1.2601022781840183,-2.3731709868961595,2.8089468488426648,5.182117835738824,-0.05385381047779101,1.1781362267673647,1.1793664408166877,-1.8514352219691843,3.174566875928948,5.026002097898132,2.627545176723363,2.0756426086601603,3.348475159622326,0.30298334746016803,9.943175855635918,9.64019250817575,0.49999999937492845,0.4395961126513122,3,3,2.36327544731267,3.285484273345529,Freestyle_1527676714707.csv,1,train,59.000000073875,60.966666742875,59.983333408375,0.0,0
1.7356583689613805,3.527121536041459,3.9310426484271495,-5.860523354690285,8.087767170855912,13.948290525546197,-3.5037061148901643,5.513374161549549,6.532476650150455,-12.785942962878394,9.265437206360415,22.05138016923881,6.929183050563577,2.8470172938753606,7.491267263944263,0.8086715215308213,16.886812739079108,16.078141217548286,10.507934899734048,1.9567158330499037,10.688565512189042,7.6197840645370105,19.350856164833637,11.731072100296625,0.6918131863546033,3.285551371555946,3.357596357507446,-5.074381936397198,9.843745944832891,14.918127881230088,0.5988049780215188,0.9810534285052618,1.1493620975503238,-2.3731709868961595,2.8089468488426648,5.182117835738824,0.6260631418648687,1.0167346973457836,1.1940286857477642,-1.16562167875265,3.174566875928948,4.340188554681598,3.169304144975164,1.9939163147595553,3.744354555009592,0.30298334746016803,9.943175855635918,9.64019250817575,0.9999999987498569,0.5900652324282544,2,3,3.3478392729716973,2.78830762271366,Freestyle_1527676714707.csv,1,train,60.000000075,61.96666674425,60.983333409625004,0.0,0
-3.346954088318062,3.535769581908908,4.868651579817689,-10.293863523303877,3.1426328439852886,13.436496367289166,-5.938380492440176,3.2241761967720786,6.7571943157515975,-12.785942962878394,2.882714055226993,15.668657018105387,5.906249394081091,1.981662969556844,6.229829053031561,2.542090191620171,10.025688836861084,7.483598645240914,10.338597285165738,1.134733198442154,10.400683307191077,7.70801592529718,13.480092016177665,5.772076090880485,-0.4981951698694213,1.9997778447365506,2.0609002536708045,-3.8223802152822626,4.878935818441489,8.701316033723751,0.39406150541712986,0.5990454159243911,0.7170354805667859,-0.5032738905021777,2.153645042408117,2.656918932910295,0.308714056020118,0.7493748392592735,0.8104733296656064,-1.16562167875265,2.1831558958333774,3.3487775745860278,1.791922550523251,1.4857086952015623,2.327727809274805,0.052994114406268104,5.342697595940754,5.289703481534485,0.49999999937492845,0.559076726733163,3,2,1.1211671337030824,0.732281716970706,Freestyle_1527676714707.csv,1,train,61.00000007625,62.966666745375,61.9833334108125,0.0,0
-5.976340946793362,1.0700574644583158,6.071381563496232,-10.293863523303877,-1.3098530825063406,8.984010440797537,-6.031850870705762,0.8116614225204662,6.086215506473773,-8.62322853472871,-3.195558058489014,5.427670476239696,5.379235689010191,0.792594590112821,5.437313930811523,4.340870805930926,7.660851525216684,3.319980719285758,10.14927171610038,0.6784981177318575,10.171925877777563,8.119953863360498,12.528572513702818,4.408618650342319,0.03976430125331183,0.5343410254789484,0.5358185617949963,-1.802427940369192,2.12198980416301,3.924417744532202,-0.06401749607033069,0.24073588379475686,0.24910239972661338,-0.5032738905021777,0.6423266506659073,1.145600541168085,-0.06225764085753387,0.27251464346631626,0.27953576649280343,-1.075184162747902,0.5247436673551847,1.5999278301030868,0.44386694715338515,0.47987072705789097,0.6536771232514833,0.052994114406268104,2.187907884008134,2.134913769601866,0.49999999937492845,0.7282020558570513,2,2,0.5668658281981678,0.5847597588255686,Freestyle_1527676714707.csv,1,train,62.000000077375,63.966666746625,62.983333412,0.0,0
-5.403399575192469,0.5495122338679723,5.431269710147041,-6.37924426581955,-4.638044877669327,1.741199388150223,-5.618855532864276,0.4290068289796575,5.635209344692588,-6.531367877129261,-4.985067680639631,1.5463001964896304,6.153145338202717,0.8369826256388437,6.209809777172495,4.809397821151392,7.249978944389619,2.4405811232382275,9.988526745196967,0.21294588989552243,9.990796389254388,9.442317222447224,10.409440510123043,0.9671232876758182,0.028092274951833925,0.14608665177158642,0.14876318676944975,-0.2813177381151189,0.3588412167756112,0.64015895489073,-0.1352979061348144,0.1654157391571804,0.21370046833215273,-0.467486029247376,0.1570871455907069,0.624573174838083,-0.01918013570644164,0.10382242702585064,0.10557923071918833,-0.17000504614596,0.2529839657331279,0.4229890118790879,0.25286581433549254,0.12249175401996411,0.28097215140016846,0.09565472208612834,0.5156992953867638,0.4200445733006355,0.49999999937492845,0.908419033754741,1,3,0.0840579442979223,0.2518874342883506,Freestyle_1527676714707.csv,1,train,63.000000078625,64.966666747875,63.983333413249994,0.0,0
-4.940247290799453,0.2273436922917556,4.945475553339253,-5.48199727470885,-4.415312261184357,1.0666850135244932,-5.4629589342253855,0.3758684753073539,5.475874124535994,-6.367897674178236,-4.917889874212387,1.4500077999658494,6.7333864582138245,0.28375191523146814,6.739362606734767,5.864616561251928,7.249978944389619,1.3853623831376911,9.990602711556392,0.22314049685336143,9.993094326658479,9.561630561218102,10.797256057845937,1.2356254966278346,-0.10366596246563069,0.12434478469654106,0.1618896452993665,-0.3628459547135474,0.2706987278584182,0.6335446825719656,-0.08983401434696617,0.1300899056069462,0.1580934333693689,-0.3497905828337544,0.1570871455907069,0.5068777284244613,0.0716545118203725,0.182439273780636,0.1960062694962122,-0.17000504614596,0.4103521489855235,0.5803571951314835,0.2686234687474865,0.13214265265068553,0.2993664119628178,0.10668428171269456,0.5474025111326872,0.44071822941999267,0.49999999937492845,0.8213263777917084,2,2,0.28896752492497585,0.2026256015278348,Freestyle_1527676714707.csv,1,train,64.00000008,65.966666749,64.98333341450001,0.0,0
-5.451402745858459,0.7080777692113589,5.497196196681039,-7.629356374567752,-4.415312261184357,3.2140441133833955,-4.423145492431794,1.6555307809330162,4.7228167669131915,-6.367897674178236,0.4945827881847897,6.862480462363026,6.8001745182618505,0.623604790830537,6.828708253686387,5.857058059087914,8.575144564034899,2.7180865049469842,9.940052033560937,0.5922720850306544,9.957681489815059,8.18433854801817,12.141645767534238,3.9573072195160677,-0.07345003147350543,0.5744277615265337,0.5791046195082917,-1.7037923297864566,2.149299847712065,3.853092177498522,-0.15202718086794997,0.18418497247736837,0.2388228795763616,-0.7715437322943441,0.1468074709778875,0.9183512032722316,0.37737608031693826,0.37881265414876314,0.5347071468931444,-0.1239997722786451,1.7196332285805922,1.8436330008592372,0.6354916830497357,0.5238898566093921,0.8235959331393007,0.12616467783313545,2.4529749265698,2.3268102487366646,1.4999999981247853,0.5977336059486457,2,3,0.4026969312897398,0.2662737450784571,Freestyle_1527676714707.csv,1,train,65.00000008125,66.966666750375,65.9833334158125,0.0,0
-2.850056728944201,3.5020885185466324,4.515246100705505,-7.629356374567752,3.7437572941026462,11.373113668670399,-4.038572743550398,1.5243028787264428,4.316661797157836,-6.523492313559589,0.4945827881847897,7.018075101744379,7.7507391424964815,1.31657235279604,7.861763161986883,4.339695947768013,10.05457020834126,5.714874260573247,9.998920547413654,0.9219134030163612,10.041331407545126,6.709699304158902,12.141645767534238,5.431946463375335,-0.37474570396078855,0.9377544649146712,1.009860277020771,-3.42870196710008,2.149299847712065,5.578001814812145,-0.5255739197443945,0.609203147956363,0.8045846261242068,-2.2823294754834738,0.0945233308526885,2.3768528063361622,-0.11452260108347187,0.9225437648246702,0.9296248835825127,-1.8485651905235227,1.7196332285805922,3.5681984191041147,1.366249802588206,0.8153147250009573,1.5910300512170403,0.24134415466977513,3.980652108273939,3.739307953604164,0.49999999937492845,0.40657656767873174,2,3,0.5693319865704658,1.0027811536234548,Freestyle_1527676714707.csv,1,train,66.000000082625,67.966666751625,66.983333417125,0.0,0
1.637976066410184,2.272618145914484,2.801385162963559,-5.157772322777133,5.413143397687636,10.570915720464768,-5.604206816688532,1.3800721135261607,5.77163175217813,-8.319041109383447,-3.0872920812287443,5.231749028154702,7.915915300730636,1.402545263907273,8.03920694258147,4.339695947768013,10.05457020834126,5.714874260573247,10.249037000314178,0.8634701765922344,10.285345894994164,6.709699304158902,11.945477910283348,5.235778606124446,-0.3666389285916713,1.201605040937264,1.2562956572259147,-3.4982338770911188,2.1273367497299436,5.625570626821062,-0.5116366007478512,0.617758453919411,0.8021206384414485,-2.2823294754834738,0.4240423361917165,2.70637181167519,-0.028075670501465696,1.1049986177049826,1.1053552317712299,-1.8485651905235227,2.486948814570835,4.335514005094358,1.5482433480103321,1.022951133106659,1.8556633545399444,0.1707564707467543,4.318953458574776,4.148196987828022,0.49999999937492845,0.4305828186001377,3,2,0.6736508462874555,0.8027344436480548,Freestyle_1527676714707.csv,1,train,67.000000083875,68.966666752875,67.983333418375,0.0,0
1.1008648563604526,2.222028195984375,2.479780783803096,-2.2908688527968,5.413143397687636,7.704012250484436,-6.3802303177034805,1.6859528386871618,6.599225400092042,-10.625515592995534,-3.1074410180001206,7.518074574995413,7.35332103517943,1.3301445361325874,7.4726578092011975,4.305100430718619,9.912873210406548,5.607772779687929,10.250326046802398,0.6859440827057346,10.273251839138117,8.734705591230576,11.945477910283348,3.210772319052772,0.11385854583513878,1.3539893613436218,1.3587681770969622,-3.4982338770911188,3.367909502316338,6.866143379407457,-0.18268898341400477,0.56391809884879,0.592772204873066,-0.9328327066730768,1.926251188159914,2.859083894832991,0.7060768338084622,0.9600247815044041,1.1917181194995574,-1.861910519040884,2.486948814570835,4.348859333611719,1.6115109918297876,1.0103733198757847,1.9020572868094798,0.1707564707467543,4.318953458574776,4.148196987828022,0.49999999937492845,0.4394921182278184,4,3,0.6455419747061009,0.844314822438359,Freestyle_1527676714707.csv,1,train,68.000000085,69.96666675425,68.983333419625,0.0,0
0.11421776953190091,1.7572728634719519,1.7609808674632883,-2.2908688527968,3.821889363645399,6.112758216442199,-6.88293259749531,2.0810040346231613,7.190642456260873,-10.805994792691838,-3.1074410180001206,7.698553774691717,7.052104446353821,1.2112319198270514,7.155365810766858,4.305100430718619,9.710167119347576,5.405066688628956,10.244866913682554,1.0238917697573717,10.295904643849633,8.11823420734901,12.841320529248428,4.723086321899418,-0.03727375203240384,1.2018599782046868,1.2024378319899718,-2.499968614552645,3.367909502316338,5.867878116868983,0.052534165252419655,0.6770779784172144,0.6791129709969544,-0.9328327066730768,1.926251188159914,2.859083894832991,-0.23391207485576251,1.2935060086462413,1.3144856991109708,-2.0077225361035,2.045072560230764,4.052795096334264,1.7839097476347605,0.6727479711139941,1.906547618168587,0.4937274579322889,3.6376343175333647,3.143906859601076,0.49999999937492845,0.49308855037368865,3,2,1.2290336030779225,0.9398211130070667,Freestyle_1527676714707.csv,1,train,69.00000008625,70.966666755375,69.9833334208125,0.0,0
2.2101723863810503,1.8024096144118433,2.8519366044226078,-1.5338162268159885,4.933339232938986,6.467155459754974,-7.916007439067025,1.7269097721286355,8.10218434352353,-10.805994792691838,-4.18906120017151,6.616933592520327,5.794919204925068,1.6031638199245626,6.012588695821833,1.0580762345202146,8.649843826341101,7.5917675918208865,10.433051282920587,1.0399986947861941,10.484758287972493,8.11823420734901,12.841320529248428,4.723086321899418,-0.3306472010481209,0.838250138943651,0.9011053584348541,-2.499968614552645,1.1145592146388057,3.614527829191451,0.07381150907942964,0.4388654934454852,0.4450292801712398,-0.7962124600958934,1.3677165898178143,2.163929049913708,-0.5296053258151299,0.8044478173877468,0.9631293225894741,-2.0077225361035,0.3262554112788796,2.3339779473823796,1.1841991921884867,0.7316640571064927,1.3919985701290782,0.20351296202167965,3.0056894060345534,2.802176444012874,0.9999999987498569,0.3748218277927235,3,4,0.4966640553498505,0.6463100820034824,Freestyle_1527676714707.csv,1,train,70.000000087375,71.966666756625,70.983333422,0.0,0
2.215106900064652,1.768568501519093,2.8345252024421166,-2.2921289682581967,4.933339232938986,7.225468201197183,-7.999790861451285,1.6169311967403701,8.161563595411835,-10.492850998557095,-3.3949395154716693,7.097911483085426,5.288412910240641,2.2400151653773372,5.743255091872583,0.2265240433814354,9.345696317773967,9.119172274392533,10.339202677005849,0.8552897166146136,10.374518422343835,8.675980141790685,12.616319861954334,3.9403397201636494,0.1832178895626943,1.0644888753689807,1.0801413615078932,-2.0751722872225136,2.6995512565039563,4.77472354372647,0.025007784988246694,0.3906320467666197,0.39143171214286787,-0.7962124600958934,0.9125943623003376,1.7088068223962312,0.3345726334127342,0.39024964040295895,0.5140366026494325,-0.2147168574734176,1.208183728084441,1.4229005855578585,1.0581903976813567,0.681462293329253,1.2586332964666844,0.20351296202167965,3.050190801626247,2.8466778396045673,0.49999999937492845,0.708956536070226,3,4,0.8236491020106707,0.859812112725053,Freestyle_1527676714707.csv,1,train,71.000000088625,72.966666757875,71.98333342325,0.0,0
-1.0432264834910336,2.522975858289927,2.7301517681936405,-4.860283303989994,3.714283118793636,8.57456642278363,-6.105167706746154,2.10235189744352,6.457008303245432,-9.994909134183963,-1.92472236528696,8.070186768897003,7.165111931833305,2.419591375598384,7.562621993764468,0.2265240433814354,9.99056187856876,9.764037835187326,10.273099753212344,0.8963022853199848,10.312125693867458,8.675980141790685,12.616319861954334,3.9403397201636494,0.46488415325683746,0.9096082475103079,1.0215206507399155,-1.2742636935534943,2.6995512565039563,3.9738149500574504,0.09447321286407194,0.3549656442803444,0.36732246945731517,-0.6208588398306047,0.9125943623003376,1.5334532021309424,0.2076299126037169,0.5289625354247856,0.5682530637760298,-0.78837131152612,1.208183728084441,1.996555039610561,1.0177812457191806,0.6822485740618867,1.2252925287241268,0.1274074422766743,3.050190801626247,2.9227833593495727,1.4999999981247853,0.5792818746952008,3,3,0.7758233457026399,0.8091486121452025,Freestyle_1527676714707.csv,1,train,72.00000009,73.966666759,72.9833334245,0.0,0
-2.6065851126026427,0.9534012289943768,2.7754747076292583,-4.860283303989994,-0.9165834112842248,3.9436998927057694,-3.66772014449647,2.350181418326821,4.35609042116826,-9.104588869041944,1.7911260724012936,10.895714941443238,8.524992134907125,1.3207489233858856,8.626695115677459,3.557246062561173,10.089196389578886,6.531950327017713,10.02402209741375,0.7858964432402911,10.054782555030064,8.866282785850853,12.456700083428723,3.5904172975778703,-0.3303527320377258,1.3258559530158975,1.3663919407375336,-3.778883057586345,1.667056120158148,5.445939177744493,-0.14337390565659136,0.3614974421625511,0.3888913440966411,-0.8644121603256804,0.5079536962009941,1.3723658565266743,-0.10488747015613684,0.40316577073808874,0.4165861496624577,-0.78837131152612,0.7403699565311251,1.5287412680572452,1.0718785497252974,1.021216827101454,1.4804754078728788,0.1274074422766743,3.8578758376136606,3.7304683953369864,0.9999999987498569,0.6012793820687636,3,2,0.6760988960394859,0.8283074548275169,Freestyle_1527676714707.csv,1,train,73.00000009125,74.966666760375,73.9833334258125,0.0,0
-2.780318963111711,1.6029465821987077,3.2093007465834518,-6.688338504884589,0.2704886885763322,6.958827193460921,-5.980626266189284,3.9244253695460922,7.153251359834221,-10.486217297016363,1.7911260724012936,12.277343369417657,5.712744296468717,3.042633342078598,6.4724852298915465,1.3000479180740387,10.089196389578886,8.789148471504847,10.132863711747971,0.8287064313112494,10.166694711171152,8.866282785850853,11.931770496441164,3.065487710590311,-0.5524294451453732,1.363544838933914,1.4712011486016923,-3.778883057586345,1.4312799128636982,5.210162970450043,-0.05181638130056085,0.5594651695894447,0.5618596028856596,-0.8776835039634352,1.2905366088250363,2.1682201127884717,0.0716994244204702,0.5798298631901343,0.5842460763319826,-0.7129984078735574,1.2511939196397384,1.9641923275132958,1.3802525986005152,0.9572696980306075,1.6797209621574312,0.2782103664637752,3.8578758376136606,3.579665471149885,1.4999999981247853,0.30054045823566816,3,4,1.6109821886692524,1.1131322420865257,Freestyle_1527676714707.csv,1,train,74.000000092625,75.966666761625,74.983333427125,0.0,0
-3.719037181149677,1.5187140186273016,4.0171793369413855,-6.688338504884589,0.2704886885763322,6.958827193460921,-7.878126145284544,2.523287500312091,8.27235464485458,-11.497365076234516,-1.0255537696108037,10.471811306623712,4.452500838014404,2.5410737343889704,5.126579701528153,1.3000479180740387,11.083277845744544,9.783229927670504,10.456761253898453,1.2278211231627383,10.528599177075575,6.361949480153226,12.78199228110501,6.4200428009517845,0.2781394721889419,1.3743167994237908,1.4021798141351185,-2.16458762837251,3.601425637143094,5.766013265515604,0.1636495317435199,0.5540789520464394,0.5777409924358439,-0.8776835039634352,1.2906462327011443,2.1683297366645795,0.014301874420374823,0.5588532311573794,0.5590362041826804,-0.7486067827755548,1.2511939196397384,1.999800702415293,1.3884296370304476,0.8274524192430815,1.61629649603522,0.2745755279065711,3.742624756954598,3.468049229048027,1.4999999981247853,0.49720859729231304,3,3,1.7954109302748844,1.4975636036630358,Freestyle_1527676714707.csv,1,train,75.000000093875,76.966666762875,75.983333428375,0.0,0
-4.5723059628844505,1.2224793093499882,4.732910043516308,-6.699694796178805,-1.792981521329704,4.906713274849101,-6.305884052881443,2.3131300686863687,6.7167510303007,-11.497365076234516,-1.0255537696108037,10.471811306623712,5.63415307594694,2.1297222362690453,6.023238139643922,1.6190115917833954,11.083277845744544,9.464266253961148,10.106744968632189,1.2838557975692497,10.187962483731683,6.361949480153226,12.859552689900859,6.497603209747633,0.17224577827290186,1.3782061943980497,1.388927975962034,-2.154129361312664,3.601425637143094,5.755554998455758,-0.006134361247448824,0.4467610944263168,0.4468032071067917,-0.834042508278916,1.2906462327011443,2.1246887409800603,0.11948532316543846,0.4761107857594915,0.4908749563467968,-0.7486067827755548,1.040405624941935,1.7890124077174896,1.2787509574524778,0.8570345616564993,1.5393869724859233,0.2745755279065711,3.742624756954598,3.468049229048027,0.49999999937492845,0.2961714353818654,3,3,1.1842628691048505,0.8736698624224285,Freestyle_1527676714707.csv,1,train,76.000000095,77.96666676425,76.98333342962499,0.0,0
-5.893254060169742,1.104099572871303,5.995788462289322,-8.665507603281558,-3.221726941634856,5.443780661646702,-5.545305706767057,1.3515978418414225,5.707646809988656,-10.357414071487074,-3.5311837778702064,6.826230293616868,5.6715205116806935,0.8342268625195223,5.732545627604196,3.2176108845046847,6.9754739754335136,3.757863090928829,10.039496090437531,0.772857693724349,10.06920010550289,8.417069327229939,12.859552689900859,4.44248336267092,-0.14821764243970453,0.7492547406144772,0.7637742702288756,-2.154129361312664,1.467713462101023,3.621842823413687,-0.04547811768104816,0.305558304871474,0.3089241603755522,-0.7126169655401463,0.7882129710939741,1.5008299366341205,0.15651483985779188,0.3982816250831386,0.42793124211089806,-0.4249126831951884,1.040405624941935,1.4653183081371233,0.7258522831241296,0.5788340727578635,0.9283913079633864,0.08270485055768904,2.277523845120204,2.194818994562515,1.4999999981247853,0.45807486628378175,2,3,0.6899388920917928,0.8289566587989298,Freestyle_1527676714707.csv,1,train,77.00000009625,78.966666765375,77.98333343081251,0.0,0
-5.797701502131691,1.1708998516768423,5.914756898679515,-8.665507603281558,-1.8808035585868192,6.784704044694738,-4.809176589082787,0.48604622260634645,4.833675660973941,-6.518350153305417,-3.997868753005666,2.5204814002997513,6.605923581443402,0.9681204329725884,6.676487365120155,4.799904208024748,10.76800999755424,5.968105789529491,10.12880044673879,0.5758946194590602,10.145159096957418,9.386696900423953,13.012198490335411,3.625501589911458,-0.09736095512708438,0.6171858566550484,0.6248180032923861,-1.8739834460015616,1.467713462101023,3.341696908102585,-0.2492287236400351,0.463969834350998,0.5266715901536113,-1.6240240027100388,0.7882129710939741,2.412236973804013,-0.039631621221567895,0.21222860373389846,0.21589730346507324,-0.6989793320174841,0.7726761349518232,1.4716554669693074,0.5913216915547184,0.6039294692706872,0.8452172186821016,0.08270485055768904,2.4772377000487475,2.3945328494910587,0.49999999937492845,0.35219725956260206,2,2,0.5583362989179714,0.4169839448905541,Freestyle_1527676714707.csv,1,train,78.000000097375,79.966666766625,78.983333432,0.0,0
-1.4518840604123933,3.800046954375453,4.067963148842149,-6.155183015992358,3.489045566373755,9.644228582366113,-6.202406370071533,2.41282044270111,6.655189499046615,-11.580528012414652,-3.898093936175019,7.682434076239632,6.349810343335587,1.7614157289192445,6.589588512677837,2.663109183621223,10.76800999755424,8.104900813933016,10.155073296638129,1.0663182240217628,10.210903398572222,7.994616712474728,13.012198490335411,5.017581777860683,-0.27532617913318813,0.9264565364096341,0.9665020531650287,-2.811621930551811,1.4620961319940222,4.273718062545833,-0.22593941049211025,0.9309007815248912,0.9579273888229606,-1.9302833353784383,1.7609083843571112,3.6911917197355493,-0.4830656064493667,0.7492237433923228,0.8914530822186321,-1.996290651562288,0.7726761349518232,2.7689667865141114,1.3409547782682885,0.9210211623333832,1.6267881542556457,0.306963916802362,3.1989547639804807,2.8919908471781186,0.49999999937492845,0.49489799946034313,1,1,2.56016982950242,1.6877058895870622,Freestyle_1527676714707.csv,1,train,79.000000098625,80.966666767875,79.98333343325,0.0,0
3.4632555341047504,2.0676841640299854,4.033541458406937,-2.27281608004429,8.800940667770742,11.073756747815032,-6.374760452079519,3.122148836132979,7.098266279618114,-12.5878740056565,-0.4772094219712656,12.110664583685235,6.215059810641431,2.3193791505706476,6.633738621166207,0.8802034779241741,10.2085555539191,9.328352075994925,10.409244322997433,1.5195267655257159,10.51956885841826,6.756547598607963,13.382473329534891,6.625925730926928,-0.4700354960751901,1.6407388542445882,1.7067388070230587,-5.015348141307879,1.709745047976314,6.725093189284193,0.2024104612318361,0.9629668806148267,0.9840097601025787,-1.9302833353784383,2.261669277983441,4.191952613361879,-0.49889194115510244,0.7959678078939982,0.9393923142931727,-1.996290651562288,0.7076662617947213,2.7039569133570094,1.8297940640291641,1.189766433705518,2.182588024233779,0.10026691042878307,5.107909020232895,5.007642109804111,1.4999999981247853,0.5249308641968953,2,2,2.0352874383827317,2.0352874383827317,Freestyle_1527676714707.csv,1,train,80.0000001,81.966666769,80.9833334345,0.0,0
3.6294992352664504,1.91174791116903,4.102199992035846,-0.085966924533182,8.800940667770742,8.886907592303924,-7.437987976797914,3.3725128205931423,8.166854221060607,-14.246002301078978,-0.4772094219712656,13.768792879107712,2.9769701549779426,4.439793441468738,5.345476321763872,-4.113877969672924,10.2085555539191,14.322433523592023,10.469750271297157,1.5760707490229184,10.58771315012135,6.756547598607963,15.803883019127975,9.047335420520012,-0.7644278415541174,1.6510432225379645,1.8194212397440108,-5.015348141307879,1.709745047976314,6.725093189284193,0.3824735338572651,0.9175429703195147,0.9940679586849294,-0.908330269248407,2.51204415390568,3.420374423154087,-0.0414398104454039,0.48954078335206547,0.4912916002281179,-1.355244875076327,0.8123424896009078,2.167587364677235,1.5786033250095806,1.431028907059203,2.1306881964685402,0.10026691042878307,5.107909020232895,5.007642109804111,0.49999999937492845,0.5447345212422244,3,3,1.6298228868091342,0.9135854962688249,Freestyle_1527676714707.csv,1,train,81.00000010125,82.966666770375,81.9833334358125,0.0,0
1.5910768230747059,1.599411476408275,2.256023609759436,-1.787662268521017,5.467188031389978,7.254850299910995,-9.921545079613729,1.7241444799724128,10.070239865793997,-14.246002301078978,-6.5208171082301405,7.725185192848837,0.2692872311056371,2.691963313910227,2.7053986945134487,-4.113877969672924,7.449460191413843,11.563338161086767,10.56728884950442,1.4666158153495177,10.668577954849173,7.196771592736464,15.803883019127975,8.60711142639151,0.22574614290337686,1.8315353708906636,1.8453951164613374,-3.538363727253235,3.945208015125416,7.4835717423786505,-0.8005817661482025,1.7424274433104687,1.9175464947402012,-4.335621486055915,2.51204415390568,6.847665639961596,0.5880667856117971,0.9660361738139405,1.1309502347392961,-1.2641222315286709,2.275357170421277,3.539479401949948,2.400801196212957,1.6117288063036812,2.891628629130417,0.1574282146032266,5.018353945460809,4.860925730857582,0.49999999937492845,0.6891784704598841,1,1,1.5990554413076647,4.135845568185736,Freestyle_1527676714707.csv,1,train,82.000000102625,83.966666771625,82.983333437125,0.0,0
-0.325521750444958,1.9264308923230575,1.9537401037265323,-5.375826029514444,2.8225702243427517,8.198396253857196,-9.213705623542621,1.9362258470105655,9.414953098551933,-13.31178756027177,-5.998626338745861,7.313161221525908,3.7282648608479594,3.2159251436077065,4.923630104092092,-2.0309436661633433,8.375982316755389,10.406925982918732,10.743954671364746,1.1260611273033139,10.802804063888408,8.430776416472632,13.565962625605687,5.135186209133055,0.35692073849627687,1.6036536226570335,1.6428929834379824,-2.198673918042404,3.945208015125416,6.143881933167821,-1.7959262663530011,1.063048831512539,2.086965254228447,-4.335621486055915,-0.0572109192885377,4.278410566767378,1.195486893472397,0.6749205014003978,1.3728461660633526,-0.4669806505969237,2.275357170421277,2.742337821018201,2.754040602672705,1.1638248501778818,2.989854164179485,1.120591565300542,5.018353945460809,3.8977623801602665,1.4999999981247853,0.3171136485358106,3,2,2.199812310507347,2.7577509253318135,Freestyle_1527676714707.csv,1,train,83.000000103875,84.966666772875,83.983333438375,0.0,0
0.5026864965999495,2.540716092288261,2.589967562630169,-5.375826029514444,5.182281518354727,10.55810754786917,-7.523706224536725,2.0793128925541913,7.805747719358777,-11.722873776913111,-2.1366763535242335,9.586197423388878,6.397587407228548,1.5828763447982894,6.59049483392949,3.6161340407199023,10.242979670242832,6.626845629522929,10.466598246947077,1.2339257379627517,10.53908210376039,7.300359503573971,13.183467703123087,5.883108199549116,-0.34009959453063043,1.0387903018039593,1.0930475860281015,-3.246274371849769,1.6915124121371408,4.93778678398691,-0.8476104575914393,0.9201044553482247,1.2510138674571205,-2.639500188239209,0.8565795104744955,3.4960796987137046,0.35976262665365843,0.9487643264668815,1.0146836426753387,-1.8273673175334872,1.6118026391952498,3.439169956728737,1.7729686707262757,0.8037124543192544,1.94663083726853,0.20169060064604752,3.6351417545173854,3.4334511538713377,0.49999999937492845,0.5766332280605896,3,2,1.3852982778626766,2.2509183724483406,Freestyle_1527676714707.csv,1,train,84.000000105,85.96666677425,84.983333439625,0.0,0
2.4983288587242503,1.2444281671221207,2.791101673078453,-0.5323366281714984,5.182281518354727,5.714618146526226,-6.128795131538424,2.636977288980639,6.672014612316791,-11.703171992852257,-0.8082532029956592,10.894918789856597,6.868866248974501,2.0044671258189863,7.155362464948235,1.5920320073251149,10.242979670242832,8.650947662917718,10.085647098294258,1.3360247564655314,10.173752480831258,7.300359503573971,13.183467703123087,5.883108199549116,0.4244299906329644,1.3896608217073945,1.453030631589427,-3.246274371849769,4.439414272750077,7.685688644599846,-0.20212707039163996,0.5417011294219928,0.5781829003024643,-1.5633063603577717,0.8565795104744955,2.4198858708322675,-0.038725282348657984,0.6981269423597646,0.6992001681504213,-1.8273673175334872,1.2305059956554834,3.0578733131889706,1.4814210452294199,0.8601546630881505,1.7130307521118575,0.20169060064604752,4.517312298744498,4.31562169809845,0.49999999937492845,0.5128188900196833,3,3,1.012561255827339,1.1856917576985364,Freestyle_1527676714707.csv,1,train,85.00000010625,86.966666775375,85.9833334408125,0.0,0
-0.0567362950936891,4.2470829540040445,4.24746190393424,-10.55093330291438,4.190046199383317,14.740979502297698,-5.404327532800706,3.8769168587794094,6.65110820928932,-13.770934003806737,0.9165845123164844,14.687518516123221,5.967039220868926,3.0839062401744353,6.716847084873591,-1.4597889377397957,9.79857455816316,11.258363495902955,9.897820741915881,3.0703993811103834,10.363117667894315,4.400582180582744,17.25879920754779,12.858217026965043,-0.23850267373918435,2.1779282363360313,2.1909484083406703,-5.1537281166502575,4.439414272750077,9.593142389400334,0.4641655350584753,1.416844794354262,1.490938903920912,-1.0648433367248022,4.813602045459896,5.878445382184698,0.8854190581674071,0.9219606181217636,1.2782716025686882,-0.5273319532989847,2.7627318646976353,3.29006381799662,2.4634615939703104,1.6088781831456933,2.942300466160608,0.3238927542671891,5.5441321371523635,5.2202393828851745,0.49999999937492845,0.5004976167831865,1,1,5.286328525904459,1.6501286502032413,Freestyle_1527676714707.csv,1,train,86.000000107375,87.966666776625,86.983333442,0.0,0
-3.8563878003931222,4.764578109998677,6.129676291069493,-12.01217891989765,4.190046199383317,16.202225119280968,-5.2074620010399,5.5061906575491735,7.578640778500871,-14.11217025135025,9.214551352738445,23.326721604088696,1.3577465030539417,6.744815618934958,6.88011724463938,-12.255093752414709,12.554278523889415,24.809372276304124,11.115292877728395,4.335320636949513,11.930831521014783,4.400582180582744,18.292997530050194,13.892415349467448,-0.020796004596083405,3.519616161834848,3.519677598936616,-5.1537281166502575,6.988319080432679,12.142047197082936,1.1714650669899314,1.374378499973597,1.8058922072946104,-0.6437547063240604,4.813602045459896,5.457356751783956,0.16242025265880025,2.002710301005555,2.0092856661578784,-4.342351758069712,3.07080608543177,7.413157843501482,4.0371705968584335,1.840613898924177,4.436959088503198,0.7959961548610254,7.9986730761452565,7.202676921284231,0.9999999987498569,0.7064997520109288,2,1,4.022077156268872,3.3667675546449782,Freestyle_1527676714707.csv,1,train,87.000000108625,88.966666777875,87.98333344325,0.0,0
-3.6194924476351193,4.540201238037507,5.806388969089564,-12.01217891989765,5.852185952645232,17.864364872542883,-3.0147408681569723,5.1182764760734,5.940152909451254,-14.11217025135025,9.214551352738445,23.326721604088696,3.4890373607966128,7.783285608937897,8.529532025576454,-12.255093752414709,13.526971838467118,25.782065590881828,11.464471321140703,3.2122240504211246,11.905985302500651,4.731017399247976,18.292997530050194,13.561980130802219,0.7779208033652363,2.884123899175941,2.9871945772088986,-4.694532331829726,6.988319080432679,11.682851412262405,0.7119012038031602,0.8534503816287617,1.1113869163701127,-0.4630350902870733,2.894041074200415,3.3570761644874882,-0.5011471972535738,1.542536482167615,1.6219023744150427,-4.342351758069712,3.07080608543177,7.413157843501482,2.5678557166645164,2.4890151969225562,3.5761822705390824,0.04160079127439039,7.9986730761452565,7.957072284870866,0.49999999937492845,0.60989502351392,2,1,1.7793393363349455,0.5508617270554327,Freestyle_1527676714707.csv,1,train,88.00000011,89.966666779,88.9833334445,0.0,0
-3.2002504709277546,3.0144800411719834,4.396440946413081,-10.31045791535861,5.852185952645232,16.16264386800384,-0.45792404588864166,1.2803491125840116,1.3597750850407906,-6.32311871240319,1.633772069778714,7.956890782181904,8.99125026944085,1.1741751230975013,9.067594423408073,6.7963282668522815,13.526971838467118,6.730643571614836,10.067913167354078,1.4269107747980532,10.168527420655186,7.290651130715082,15.032102863499397,7.741451732784315,0.06214144452112711,0.28667150262011715,0.2933293533583848,-0.463319893340005,1.103152118023227,1.5664720113632322,0.10396495365540476,0.30892979748184607,0.3259544927758243,-0.6367140811527711,0.8516882064548466,1.4884022876076175,0.0358304334830977,0.20715766053699314,0.21023348040392323,-0.2845710283181645,0.7970678730500839,1.0816389013682484,0.3891074969502871,0.2916880405539831,0.48629883527018625,0.04160079127439039,1.291491352234923,1.2498905609605326,0.49999999937492845,0.4942112601300401,1,2,0.82992007336397,0.8905174883788642,Freestyle_1527676714707.csv,1,train,89.00000011125,90.966666780375,89.98333344581249,0.0,0
-3.9614651403464767,2.1552316513992826,4.509792625983329,-11.71417079334734,2.7516486874267105,14.46581948077405,0.9983496731710758,2.4276198546177006,2.6248886125805146,-2.7792747870621826,9.550638624358037,12.329913411420218,8.360058824465707,1.694367385543256,8.530033082334418,4.034058297349716,11.128478573597992,7.094420276248275,9.85232334832423,1.7092275400347727,9.999486694003252,5.701255188700408,15.46494153549535,9.763686346794943,0.10026212175590854,0.5229232121527702,0.5324482875051507,-1.1014901531955603,1.583156159790534,2.6846463129860942,0.11092640066782335,0.6437509422558458,0.6532380439169231,-1.2423432569010997,1.9192573852517232,3.161600642152823,0.19812008743511245,0.47201895940085686,0.5119115813098628,-0.3455681643575718,1.615770776316263,1.9613389406738349,0.7233213989664339,0.6701348683391878,0.9860398511047815,0.06166549402181301,2.6183284960576643,2.5566630020358514,0.9999999987498569,0.6476113592273607,1,2,1.2301732497022957,1.3153778857904448,Freestyle_1527676714707.csv,1,train,90.000000112625,91.966666781625,90.983333447125,0.15,0
-8.503409047946949,6.625643665837759,10.779940603888411,-22.296368371631427,2.7516486874267105,25.04801705905814,0.5251570407006334,6.756303705153783,6.7766827927587245,-25.42577292276735,12.916114339731172,38.341887262498524,4.340583950096943,5.9816448290516915,7.3905848137180605,-11.800411241823038,13.949310596680656,25.749721838503696,13.724542554378237,5.328060121550347,14.722475776369757,5.701255188700408,31.551818573174906,25.850563384474498,-0.8741678879283439,2.922085764860419,3.0500417560231865,-9.99998012788116,3.241904693476369,13.24188482135753,0.9196007717130151,2.1212931394771175,2.312044584978382,-7.8716672704285475,6.003540160485643,13.875207430914191,0.6105219031920469,2.624393954030022,2.694472234079723,-5.382621609166677,6.940726869460995,12.323348478627672,3.557034017262496,3.042366594721429,4.680650114742549,0.2935884092639757,10.069875766624792,9.776287357360816,0.49999999937492845,0.8028447981231316,2,3,4.984267086505912,3.102701074503413,Freestyle_1527676714707.csv,1,train,91.000000113875,92.966666782875,91.98333344837499,0.65,0
-10.453483308301205,6.285817139457584,12.197819903065904,-22.653010251929416,2.6925216720349603,25.345531923964376,-0.19748733593221873,6.969729554494686,6.972526895656286,-25.42577292276735,14.917130478304903,40.342903401072256,1.6205151456003313,6.51155108812836,6.710168918173796,-12.562502006905731,13.949310596680656,26.511812603586385,14.471155650025368,5.745864840165102,15.570141573174814,4.653550203328914,31.551818573174906,26.898268369845994,-1.3707628251337751,3.346911930617513,3.6167402718578754,-9.99998012788116,3.241904693476369,13.24188482135753,-0.43858644815679004,4.383328369576904,4.40521573456335,-11.655959589030989,6.003540160485643,17.65949974951663,0.43196784918087544,2.8794466851782254,2.911667809951853,-5.382621609166677,6.940726869460995,12.323348478627672,5.670637559942435,2.9678973973847245,6.400355091526791,1.2484948706139596,12.506295622713312,11.257800752099353,0.49999999937492845,0.6978948503342512,3,2,4.724235651182864,9.895680606178257,Freestyle_1527676714707.csv,1,train,92.000000115,93.96666678425,92.98333344962501,1.0,1
-10.47051965262022,6.031721283539772,12.083602254220922,-22.940220460516752,2.679759709315288,25.61998016983204,-1.626590103179886,7.057222302147569,7.242249787579257,-22.014598151908928,14.917130478304903,36.93172863021383,0.13049251323779193,6.889644808056021,6.890880486351827,-16.984452006057065,10.903122129324972,27.88757413538204,14.402349426173307,6.206463591087494,15.682724868500664,2.750771442137418,29.40656650770497,26.655795065567553,-1.659628699573378,3.510760625358628,3.8832727935359013,-11.822716510388718,4.093266174253071,15.91598268464179,-1.5087801488025656,4.831587802435498,5.0616853151953425,-11.655959589030989,5.874743193945494,17.530702782976483,0.3831470121282392,2.9583972678970487,2.983105098316772,-5.651762390857882,6.710284679442122,12.362047070300004,6.368106409035493,3.007757072950689,7.042682858590455,1.2484948706139596,12.506295622713312,11.257800752099353,0.49999999937492845,0.8217239976396556,2,3,10.43557098025326,3.135693032534499,Freestyle_1527676714707.csv,1,train,93.00000011625,94.966666785375,93.9833334508125,1.0,1
-10.184664694733083,5.9374481287899625,11.789006965228833,-22.940220460516752,0.7914689739131605,23.731689434429914,-1.466080309047615,6.838950037605621,6.994328351560505,-22.014598151908928,12.240527257700831,34.25512540960976,1.389113572521246,7.811143713097344,7.93370043699804,-16.984452006057065,14.758089821789742,31.742541827846807,14.677953697579715,5.950007747170237,15.838084383525677,2.750771442137418,29.40656650770497,26.655795065567553,-1.7627307164255768,3.18574622244148,3.640906284488848,-11.822716510388718,4.093266174253071,15.91598268464179,-0.8198246480718165,4.229220351702754,4.307948146953818,-10.325048917843915,5.874743193945494,16.19979211178941,0.37905296053848,3.0217743621261484,3.0454558677636223,-5.651762390857882,6.710284679442122,12.362047070300004,5.734456265081278,2.864511929742864,6.410102748924474,1.0065963538542213,12.068612222816313,11.062015868962092,0.49999999937492845,0.753563892920897,1,2,6.225801330723634,8.824876198854653,Freestyle_1527676714707.csv,1,train,94.000000117375,95.966666786625,94.983333452,1.0,1
-9.798553989098012,6.421031026056563,11.715003188853581,-25.903023664392087,0.7914689739131605,26.69449263830525,-2.120412545662307,6.2540749545600605,6.603756726368525,-20.567802331644145,10.942930263733404,31.510732595377547,1.1427658728441226,7.976537489518217,8.057981394978942,-14.436266508109233,14.758089821789742,29.194356329898973,14.513233050529383,5.928577670803978,15.677434955302283,5.814029305599797,31.53503736304887,25.721008057449072,-1.3730395192794647,2.8486257716149432,3.162262846161276,-11.430818110709192,3.659695809779062,15.090513920488254,-0.7032476084636422,4.222009309830586,4.280177544343923,-9.91786517810174,5.800038205770031,15.717903383871771,0.4679390553519497,3.0849550072152088,3.1202426758292163,-6.4524317894168925,6.67248170746113,13.124913496878023,5.508373666100338,2.777329658142183,6.168933495782221,1.0065963538542213,11.534088179923199,10.527491826068978,0.49999999937492845,0.748370291818646,1,2,15.710734527884512,3.889722119092205,Freestyle_1527676714707.csv,1,train,95.000000118625,96.966666787875,95.98333345325,1.0,1
-9.15810992266699,6.6676862987342425,11.32823984271078,-25.903023664392087,4.340539913652494,30.24356357804458,-2.6464138180151937,6.159612859703202,6.704053749605742,-20.567802331644145,13.342377834787632,33.91018016643178,1.0602364685848487,7.571149728924774,7.6450251528111375,-14.436266508109233,14.995291158060647,29.43155766616988,14.005456226493253,5.963804162317793,15.222344241236225,2.8158692110076093,31.53503736304887,28.71916815204126,-1.2958285216517942,3.0841753625149835,3.345341421181208,-11.430818110709192,4.0687713585822936,15.499589469291486,-0.6026178134437027,4.092693789406329,4.136821325960888,-9.91069632211448,5.800038205770031,15.710734527884512,0.7007679672621975,2.7830554210607303,2.8699256472313546,-6.4524317894168925,6.67248170746113,13.124913496878023,5.270695747034625,2.95987152931051,6.0449212672980135,0.6179498114417645,11.534088179923199,10.916138368481434,0.49999999937492845,0.7123680939375302,2,2,4.7609494175371125,9.037074174345213,Freestyle_1527676714707.csv,1,train,96.00000012,97.966666789,96.9833334545,1.0,1
-8.972927060695476,7.229959730184965,11.523269403110273,-25.841883349120256,4.452378748391549,30.294262097511805,-1.869136850455097,5.7639113487586044,6.059401505270751,-21.70092081011012,13.342377834787632,35.04329864489775,0.8464791430958608,7.440121100960509,7.488119185526772,-18.647593880156723,14.995291158060647,33.64288503821737,13.751675031281037,6.038662692138934,15.0191215880087,2.8158692110076093,27.984032080833646,25.168162869826038,-1.3593504539106773,3.0859121177562447,3.3720449663463854,-12.222149611384673,4.0687713585822936,16.290920969966965,-0.802484090078243,4.082743743750375,4.1608625538416355,-11.116223524626696,5.053583686742843,16.169807211369537,0.526248839909771,2.58490169580132,2.6379261965534444,-6.04478911132743,5.604848989985072,11.649638101312501,5.160771635565436,3.0014255264839913,5.970102098413934,0.6179498114417645,12.516389980855031,11.898440169413266,0.49999999937492845,0.747168748706174,2,3,8.969798314714703,6.035632577080851,Freestyle_1527676714707.csv,1,train,97.00000012125,98.966666790375,97.9833334558125,1.0,1
-9.506767921536717,7.271878523938856,11.969079061518588,-25.841883349120256,4.98526445747112,30.827147806591377,-1.4041782866476424,6.156024394511701,6.314139134238004,-21.70092081011012,20.40492542046261,42.10584623057273,0.7046216564110694,6.9802067442725235,7.015680855873584,-18.647593880156723,11.584641626184112,30.232235506340835,14.029323979019656,5.960289686799943,15.242932278891411,5.607739625776574,27.984032080833646,22.376292455057072,-1.3079890501350804,3.122152039898746,3.3850655408008237,-12.222149611384673,3.5992301233301243,15.821379734714796,-0.5798250967319738,4.0149654229942024,4.0566173704996205,-11.116223524626696,5.053583686742843,16.169807211369537,0.4342194102123892,2.7164387190119856,2.750924537378783,-6.04478911132743,5.604848989985072,11.649638101312501,5.34103028392345,2.6373840301938745,5.956710419057578,1.1310849671610368,12.516389980855031,11.385305013693994,0.49999999937492845,0.7566440717840276,1,2,5.887809130515786,9.941194532123495,Freestyle_1527676714707.csv,1,train,98.000000122625,99.966666791625,98.983333457125,1.0,1
-10.571995684931242,6.51637664911102,12.418947515602285,-27.084916626201977,4.98526445747112,32.0701810836731,-0.4728959315065103,6.959864478580356,6.975911705450408,-20.12398322769341,20.40492542046261,40.52890864815602,0.6459667085495471,6.91314616717019,6.943260251295079,-11.311021589004351,11.584641626184112,22.895663215188463,14.862822837488796,5.495358199076738,15.846212936684223,7.178976938045789,27.424824783683402,20.245847845637613,-1.8313680081164365,2.9432803177924076,3.4665267646819835,-10.131080708894665,3.2194172983634495,13.350498007258114,-0.9380653670552003,4.419663822940953,4.518118517777221,-12.44357965560378,5.663559168544682,18.107138824148464,0.130333129868811,3.384237724841933,3.3867464775186087,-6.684187968199385,5.765675976953458,12.449863945152842,5.885885592132167,3.0424669678163556,6.625726711382132,1.1310849671610368,13.65457483068204,12.523489863521004,0.49999999937492845,0.7292569175440842,2,2,9.45951710764567,5.560258824543803,Freestyle_1527676714707.csv,1,train,99.000000123875,100.966666792875,99.983333458375,1.0,1
-10.957545158387681,6.493527746011715,12.737099296399053,-27.084916626201977,2.2000143359361615,29.284930962138137,-0.8730827899575948,7.38084076098513,7.43230004084467,-20.12398322769341,15.861165175827514,35.985148403520924,1.4617040155097176,7.0484213141276655,7.198390212429887,-11.311021589004351,17.62188615246825,28.9329077414726,15.281832666678419,5.97956473177737,16.410045826684193,6.401697983894311,28.59592032526004,22.194222341365727,-2.010728700894781,2.5795537611232824,3.2706463451628776,-10.131080708894665,2.1610111107148113,12.292091819609476,-0.44070051707071506,4.308743562423585,4.331222463978626,-12.44357965560378,5.663559168544682,18.107138824148464,0.09974982064823289,3.4243627680037196,3.425815288892477,-6.684187968199385,5.765675976953458,12.449863945152842,5.640211919320687,3.0628149546393875,6.418163751511005,1.1622564685803898,13.65457483068204,12.492318362101651,0.49999999937492845,0.6805896193257376,1,2,5.91658429641836,10.279938904371802,Freestyle_1527676714707.csv,1,train,100.000000125,101.96666679425,100.983333459625,1.0,1
-10.077551564054472,6.504537340074385,11.994417515436034,-25.9322483411083,2.2000143359361615,28.13226267704446,-0.6204860294250671,6.981760122505438,7.009277945760093,-20.437749562983697,15.322824910874644,35.76057447385834,1.3955470251523168,7.146555902333301,7.281539175516837,-14.476332347674504,17.62188615246825,32.09821850014275,14.468686225776931,6.05590294837334,15.684924023408719,6.401697983894311,28.59592032526004,22.194222341365727,-1.8662224844161013,2.6092356406641612,3.2079427971602485,-10.87131776200618,2.8659860037786045,13.737303765784784,-0.4595781026208728,4.176048247583519,4.201260643967948,-12.14474174318901,4.938451152175317,17.083192895364327,0.2742785211918025,3.35359223150754,3.36478967580663,-6.27686581968152,6.661582805817208,12.938448625498728,5.514338991417516,2.975796202456354,6.26604321329028,1.1622564685803898,13.573429688527407,12.411173219947017,0.49999999937492845,0.7092363279464434,2,3,7.598346213593036,5.292057533462342,Freestyle_1527676714707.csv,1,train,101.00000012625,102.966666795375,101.9833334608125,1.0,1
-10.302458204437364,6.668880925702775,12.272514732335058,-25.9322483411083,1.3497314722087226,27.281979813317022,-0.912102567816998,6.609312025262819,6.671951479252683,-20.437749562983697,13.804068351732488,34.24181791471619,1.5224465412278387,7.363115317107324,7.518863653765582,-14.476332347674504,20.726657493263012,35.20298984093752,14.616014919296056,6.167250028960666,15.863885559370384,3.8662829603358535,28.512539749611342,24.64625678927549,-1.7589694089197916,2.6945926612828104,3.2178879706656693,-10.87131776200618,2.8659860037786045,13.737303765784784,-0.454340716893158,4.047830998993369,4.07324947473619,-12.14474174318901,4.929410452051911,17.07415219524092,0.23249597934005795,3.451447895375989,3.4592697141021884,-6.27686581968152,6.661582805817208,12.938448625498728,5.423293345965082,3.082304416132349,6.23800538875193,1.156402946098933,13.573429688527407,12.417026742428474,0.49999999937492845,0.6706870231432475,1,2,5.599911339252811,9.279674915088112,Freestyle_1527676714707.csv,1,train,102.000000127375,103.966666796625,102.983333462,1.0,1
-9.883669017549922,6.590858230341092,11.879660157636293,-22.879371803155045,1.3497314722087226,24.22910327536377,-0.9814526624854192,6.353132748047267,6.428494772729488,-19.91505584389502,13.804068351732488,33.71912419562751,1.5493754565935747,7.730541291007867,7.884277579935408,-13.337940543470465,20.726657493263012,34.06459803673348,14.354155375388542,6.210630154872994,15.640131184277632,3.8662829603358535,28.512539749611342,24.64625678927549,-1.5912346167516642,2.346776051201901,2.8353810043878767,-9.069118701715515,2.458193083791705,11.527311785507221,-0.6071720507701073,3.953726934983275,4.000076821218389,-9.2036895644044,5.938027128987099,15.141716693391498,0.7101260092185252,2.8221670801262246,2.910138480745686,-5.74197507793349,5.665793605136551,11.407768683070042,5.105420626525233,2.538421993889064,5.701658179232514,1.156402946098933,9.625256529184504,8.468853583085572,0.49999999937492845,0.6993687447201198,1,3,10.571595490214756,3.9544825258180842,Freestyle_1527676714707.csv,1,train,103.000000128625,104.966666797875,103.98333346325,1.0,1
-9.703732769486049,6.575982963859108,11.722029756085872,-22.879371803155045,4.994127162757167,27.873498965912212,-0.8585381793046802,7.452358570473196,7.501648889959401,-19.91505584389502,22.02050116821546,41.93555701211048,1.006787167179512,7.438732316114982,7.506554394048624,-13.337940543470465,13.670817434377886,27.00875797784835,14.615540637531865,6.034488247917722,15.812307755087568,4.346706696951269,28.689938895726428,24.34323219877516,-1.7205199654657373,2.470245991771385,3.0103661258107484,-9.069118701715515,3.207034714643362,12.276153416358877,-0.5451524656778924,3.9887504795643234,4.025831789712445,-9.2036895644044,5.938027128987099,15.141716693391498,0.48610274867866465,2.8508969072764367,2.8920423679799896,-5.74197507793349,5.665793605136551,11.407768683070042,5.2782787412242715,2.4027709833896664,5.79944263431232,1.0696013626865213,9.625256529184504,8.555655166497983,0.49999999937492845,0.6812344429123806,2,1,4.70733873198984,12.694897359620134,Freestyle_1527676714707.csv,1,train,104.00000013,105.966666799,104.98333346449999,1.0,1
-9.967835984042242,6.104740910700225,11.688696068918228,-22.847119710895633,4.994127162757167,27.8412468736528,0.4142008257997688,7.725837912027348,7.736933098263957,-18.506540603816777,22.02050116821546,40.527041772032234,1.499233628920607,6.9588322959651645,7.118500431794203,-10.68322906783765,18.267452341667816,28.950681409505464,14.675589055764753,5.637897109945234,15.721284869755747,7.187238460754675,28.689938895726428,21.502700434971754,-2.1172151152863212,2.842871361709727,3.544646304446495,-10.523285985835566,3.291557849663554,13.814843835499119,-0.5870225926602722,4.0927288155873285,4.134613002716511,-11.12986948404726,5.3023620992068095,16.43223158325407,0.18076450753907067,3.3303570024177627,3.335259145964354,-6.281771589080326,6.2468195919223595,12.528591181002685,5.68963407272487,2.9002689177187864,6.386195712362525,1.0696013626865213,12.593516153400596,11.523914790714075,0.49999999937492845,0.6541697792216046,1,3,11.49493256794016,5.644185319514592,Freestyle_1527676714707.csv,1,train,105.00000013125,106.966666800375,105.9833334658125,1.0,1
-10.120168118148827,6.158118622556695,11.84652808670437,-22.847119710895633,3.4031196455138764,26.25023935640951,0.025541143815003824,7.393865180815009,7.393909294960004,-18.506540603816777,17.594554468510616,36.1010950723274,1.6354000772845907,6.644010748966464,6.8423250613489826,-9.314335428925146,18.267452341667816,27.58178777059296,14.47637557825072,5.679972247622518,15.550804950752093,7.187238460754675,27.235671111498483,20.04843265074381,-2.083812344368511,2.7494059282078744,3.449856061433172,-10.523285985835566,3.291557849663554,13.814843835499119,-0.4339032375365137,4.13439730771044,4.15710393393622,-11.12986948404726,5.3023620992068095,16.43223158325407,0.2350234445991933,3.395847779560975,3.4039709401609866,-6.281771589080326,6.2468195919223595,12.528591181002685,5.6890806683751585,2.8990341964757373,6.385141981476658,1.027068564629712,12.593516153400596,11.566447588770885,0.49999999937492845,0.653117353171743,3,1,3.9493816848090013,14.5629632878491,Freestyle_1527676714707.csv,1,train,106.000000132625,107.966666801625,106.983333467125,1.0,1
-10.166710382790187,6.514195265446654,12.074632083997482,-22.309723030310412,3.4031196455138764,25.712842675824287,-0.40512682447275616,7.253918760874957,7.265222992674144,-18.165991764706103,19.81539067560827,37.98138244031438,1.106155067787291,7.121266742898788,7.2066649053156215,-13.495216500951509,15.73326616549239,29.2284826664439,14.65109692787824,5.988454138140077,15.827704323580544,3.795876777714114,26.927694946896715,23.1318181691826,-1.981434290378207,2.677449772142713,3.3308886396025987,-10.524761588462754,2.92673161629453,13.451493204757284,-0.32109140514593454,4.159907172061567,4.172280835541618,-11.54064934051131,5.680696515562222,17.221345856073533,0.26361666793894495,3.4019245357854815,3.412123135936699,-5.8642304162698204,7.099884617143016,12.964115033412837,5.634516629139728,2.8978531969035055,6.336034311369849,1.027068564629712,12.354238091858644,11.327169527228932,0.49999999937492845,0.6150887588013424,2,3,7.5053794851533215,5.882489464205384,Freestyle_1527676714707.csv,1,train,107.000000133875,108.966666802875,107.98333346837501,1.0,1
-10.282009818221471,6.318561037531256,12.06830309061762,-22.11489973227926,4.528455570505411,26.64335530278467,-0.4711492704846953,7.032773315157167,7.048537588568637,-18.165991764706103,19.81539067560827,37.98138244031438,1.2408411628557177,7.323474554289669,7.427850721357115,-13.495216500951509,15.73326616549239,29.2284826664439,14.636067564989032,6.023646254248101,15.827153501601012,3.795876777714114,28.241034497045227,24.445157719331114,-2.005987484561348,2.6240664809633745,3.3029851172435323,-10.524761588462754,2.1676210506537608,12.692382639116515,-0.4021844487917783,4.0825098217167035,4.102272391646281,-11.54064934051131,5.680696515562222,17.221345856073533,0.357734566969574,3.2832063979488546,3.302638077649018,-5.662950475123894,7.099884617143016,12.762835092266911,5.416978579240876,3.049936196706133,6.216572024189277,1.1228282104824083,12.354238091858644,11.231409881376235,0.49999999937492845,0.5929380706607107,1,1,6.074605972406274,14.722617012096592,Freestyle_1527676714707.csv,1,train,108.000000135,109.96666680425,108.983333469625,1.0,1
-10.073713147496996,6.1280539929819815,11.791214624412373,-23.704747121661597,4.528455570505411,28.23320269216701,-0.8030018519864321,6.814233372621314,6.861383856835273,-18.60724322731692,17.15331928699661,35.760562514313534,1.2294564105913515,7.1245441708732,7.229847350274241,-14.494297459486445,13.370790228432371,27.865087687918816,14.283540631515535,5.861952787758376,15.43962510743261,4.9056191521061425,28.241034497045227,23.335415344939086,-1.9280885600674498,2.578715241009789,3.219828844780285,-9.50659278839492,2.7432246819895068,12.249817470384427,-0.3678316620186139,3.98076717430017,3.9977252816531976,-10.789311887793955,5.207978344726766,15.997290232520722,0.6090210175349698,3.0611027150264594,3.12109859372332,-6.151302140280831,6.949815433722619,13.10111757400345,5.31475218511554,2.800673286872206,6.007525418089379,1.1228282104824083,11.710763795766733,10.587935585284324,0.49999999937492845,0.6132905254412376,2,3,7.272776843949943,4.451586509380111,Freestyle_1527676714707.csv,1,train,109.00000013625,110.966666805375,109.9833334708125,1.0,1
-10.007759882708163,6.4664186816474425,11.915109249868502,-23.704747121661597,8.781256494969277,32.486003616630875,-0.030583960084760786,7.693494678347029,7.693555468336373,-18.60724322731692,28.42235098837155,47.029594215688476,0.8243265614865902,6.770294797358328,6.8202936830542376,-14.494297459486445,10.986217595523245,25.48051505500969,14.592171174492925,5.894537345549508,15.737758102848703,4.9056191521061425,30.77652492630837,25.870905774202228,-1.978805673075286,2.6080198017196383,3.273750017633704,-9.50659278839492,2.7432246819895068,12.249817470384427,-0.5616114052385811,4.122134663276787,4.160216527139193,-10.789311887793955,5.207978344726766,15.997290232520722,0.5399551982656466,3.0894966329957145,3.1363260451403887,-6.151302140280831,6.949815433722619,13.10111757400345,5.561635497597134,2.6324118948090502,6.153160309309738,1.454931515085998,11.710763795766733,10.255832280680735,0.49999999937492845,0.6804115880219437,2,1,4.661810389791718,14.396064894313886,Freestyle_1527676714707.csv,1,train,110.000000137375,111.966666806625,110.983333472,1.0,1
-10.633781223912045,6.465062848426146,12.444851977911359,-23.75604876068267,8.781256494969277,32.537305255651944,0.5373240904265868,7.9634176321619,7.981524764252743,-21.025554739985303,28.42235098837155,49.44790572835686,1.5924144854624174,6.4932545857066835,6.685666683907552,-9.878970853611886,14.459421887918843,24.33839274153073,15.12148886092645,5.883688634835535,16.225819465371092,7.8666742792820274,30.77652492630837,22.909850647026342,-2.1372556998864067,2.7359310143625337,3.4717690651953994,-9.956897200381515,2.67651442805333,12.633411628434846,-0.7718402925839386,4.4112658902193465,4.4782813881520145,-12.634200637079706,4.812947418197539,17.447148055277246,0.22858433647604182,3.3087794053349575,3.316665788416274,-6.534974943289353,6.549209482034424,13.084184425323777,5.827300679002706,3.0250658475580363,6.565703053410762,1.4771472256342237,13.66559025104616,12.188443025411935,0.49999999937492845,0.6281103164706696,2,3,7.299021762624849,6.283255527650145,Freestyle_1527676714707.csv,1,train,111.000000138625,112.966666807875,111.98333347325,1.0,1
-10.35273864081145,6.5683762342609615,12.260618406905696,-23.75604876068267,3.582616858698753,27.338665619381423,-0.14970231035907652,6.9807933234301265,6.982398313342878,-21.025554739985303,17.74708096043064,38.77263570041595,1.9735216285757906,6.647727117139381,6.9344836464156945,-9.878970853611886,14.498445233072554,24.37741608668444,14.576164185366736,5.890598527277767,15.721441198832089,5.738632003091341,26.908671894968098,21.170039891876755,-2.028522110354855,2.674530399602229,3.3567863814361156,-9.956897200381515,2.938478319895327,12.895375520276843,-0.4882704300103449,4.3706670298555315,4.397856102544587,-12.634200637079706,4.812947418197539,17.447148055277246,0.2576956214083958,3.332662442117834,3.342610654323334,-6.534974943289353,6.549209482034424,13.084184425323777,5.6434061793108965,3.1518511689156705,6.46391515226488,1.1804060841515207,13.66559025104616,12.485184166894639,0.49999999937492845,0.5916151481501729,2,1,4.925675961508765,15.55660464481852,Freestyle_1527676714707.csv,1,train,112.00000014,113.966666809,112.9833334745,1.0,1
-9.454721507165761,6.286706160204249,11.354049195014653,-22.106819370501995,3.582616858698753,25.689436229200748,-0.7567038228747534,6.892849149297515,6.934260600130683,-20.33880284824751,18.270514728917895,38.609317577165406,0.9773329015435362,6.684488035328056,6.755557704207955,-12.431140362118873,14.498445233072554,26.929585595191426,13.892386232462762,5.444039663365818,14.920990687223858,5.738632003091341,26.908671894968098,21.170039891876755,-2.0026279274573993,2.6187043492504567,3.2966848628001406,-8.826546402916946,3.010576929956333,11.83712333287328,-0.16431167697777393,4.034235447989327,4.0375802130737775,-11.108119561133384,5.315419740388928,16.42353930152231,0.3406873204242835,3.2351482565888,3.253037364127168,-6.140927869857083,5.732775189900729,11.873703059757812,5.428292769433726,2.8785542835495437,6.144301193303263,1.1804060841515207,12.384437021537071,11.20403093738555,0.49999999937492845,0.5973216505172722,2,3,6.693844142587403,3.881944138231706,Freestyle_1527676714707.csv,1,train,113.00000014125,114.966666810375,113.9833334758125,1.0,1
-9.95421670273986,5.78436922003022,11.512834465879296,-23.699680973082938,3.17240548737129,26.872086460454227,0.3954230527789895,6.978051050420167,6.989245728470208,-20.33880284824751,18.270514728917895,38.609317577165406,0.9031178994944951,6.834635214706574,6.8940452898493865,-12.431140362118873,14.909930019932736,27.34107038205161,14.168542490536218,5.308029525543495,15.130194108145863,7.313292063691999,27.398540808573642,20.085248744881643,-2.02073573808218,2.6279372789839557,3.3150305074668815,-8.826546402916946,3.010576929956333,11.83712333287328,-0.4436416771763031,4.033026620422959,4.05735402186795,-11.108119561133384,5.315419740388928,16.42353930152231,0.22389365699168054,3.2772943975528324,3.28493332320038,-6.140927869857083,5.732775189900729,11.873703059757812,5.441402631841759,2.938277260617525,6.1840387985584675,0.801519856233576,12.384437021537071,11.582917165303495,0.49999999937492845,0.6522723066991508,2,1,4.159330519259324,14.61274195283771,Freestyle_1527676714707.csv,1,train,114.000000142625,115.966666811625,114.983333477125,1.0,1
-10.496007936706757,5.7201051792876765,11.953484256463675,-23.699680973082938,3.17240548737129,26.872086460454227,0.3054596105601825,6.761023265546444,6.76792000329081,-19.006957158035203,18.18977023827205,37.19672739630725,1.4796080542580425,6.5590001367143325,6.7238175754287015,-12.00339559536954,14.909930019932736,26.913325615302277,14.29426850925943,5.438210883489805,15.293797756872317,7.313292063691999,27.398540808573642,20.085248744881643,-1.9036397396888125,2.4716102485373073,3.119727789278599,-9.925698668836738,2.600657460894609,12.526356129731347,-0.5155063265177817,4.112931739134993,4.145112092991438,-10.238148727124592,4.697123231255684,14.935271958380277,0.47059991424502645,3.072892154054364,3.108718460995832,-6.147537591371805,6.116292800527026,12.26383039189883,5.367488944359314,2.7872654420736134,6.0480398653115115,0.801519856233576,10.944222398646254,10.142702542412678,0.49999999937492845,0.6332832354905708,2,3,6.707692623385202,3.419014210425509,Freestyle_1527676714707.csv,1,train,115.000000143875,116.966666812875,115.983333478375,1.0,1
-10.449889410156878,5.775685364042232,11.939796066471173,-22.653499030792982,2.6737000743785053,25.327199105171488,-0.0013405811719980677,7.7528402953670845,7.752840411270276,-19.006957158035203,29.29212322109337,48.29908037912857,1.4258971449412998,6.414740065952113,6.571306778844149,-12.00339559536954,14.576565258178768,26.579960853548307,14.535332013141524,5.87975004579039,15.679519678014024,7.980917346515585,35.2867255849328,27.305808238417217,-1.9879617940610885,2.603624409873461,3.2757979428431647,-9.925698668836738,2.6512793581788654,12.576978027015603,-0.5023400892754784,4.0905218328571875,4.121251561161321,-10.238148727124592,4.697123231255684,14.935271958380277,0.4860473167322912,3.108300962598546,3.1460732458405523,-6.3716618588047504,6.116292800527026,12.487954659331777,5.557784242232004,2.5931405240945704,6.132971829456242,1.7110623074508626,10.944222398646254,9.23316009119539,0.49999999937492845,0.600919866404428,2,1,4.532077102732883,13.338361905194846,Freestyle_1527676714707.csv,1,train,116.000000145,117.96666681425,116.983333479625,1.0,1
-10.58073406593173,6.010861735546274,12.16891088708528,-22.653499030792982,2.6737000743785053,25.327199105171488,0.6355722283784585,8.201602755405569,8.226192303548595,-20.035401159320692,29.29212322109337,49.32752438041406,1.6906766447892232,6.71897039293776,6.9284161724314695,-10.493721853718094,15.40848191124269,25.902203764960785,15.009190653477672,6.203207120413858,16.240553643616792,6.658964585698233,35.2867255849328,28.62776099923457,-2.109965669529529,2.8998433340363596,3.5862301220847916,-9.750993471362507,3.33055064188128,13.081544113243787,-0.5753476520398474,4.33779518375158,4.375784726981683,-12.438803623600268,5.578332500185168,18.017136123785434,0.1999656087723796,3.286504410625255,3.29258219119143,-6.3716618588047504,6.377996909291348,12.749658768096099,5.7923981040156765,3.04922287735433,6.545963332557357,0.898912783109311,13.454782006373026,12.555869223263715,0.49999999937492845,0.5997505165145203,2,2,7.781871363931971,7.825563327880113,Freestyle_1527676714707.csv,1,train,117.00000014625,118.966666815375,117.9833334808125,1.0,1
-10.649635253852473,6.5135954182759885,12.483655566903604,-22.968060559069713,3.2465675528088997,26.21462811187861,-0.2154160142277564,7.752333829436042,7.755326160917042,-20.035401159320692,19.334369046685296,39.36977020600599,1.64152419913883,6.525485023034856,6.728785661782561,-10.493721853718094,15.40848191124269,25.902203764960785,14.94975231849776,6.145583965179312,16.163641194282253,6.25898792091451,28.219421700721504,21.960433779806994,-2.083500118322223,2.8401800636636017,3.522441701019464,-9.750993471362507,3.33055064188128,13.081544113243787,-0.33102582808983416,4.3501138723354895,4.362690546113513,-12.438803623600268,5.578332500185168,18.017136123785434,0.10258969456696623,3.3485584278057092,3.3501295780700766,-6.295693973547538,6.377996909291348,12.673690882838887,5.779027491125684,3.0441540343587588,6.531771010077521,0.898912783109311,13.454782006373026,12.555869223263715,0.49999999937492845,0.5667662184973223,3,1,4.297765277490741,15.748255164542124,Freestyle_1527676714707.csv,1,train,118.000000147375,119.966666816625,118.983333482,1.0,1
-9.602532326912517,6.440680755535697,11.562482245786489,-23.07192938945642,3.2465675528088997,26.31849694226532,-0.09114721673018274,7.179037956252685,7.17961654912255,-18.006178732353636,20.671291143344295,38.67746987569793,0.6363009532311085,6.476054811809887,6.507239416883999,-9.96730231164699,12.823460734034386,22.790763045681373,13.961206439288617,5.715485024455668,15.085822957505865,6.25898792091451,27.508467708498177,21.249479787583667,-2.214761370358775,2.660884523292633,3.4620043867580157,-8.806497329287176,3.1927778324702256,11.999275161757401,-0.1562095457376803,4.027867082454642,4.030895019235956,-10.703927194216764,5.869011237981791,16.572938432198555,0.2123323838502716,3.3218228603602857,3.328602132554104,-5.89290171741066,7.467217204581408,13.360118921992068,5.6431886130171405,2.7326916153840695,6.270022423155814,0.8870359013991921,11.936462450650303,11.04942654925111,0.49999999937492845,0.6066029729440585,2,2,7.089049312466043,5.696405671056006,Freestyle_1527676714707.csv,1,train,119.000000148625,120.966666817875,119.98333348325,1.0,1
-8.993773830373849,6.2332828424501,10.942658849927668,-23.07192938945642,12.242882730988155,35.31481212044458,0.7515516820176972,6.625912023743803,6.668398614145403,-15.544523355553004,20.671291143344295,36.2158144988973,1.45930661574226,7.342038385851396,7.48565985455287,-9.96730231164699,17.80062427464043,27.76792658628742,13.752451703123711,5.578037145300388,14.840634293759184,6.291107196017291,30.702928299835506,24.411821103818216,-2.1458044734337705,2.580773116838488,3.3563174341537816,-8.806497329287176,2.2393967733189064,11.045894102606082,-0.3203524410274702,3.9646021715660567,3.977523861054583,-10.703927194216764,5.869011237981791,16.572938432198555,0.5784633096316244,3.035320346923156,3.089949742153694,-5.89290171741066,7.467217204581408,13.360118921992068,5.22886099155153,3.048338059357856,6.0525492309521,0.7372735548134467,11.936462450650303,11.199188895836857,0.49999999937492845,0.6353414025207842,1,1,6.615749392239864,13.802823372570664,Freestyle_1527676714707.csv,1,train,120.00000015,121.966666819,120.98333348450001,1.0,1
-10.333595976024355,6.647124063309083,12.286881789483019,-26.259646494856785,12.242882730988155,38.50252922584494,-0.4991300661340437,7.482916614667482,7.499544778517268,-19.418065703577415,20.201939841177275,39.62000554475469,1.7261417231653438,7.6161904400232965,7.809348376603165,-13.718086169989444,17.80062427464043,31.518710444629875,15.222155240367506,6.040078467952357,16.376707790666277,6.132771274501171,30.789667320169286,24.656896045668116,-2.008873794811149,2.582994774014834,3.272221863820803,-8.183498414067781,4.408168823719595,12.591667237787377,-0.17198003688410657,4.0608134611037086,4.064453603987594,-11.619688863004184,5.831020270160991,17.450709133165176,0.7541555821892584,2.951718604817425,3.046537930860626,-6.292301573352108,6.343988296574466,12.636289869926575,5.182559536030419,3.1063948629733695,6.042235711159171,0.7372735548134467,13.300458645632935,12.563185090819488,0.49999999937492845,0.5496580480075439,2,3,7.593218655533461,4.790491796174568,Freestyle_1527676714707.csv,1,train,121.00000015125,122.966666820375,121.9833334858125,1.0,1
-10.081078779311879,6.556208156396001,12.025473576732258,-26.259646494856785,12.283245480729663,38.54289197558645,0.17163915335810115,8.087504104833123,8.089325228018597,-19.418065703577415,27.70883897993472,47.12690468351214,0.8663533191618176,7.3116976724717455,7.362845301053897,-13.718086169989444,18.432762090351165,32.15084826034061,15.081305419632987,6.067529576058442,16.256096958267545,6.132771274501171,36.676570758825555,30.543799484324385,-2.0267453606244374,2.8147584564037538,3.4685100439106598,-8.183498414067781,4.408168823719595,12.591667237787377,-0.30960826750278053,4.173749384831954,4.185216984421618,-11.619688863004184,5.831020270160991,17.450709133165176,0.6267810570835396,3.046672517361955,3.1104771212094438,-6.292301573352108,6.343988296574466,12.636289869926575,5.59073448494529,2.8222967547391655,6.262720738861642,1.1529572812998228,13.300458645632935,12.147501364333111,0.49999999937492845,0.5937158795296779,2,2,4.574183405741216,8.686792466050669,Freestyle_1527676714707.csv,1,train,122.000000152625,123.966666821625,122.98333348712501,1.0,1
-10.195621818245977,6.664722316299766,12.180690777377016,-24.756628756421552,12.283245480729663,37.03987423715122,0.4531702770018568,7.800518146839381,7.813670498499949,-18.364000333079456,27.70883897993472,46.07283931301417,1.4268763897674503,6.739093411628103,6.888494483000265,-10.077969126129169,18.432762090351165,28.510731216480334,14.830657732999065,6.076645614330831,16.027290186289477,7.345973970896417,36.676570758825555,29.33059678792914,-2.020838961817493,2.8739895127300334,3.5133468130661134,-9.797612893905946,4.030838070707373,13.82845096461332,-0.5671557069893077,4.3023954108975495,4.339616557679126,-12.099326732672626,5.019236835504472,17.1185635681771,0.09126743043965521,3.2816404192818944,3.282909317255611,-6.6021943100140605,5.480522525230124,12.082716835244184,5.755606766189185,2.970919392189162,6.477142215660264,0.6222012833523592,13.262340246919496,12.640138963567138,0.49999999937492845,0.6118377343145935,2,3,6.797720805234841,5.406378261657298,Freestyle_1527676714707.csv,1,train,123.000000153875,124.966666822875,123.983333488375,1.0,1
-10.51279757056758,6.372859051439862,12.293585532677218,-24.756628756421552,2.209773712119853,26.966402468541403,0.11431119847683127,6.944796088304185,6.945736804560213,-18.364000333079456,15.644768383459905,34.008768716539365,1.6726676056279701,6.67082377984511,6.877332827533084,-10.077969126129169,13.753471535676075,23.831440661805246,14.614361436127497,5.752708200697001,15.705833687777835,6.165991263079995,29.660935612976694,23.4949443498967,-2.0441074612022843,2.571712231265819,3.285129999465024,-9.797612893905946,3.2451051652308527,13.0427180591368,-0.4550965246811071,4.289312937217449,4.313388264480465,-12.099326732672626,5.019236835504472,17.1185635681771,0.1205195477916991,3.262590025469188,3.264815252918755,-6.6021943100140605,5.480522525230124,12.082716835244184,5.550692974712222,3.040760360454966,6.329013830703312,0.6222012833523592,13.262340246919496,12.640138963567138,0.49999999937492845,0.6062850698075014,1,2,6.029476225744278,9.028106475858504,Freestyle_1527676714707.csv,1,train,124.000000155,125.96666682425,124.983333489625,1.0,1
-10.038228138085211,6.439548295212063,11.926181551469616,-23.067633779289334,2.209773712119853,25.277407491409186,0.1399415338603808,7.019607902330939,7.021002687320818,-19.517424741098292,18.20851589141233,37.72594063251062,1.46535062119154,6.882868118750061,7.037124837824921,-12.486476066782997,13.753471535676075,26.239947602459072,14.434868836310509,5.7169898369355625,15.525766039623065,6.165991263079995,26.900993688339188,20.735002425259193,-2.015639908577867,2.9687121785700934,3.588322204072843,-9.31135992228956,2.992044641152395,12.303404563441955,-0.06482986500093815,3.955996432302038,3.956527604324592,-10.592975684453812,6.143416790679239,16.73639247513305,0.06890908866390112,3.241400498517784,3.2421328865874437,-6.326766029318437,6.1292569765561735,12.45602300587461,5.4610054385024,3.0362826250142994,6.248327182399824,1.3251431267698017,13.508447075149085,12.183303948379283,0.49999999937492845,0.6097608271860968,2,3,6.8273465960035855,3.720250769977762,Freestyle_1527676714707.csv,1,train,125.00000015625,126.966666825375,125.9833334908125,1.0,1
-9.737661952221872,6.450954623791265,11.680619669091335,-27.734132342525605,2.4924279961005182,30.226560338626122,0.8765171829371982,7.285817866536915,7.338352972999642,-19.517424741098292,25.35142837864125,44.86885311973954,1.281670348476066,7.062772868732102,7.178122280754281,-12.486476066782997,25.144225220613436,37.630701287396434,14.227775308337124,6.275679203339633,15.550361400551344,5.430549010826087,35.99476943875418,30.564220427928095,-1.992106730203513,2.96248185083185,3.569984305431921,-9.31135992228956,2.992044641152395,12.303404563441955,-0.33492928247946546,4.018501489900984,4.032434977603314,-10.592975684453812,6.143416790679239,16.73639247513305,0.030313092034222368,3.298479165577187,3.2986184516090145,-6.326766029318437,6.1292569765561735,12.45602300587461,5.532994906397428,3.045023948133158,6.315552507811518,1.3446975752614405,13.508447075149085,12.163749499887645,0.49999999937492845,0.6595745975580377,1,1,6.03755445897825,13.508765059260154,Freestyle_1527676714707.csv,1,train,126.000000157375,127.966666826625,126.983333492,1.0,1
-9.846803687575282,6.019945225523998,11.541199390875946,-27.734132342525605,2.4924279961005182,30.226560338626122,0.26534688376091914,7.652974685148802,7.657573408087579,-17.001242602590292,25.35142837864125,42.35267098123154,1.3794371919760604,6.858358735877682,6.995708078286037,-13.727555250916684,25.144225220613436,38.871780471530116,14.3257687266545,5.9623817210247125,15.517011484071338,5.430549010826087,35.99476943875418,30.564220427928095,-2.1421104745029917,2.8066462673498447,3.530708222864678,-9.72720222559552,2.4493827068897653,12.176584932485284,0.1144154016506581,3.748174127068401,3.749920021941781,-11.650082211312355,5.435580425381894,17.08566263669425,0.2561447266828219,3.0448116404305914,3.055566730855186,-5.803296099570759,6.11577890629799,11.919075005868748,5.266083647128406,2.8517804603650565,5.988680052622042,0.9148540451738221,13.39977858034502,12.484924535171197,0.49999999937492845,0.5938440829838002,2,2,8.00164281122246,3.9377235284775627,Freestyle_1527676714707.csv,1,train,127.000000158625,128.966666827875,127.98333349325,1.0,1
-9.646791421810548,5.820440774778035,11.266681656486805,-21.68546945264382,2.405268362094798,24.090737814738617,0.23166097898595323,7.5005167873115814,7.504093475292508,-17.001242602590292,22.386097713583077,39.387340316173365,1.026953258513044,6.8518856637605845,6.928417578669633,-13.727555250916684,19.916385725023098,33.643940975939785,14.112834674213843,5.663956394365133,15.206988675571578,6.117262813632585,29.52549949154493,23.408236677912345,-2.1177801657107795,2.8585750260247593,3.5575896348075937,-9.72720222559552,2.4493827068897653,12.176584932485284,-0.3995352122640467,4.070005628257599,4.089568950376973,-11.650082211312355,5.435580425381894,17.08566263669425,-0.14941771083853125,3.464692596020922,3.467912980055068,-7.162674925997158,6.11577890629799,13.278453832295149,5.7058818677546705,2.9749539085573637,6.434861198721559,0.5635371398881328,13.39977858034502,12.836241440456886,0.49999999937492845,0.6771209278119505,1,2,5.79203814082792,8.950468483995632,Freestyle_1527676714707.csv,1,train,128.00000016,129.966666829,128.98333349450002,1.0,1
0.5241104369391619,1.8162699315414332,1.8903777967195028,-4.592766450160442,2.202495206990674,6.795261657151116,0.8364475162646842,3.8071192534556872,3.897922710559863,-4.917703557731651,4.835792229009563,9.753495786741214,8.625129262882577,0.6158317498944454,8.647086419460106,7.359182118770921,10.099539086579185,2.740356967808264,9.658497742157858,0.5028464797246043,9.671578631094297,8.332383967155314,10.84395318937344,2.5115692222181263,-0.42552510209449085,0.5832942612438059,0.7220137171221086,-2.0982349334831154,0.4368714201808148,2.53510635366393,0.17146077078269042,0.30553651481661565,0.35035889856499763,-0.3268607117204034,0.8293379192708958,1.1561986309912993,0.8557453695150161,0.8111915067259642,1.1791233175672218,-0.0767358359392943,2.0829021404389088,2.159637976378203,1.1124613197520234,0.8926459407864241,1.4263193764185123,0.04896765213577728,2.5103444006322166,2.4613767484964395,0.5000000003125251,0.6596111218919588,1,3,0.297837049744034,0.3358742962641607,Freestyle_1527072298681.csv,2,train,0.0,1.9666666654375,0.98333333271875,0.0,0
-3.473734153690098,3.6084373760033044,5.00875725774874,-9.01268449149283,2.202495206990674,11.215179698483505,-2.43667838232938,2.2281947095499555,3.3018560239019705,-5.380951792859175,3.495383656829161,8.876335449688337,7.8084220948684155,1.3531258615978417,7.924796856005467,5.485144889619425,11.93692800369883,6.451783114079404,9.899529549210461,0.8897316353212876,9.939431959552948,8.332383967155314,14.975643559315447,6.643259592160133,-0.725356554268042,1.0189322684312445,1.2507458168908854,-4.464729032969291,0.8061606160647199,5.270889649034011,0.2349755430007331,0.41096296179651765,0.4733963052000464,-0.5349249807478631,0.8293379192708958,1.364262900018759,1.1030934337943212,0.7983202616427707,1.3616645562801168,-0.1618484907627866,2.0829021404389088,2.244750631201695,1.716514941153618,0.8343716083814356,1.9085595416639827,0.1375663164190026,4.489217910690589,4.351651594271586,0.5000000003125251,0.8740416676610197,3,2,0.5308065945737618,0.4290512829606335,Freestyle_1527072298681.csv,2,train,0.999999999375,2.9666666648125,1.98333333209375,0.0,0
-6.35228313977226,0.69543525539425,6.390237185134851,-9.01268449149283,-4.819988351175453,4.192696140317378,-2.7133873245851565,1.249345914703767,2.987195338073221,-5.380951792859175,3.322929334716451,8.703881127575626,7.008864943497257,0.875365841479438,7.063317432525161,5.485144889619425,11.93692800369883,6.451783114079404,9.951412957463313,0.7863209095093464,9.982430586921224,9.0292662188849,14.975643559315447,5.946377340430548,-0.37357050304085077,0.978973773430567,1.0478285020971119,-4.464729032969291,0.8061606160647199,5.270889649034011,-0.06693411372087366,0.3708593164070314,0.3768511750618399,-0.5349249807478631,0.8088069969288174,1.3437319776766805,0.35973292989573813,0.6084989481775259,0.7068795871890258,-0.1618484907627866,1.9965766724546723,2.158425163217459,0.9172241610622422,0.9478079800786448,1.318954179923281,0.1375663164190026,4.489217910690589,4.351651594271586,0.5000000003125251,0.4398847209160418,2,2,0.3179657235697465,0.4128438931133484,Freestyle_1527072298681.csv,2,train,1.99999999875,3.9666666641875,2.9833333314687502,0.0,0
-5.633709783099334,0.5338451371923804,5.658946593730418,-7.017612450844318,-4.996209751168772,2.021402699675546,-2.6949302916577182,0.6811355388390511,2.779675322616639,-4.88950185321635,-1.5076880000822337,3.3818138531341164,7.503959486608459,0.5157809290704158,7.521664572649716,6.28969851686964,8.370235789803118,2.080537272933478,9.811579701525666,0.2421015363857243,9.814566184672191,9.260538794219954,10.310688495974937,1.0501497017549823,-0.022256011527205816,0.19936800983843386,0.2006064141448049,-0.5111946330908798,0.4136217761908539,0.9248164092817337,-0.15911758220789382,0.11038293812210774,0.19365639157062411,-0.3917567666347759,0.0349966082494964,0.4267533748842723,0.06719967505431378,0.08881926500226973,0.11137620106175636,-0.1442983027032141,0.319038603958546,0.4633369066617601,0.26974591368332546,0.13186178978873525,0.30025054463754214,0.03663377754554492,0.6374689997201862,0.6008352221746414,0.5000000003125251,0.7925570893234785,3,2,0.13437817030559748,0.18723657274800162,Freestyle_1527072298681.csv,2,train,2.999999998125,4.9666666635625,3.9833333308437497,0.0,0
-5.247754063792768,0.17307691612739998,5.25060742514137,-5.518367903541225,-4.833034553021206,0.6853333505200192,-2.133045602738201,0.5359865139974892,2.199355607114947,-3.2431301457294537,-1.3643025752050728,1.8788275705243809,7.922756649806875,0.191171788811532,7.925062749587316,7.466392904717923,8.370235789803118,0.9038428850851954,9.7562519577948,0.16796053232606847,9.757697628251968,9.40664594542315,10.208500898039397,0.801854952616246,-0.023909172143548228,0.16214744685986499,0.1639007109068248,-0.4462814181578488,0.4136217761908539,0.8599031943487027,-0.06769809537036449,0.057505533609767685,0.08882521327032707,-0.1917420997982714,0.0349966082494964,0.2267387080477678,-0.013808620500765765,0.05738749019425879,0.059025435457354454,-0.1369489379314869,0.0918053203611842,0.2287542582926711,0.1664934180971222,0.10255391416005938,0.195543763846388,0.032291661495112846,0.4801795653270962,0.44788790383198335,0.5000000003125251,0.8221890402949522,2,3,0.1561778996898176,0.0864171269005866,Freestyle_1527072298681.csv,2,train,3.9999999974375,5.9666666629375,4.9833333301875,0.0,0
-5.225480699406201,0.19540730546672028,5.229133059589943,-5.518367903541225,-4.8107474792421225,0.7076204242991029,-1.7244770816113193,0.49927227490917436,1.7952977495378517,-2.9707938576243627,-0.7613954378882085,2.209398419736154,8.045407621559402,0.1772682519928857,8.047360302000325,7.657420283388439,8.497530329498753,0.8401100461103139,9.762132725318814,0.1664303093259977,9.763551320836232,9.38681016722302,10.176811340766656,0.7900011735436365,-0.014203640023344661,0.1566671824234044,0.1573097245512846,-0.4462814181578488,0.3055071523322508,0.7517885704900995,-0.03960065784460086,0.048969770627930544,0.06297817508532044,-0.1917420997982714,0.0342373972200084,0.2259794970182798,-0.02779386253827212,0.05582681905924097,0.062362909818814566,-0.1369489379314869,0.0611823408133998,0.1981312787448867,0.15131078784171353,0.09852298198526006,0.18055949849439634,0.032291661495112846,0.4801795653270962,0.44788790383198335,0.5000000003125251,0.6336660645215764,3,2,0.050628028336478635,0.13080066788602215,Freestyle_1527072298681.csv,2,train,4.999999996875,6.9666666623125,5.98333332959375,0.0,0
-5.2188833833231225,0.16279369785466363,5.221421794567778,-5.633647549931399,-4.8107474792421225,0.8229000706892764,-1.5673758258525232,0.48005910360375903,1.6392448634721182,-2.818654229517227,-0.7492355449568696,2.0694186845603575,8.038036773218854,0.22733139367146715,8.041250818757439,7.597011099130678,8.497530329498753,0.9005192303680749,9.72473576444582,0.20395666471755552,9.72687431857605,9.356037619166685,10.176811340766656,0.8207737215999718,0.0025748183957033173,0.16195015270200783,0.16197061971226295,-0.3825973179428781,0.3362296498783231,0.7188269678212011,-0.03007763103414097,0.03869243400291464,0.04900783955344108,-0.1203856186639629,0.0342373972200084,0.15462301588397132,-0.03353431268313127,0.06158038538797611,0.07011914140704863,-0.1708497750860228,0.0611823408133998,0.2320321158994226,0.16568441877883727,0.07811285011603966,0.18317462700748707,0.04597234631486661,0.4071872300495575,0.36121488373469085,1.5000000009375754,0.5387952421156335,3,3,0.07598556926013807,0.08441024695447023,Freestyle_1527072298681.csv,2,train,5.99999999625,7.9666666616875,6.98333332896875,0.0,0
-5.145030546705635,0.23863317704549866,5.150561631484562,-5.695473105472097,-4.58825019376305,1.1072229117090462,-2.031754718247781,0.9674138753735948,2.250314831615229,-4.195120311495366,-0.1430334487879692,4.052086862707396,7.981122858816574,0.23414098712967607,7.984556599422319,7.512244303264157,8.47885903206929,0.9666147288051326,9.760899940467656,0.2649120659112782,9.764494152309524,9.116903252733412,10.43282760506411,1.3159243523306987,-0.10626778398398024,0.3824721242140475,0.39696066267789265,-0.9843558249158773,0.8810777537578363,1.8654335786737135,-0.046323516518637205,0.06226731897639457,0.07760855104407323,-0.2287110042728923,0.1136363377223163,0.34234734199520855,-0.04384228980374265,0.06855837826119673,0.08137811502511404,-0.1971512468677791,0.1128167681684814,0.3099680150362605,0.3270109168574888,0.25156930013397394,0.4125812071748699,0.05338103342226976,1.0145048720465486,0.9611238386242789,0.5000000003125251,0.5317245662966007,2,3,0.17601617721904536,0.1691027185805444,Freestyle_1527072298681.csv,2,train,6.999999995625,8.9666666610625,7.98333332834375,0.0,0
-5.26348403423298,0.6151249331926822,5.299305884930665,-7.549952749064533,-2.3606291930643555,5.189323556000177,-2.5536085976917087,0.957483235121361,2.7272130492030655,-4.577954059303182,-0.1430334487879692,4.434920610515213,7.8646289797179305,0.4188849754210065,7.875776381491067,6.671443172591416,8.960321774208449,2.288878601617033,9.867260190446734,0.43053899136068785,9.876648596009518,8.852902838447479,11.22845165771701,2.3755488192695307,-0.10054337609170154,0.43018132089525163,0.4417747608488977,-1.376169608096758,0.8810777537578363,2.2572473618545943,-0.028653621034922545,0.11001610328183284,0.11368629196051681,-0.2287110042728923,0.3761529422374828,0.6048639465103751,-0.0026775900431062743,0.08341385870645603,0.08345682304485087,-0.1971512468677791,0.1647101452391943,0.36186139210697343,0.3703628130064528,0.27908052665408145,0.46373974772017573,0.058675081843717634,1.3914754810998822,1.3328003992561646,0.5000000003125251,0.6233494227085667,2,4,0.41994329297965877,0.27130862763080604,Freestyle_1527072298681.csv,2,train,7.999999995,9.9666666604375,8.98333332771875,0.0,0
-5.3723253658052075,0.5695976223375142,5.402436606518082,-7.549952749064533,-2.3606291930643555,5.189323556000177,-2.7337835728761575,0.7197686466654244,2.826948801809135,-4.577954059303182,-0.7339926302208326,3.8439614290823494,7.731334999695407,0.4410983957535959,7.743907842443089,6.671443172591416,8.960321774208449,2.288878601617033,9.845827194338613,0.4536037334176755,9.856270566890313,8.852902838447479,11.22845165771701,2.3755488192695307,-0.035643241678514764,0.2712423226350358,0.27357419151996387,-1.376169608096758,0.4930851548687017,1.8692547629654597,-0.032273548132587544,0.10073537241960501,0.10577900153425045,-0.2046295929200123,0.3761529422374828,0.5807825351574951,-0.03733129170344067,0.10441847197384209,0.11089112962540974,-0.2543704385591753,0.1647101452391943,0.4190805837983696,0.2558745236334899,0.1812652923654136,0.31357435810503426,0.058675081843717634,1.3914754810998822,1.3328003992561646,1.0000000006250502,0.4701078332616568,2,3,0.2193300271540663,0.29057138202805555,Freestyle_1527072298681.csv,2,train,8.999999994375,10.9666666598125,9.98333332709375,0.0,0
-5.096310428730363,0.2471540360230782,5.102299981724747,-5.6078460295645405,-4.63014983139318,0.9776961981713601,-3.2942382872591622,0.7184509615205538,3.37167283071089,-5.005897148174415,-1.525004428264107,3.480892719910308,7.713935195130919,0.30182909080202974,7.719837886557843,7.022371178106734,8.447462241335872,1.4250910632291376,9.844252777193226,0.29703035925587634,9.848732902033449,9.21593557785671,10.601477064130938,1.385541486274228,-0.06018509484427179,0.26394361692289614,0.2707184488647838,-0.8768214819151201,0.3797802401908345,1.2566017221059547,-0.055460049194925226,0.042042995158933005,0.06959475913197481,-0.1743291333004516,0.0459190061658862,0.2202481394663378,-0.0717423603126175,0.11083306499195798,0.13202626465494288,-0.278670171050096,0.2053577628496564,0.4840279338997524,0.2606962595631741,0.16613339177570313,0.30913240466364755,0.049081822499317994,0.8884630837884587,0.8393812612891407,1.5000000009375754,0.9289428296330223,3,3,0.12462061672184055,0.13860939232867361,Freestyle_1527072298681.csv,2,train,9.99999999375,11.9666666591875,10.983333326468749,0.0,0
-4.902677705156287,0.16697877950832224,4.905520420245194,-5.373587174447422,-4.59756105270429,0.7760261217431328,-3.6559450362841543,0.48150556709381515,3.6875170127706647,-5.005897148174415,-2.675962764526801,2.329934383647614,7.759366633645279,0.20342889849998375,7.762032844047531,7.165368316446778,8.308518246618945,1.143149930172167,9.893586002012032,0.16739834461503195,9.895002081100754,9.564250503454693,10.340993051444348,0.7767425479896559,-0.04019210463333826,0.24277107312389662,0.24607559655639477,-0.8768214819151201,0.3249041846504212,1.2017256665655414,-0.04940924338605056,0.03597949161629956,0.06112116776493518,-0.1743291333004516,0.0286539082703345,0.20298304157078612,-0.03227530152307015,0.10446340521026475,0.10933571290538631,-0.278670171050096,0.2053577628496564,0.4840279338997524,0.2151548550968689,0.17306554485023679,0.2761218833885934,0.049081822499317994,0.8884630837884587,0.8393812612891407,1.0000000006250502,0.6102646079222689,2,3,0.1005489374983888,0.09750115720128498,Freestyle_1527072298681.csv,2,train,10.999999993125,12.9666666585625,11.98333332584375,0.0,0
-5.0426235859812065,0.3179457852187198,5.052637148285271,-5.797170832678238,-4.59756105270429,1.1996097799739482,-2.9965433760779443,0.7715922004358634,3.094289373748044,-4.228693677307475,-0.9564929109321952,3.2722007663752795,7.881755270837758,0.17825602542713154,7.883770757700903,7.532301023863485,8.203651339690943,0.6713503158274579,9.860825316729587,0.1474256207282971,9.861927308630005,9.398526714901388,10.153024996474217,0.7544982815728289,0.09172675619820916,0.15680510781741283,0.18166353415112282,-0.2122661575433519,0.5155386373641555,0.7278047949075074,0.008125978352049005,0.06070505666143385,0.06124651360237466,-0.106653463873,0.1390156063090735,0.2456690701820735,0.01758491577601055,0.11323331521628587,0.11459063198062983,-0.1059566769882485,0.3580514074557566,0.4640080844440051,0.18208922897046428,0.12933406627561048,0.22334678866382246,0.0499379045002686,0.6134664171520465,0.563528512651778,0.5000000003125251,0.717816206614976,2,2,0.07155575461605575,0.07155575461605575,Freestyle_1527072298681.csv,2,train,11.9999999925,13.9666666579375,12.98333332521875,0.0,0
-5.67852486347798,0.5599451924006857,5.706065478386158,-6.576595415695669,-4.622794348477658,1.953801067218011,-0.527288041465118,2.178718945476246,2.2416174789756718,-3.22804239433839,4.245986392279493,7.4740287866178825,7.355875085390405,0.8304317537598609,7.402601918887709,4.96649436222798,8.203651339690943,3.2371569774629627,9.606189357669018,0.3219834775356946,9.611584018006578,8.851586349585936,10.153024996474217,1.3014386468882808,0.29262979136349665,0.2217465548669205,0.3671562737974006,-0.0623344862881285,0.8106287032780841,0.8729631895662127,0.11233160272400873,0.08595701220810964,0.14144609191592972,-0.0379534384654603,0.3574951781541741,0.3954486166196344,0.15645809562663987,0.14360674707510374,0.21237239343334532,-0.1018507268090191,0.3874808765809042,0.4893316033899233,0.3817621192322909,0.2327454491906536,0.4471160473520147,0.052981692963782356,0.8736986668316112,0.8207169738678288,0.5000000003125251,0.6708962952524412,2,2,0.10596452136122124,0.08476245898634505,Freestyle_1527072298681.csv,2,train,12.999999991875,14.9666666573125,13.983333324593751,0.0,0
-6.948780914261634,0.949943409761058,7.013412056635144,-8.552245024865192,-5.473278811720156,3.078966213145036,1.6777347534439426,1.5939256672759736,2.3141721923216436,-1.102092737326802,4.264367643406842,5.366460380733644,5.703000460558882,1.2546998413514947,5.839390888185366,3.897936787875704,7.783980230881306,3.886043443005602,9.4093465060514,0.3256161635278444,9.41497889306674,8.712905523152012,10.234511528314746,1.5216060051627345,0.12867756450895326,0.35946411703415815,0.38180147595720837,-0.4983291757300803,0.8106287032780841,1.3089578790081644,0.1198974271256631,0.16643959968850053,0.20512809016763645,-0.2606971894614266,0.4427021157204753,0.7033993051819019,-0.1602855836216081,0.4645538626541273,0.4914282853314299,-0.9574302439215328,0.3874808765809042,1.3449111205024369,0.6244514493103732,0.19852467729954507,0.6552493113637848,0.27972038049389103,1.09315697310617,0.8134365926122791,0.5000000003125251,0.7277706080600764,2,3,0.26181184621847664,0.17967434904038151,Freestyle_1527072298681.csv,2,train,13.99999999125,15.9666666566875,14.98333332396875,0.0,0
-8.222757597065792,0.6709216283664096,8.250083534820302,-9.406173304085051,-6.248356045656743,3.1578172584283086,-0.08845071277667224,2.4073275073805602,2.408951899972642,-2.865413150769596,4.264367643406842,7.129780794176438,4.39167786646317,0.5241165135717,4.422842140816362,3.4335332036873183,6.253152840426715,2.8196196367393966,9.65796943200481,0.38998287261950615,9.665839859550534,8.712905523152012,10.59548011918714,1.8825745960351288,0.066899062538688,0.34550038354192486,0.3519176034189999,-0.4983291757300803,0.8854729384412203,1.3838021141713006,0.09236510559255072,0.17512417609507025,0.19798936785620638,-0.2606971894614266,0.4427021157204753,0.7033993051819019,-0.5169752282970871,0.24084533852407294,0.5703243496130956,-0.9574302439215328,0.0317261897440186,0.9891564336655514,0.6773678452887771,0.171722029194605,0.6987958594195255,0.3195011879631101,1.09315697310617,0.77365578514306,1.0000000006250502,0.5303875745943712,2,2,0.35881382743887136,0.38776134703733633,Freestyle_1527072298681.csv,2,train,14.9999999905625,16.9666666560625,15.9833333233125,0.0,0
-8.155733390964325,0.6393192069385336,8.180752788885075,-9.406173304085051,-6.942859696547002,2.4633136075380495,-3.402585672812066,1.3171015679003872,3.6486087486864904,-5.951274302924101,-1.5815782465756831,4.369696056348418,4.026349003292887,0.3261039136342559,4.039533396174018,3.4335332036873183,4.690367397271378,1.2568341935840595,9.823754479750573,0.22077131658857935,9.826234886905958,9.35224420650628,10.59548011918714,1.243235912680861,0.1015563353268183,0.3019550694658084,0.3185758202078657,-0.3533869331267924,0.8854729384412203,1.2388598715680128,0.048986169061477666,0.1466721952945796,0.15463627527799212,-0.3284545027483462,0.3089766054894908,0.637431108237837,-0.37497676059886936,0.21453079981246198,0.4320081423508085,-0.7892642751585397,-0.05087648970552,0.7383877854530196,0.5094875504047993,0.22903362611826,0.5586000052903346,0.12193985328149672,0.9567553514614967,0.83481549818,1.0000000006250502,0.5403366611607971,2,2,0.3555673435467148,0.2925243699705691,Freestyle_1527072298681.csv,2,train,15.99999999,17.9666666554375,16.98333332271875,0.0,0
-6.90463839124898,1.2268949476091142,7.012795628447906,-8.44604704248696,-3.4193813585596287,5.026665683927331,-5.702098888397432,1.2228630493039792,5.831751518233287,-7.587295215786853,-3.0130705412651855,4.574224674521668,4.015112557755429,0.39296506682391796,4.0342967658799305,3.371076763255327,4.963161232005675,1.5920844687503477,9.96704594862516,0.3495336178086058,9.973172950068777,9.436192985675294,10.827648699866218,1.3914557141909238,-0.12367557550686702,0.22138539663195478,0.25358852856318775,-0.4820067318041104,0.5082133386060849,0.9902200704101953,-0.22729977313327873,0.29995823365667157,0.37635107121525563,-0.8491415759314428,0.2369464148626746,1.0860879907941174,-0.30762286412508444,0.2578941523538157,0.40142399075144136,-0.772314503043467,0.1244527580181276,0.8967672610615947,0.5373465911181655,0.27990557691516876,0.6058782806591818,0.12193985328149672,1.0337503774772938,0.9118105241957971,0.5000000003125251,0.465885162280317,2,2,0.423690194029148,0.39703679072119147,Freestyle_1527072298681.csv,2,train,16.999999989375,18.9666666548125,17.98333332209375,0.0,0
-4.517012417505596,1.9900421056505129,4.935956722071382,-7.663518317941055,-1.897058769481383,5.766459548459672,-7.513468297839766,1.0664893672780855,7.588781551287426,-12.294312347322466,-6.124057536222029,6.1702548111004365,4.585593781052446,0.6906926476422557,4.637318908413992,3.371076763255327,5.838928315516727,2.4678515522613997,10.14260020320228,0.7652855490972746,10.17143061981234,8.934573313314914,13.8338951035805,4.899321790265587,-0.09524820229840404,0.4396037663554953,0.4498040589356821,-2.120611724378228,0.5082133386060849,2.628825062984313,-0.4253116971118659,0.2239490058735356,0.48066952985592964,-0.89584420541204,0.0011309216475948,0.8969751270596348,-0.14894385425959772,0.4365630608225695,0.46127169628807135,-0.8017520620470484,0.750622066645858,1.5523741286929065,0.7319450426522847,0.33225731098074396,0.8038273858008383,0.21548583850131653,2.2263969770401353,2.0109111385388188,1.5000000009375754,0.5002520355741107,3,2,0.49421689835494104,0.6277782518150381,Freestyle_1527072298681.csv,2,train,17.99999998875,19.9666666541875,18.98333332146875,0.0,0
-2.7407544966152235,0.5670851428373025,2.798807026206589,-4.405274250307862,-1.897058769481383,2.508215480826479,-8.245390640187557,0.7740585753049029,8.281644370974622,-12.294312347322466,-7.451622966022795,4.842689381299671,5.128485100582575,0.5742914867715537,5.160539713893862,4.118815173237097,6.082718045454523,1.9639028722174254,10.125841425288273,0.7193468049770735,10.151360716471205,8.934573313314914,13.8338951035805,4.899321790265587,-0.26764888726125957,0.4667610881492698,0.5380537522055587,-2.120611724378228,0.4554714101737958,2.5760831345520234,-0.45998682554848497,0.2542104691254405,0.5255576488751247,-0.89584420541204,0.3037365491276785,1.1995807545397186,0.2925080323805655,0.44747538267092346,0.5345981360832072,-0.8017520620470484,0.7720166384608119,1.5737687005078604,0.8615743512842237,0.33045043027122567,0.9227718296834105,0.27773828463097666,2.2263969770401353,1.9486586924091587,0.5000000003125251,0.41404141142260864,2,3,0.45754407774644973,0.5418808843284139,Freestyle_1527072298681.csv,2,train,18.999999988125,20.9666666535625,19.983333320843748,0.0,0
-4.194051029449224,1.7448695446467193,4.54253604999011,-6.915586675381671,-2.379538058187197,4.536048617194474,-7.906372115348343,0.7169781799890951,7.9388146304683485,-8.88111796282152,-6.625205476137417,2.255912486684103,4.603804047703216,0.7789328513873301,4.6692342087990095,3.483403847852115,6.082718045454523,2.5993141976024075,10.266725097431317,0.23561700446034864,10.269428396898094,9.971278579468754,10.922960895524438,0.9516823160556847,-0.14184738456632767,0.4077864515632596,0.43175278874242645,-0.8075845154857929,0.6958481232527371,1.5034326387385302,-0.2201761309143575,0.41469418134684566,0.46951974683430175,-0.8839713640052786,0.4121605101649945,1.2961318741702732,0.3437838585460578,0.39851176800552224,0.5263069167659714,-0.5332940528095047,0.7720166384608119,1.3053106912703165,0.7883281312052234,0.24979389792465306,0.82695721406244,0.2515907160540712,1.213623608688734,0.9620328926346629,0.5000000003125251,0.8898614396793683,2,1,0.5513490232447305,0.44322357477304963,Freestyle_1527072298681.csv,2,train,19.9999999875625,21.9666666529375,20.98333332025,0.0,0
-5.217664942210931,1.023377240829312,5.317078937370067,-6.915586675381671,-3.2978457444076,3.6177409309740707,-7.349872893760409,0.6209633463606076,7.376057689033987,-8.783629208552851,-6.625205476137417,2.158423732415434,4.507629130653064,0.558541038404744,4.542101768024837,3.483403847852115,5.188024586185351,1.7046207383332361,10.158982012006053,0.32144736585261174,10.164066308779974,9.635732796043364,10.922960895524438,1.2872280994810748,0.1253052539336138,0.19680783369440744,0.23331251588128094,-0.114364434963667,0.6958481232527371,0.8102125582164041,0.06168671425749295,0.30175300523542,0.307993712410648,-0.3869900939473269,0.5188873334870477,0.9058774274343746,0.027996768501298494,0.3594941104039761,0.3605826319467723,-0.5332940528095047,0.7282494236231152,1.2615434764326199,0.48793452739866977,0.20306301579865357,0.5285023097518188,0.08992566307271861,0.8406150291667178,0.7506893660939992,0.5000000003125251,0.9035306630242749,1,1,0.36055689113804484,0.7991506041123214,Freestyle_1527072298681.csv,2,train,20.999999986875,22.9666666523125,21.98333331959375,0.0,0
-4.805367805840813,0.7427698398596019,4.862434244739605,-6.297781052382934,-3.845167891784813,2.452613160598121,-7.162002716455885,0.21597240517313407,7.165258333815869,-7.521857831907732,-6.777473609901319,0.7443842220064125,4.99038532291377,0.10606588078529516,4.991512360219089,4.739322702841758,5.188024586185351,0.4487018833435936,9.991956262555584,0.2453557909043632,9.994968204899608,9.635732796043364,10.613982341339563,0.9782495452961992,-0.03896496279316264,0.15874243290463055,0.16345466750739693,-0.4524750565990738,0.2472685715094473,0.6997436281085211,-0.07315804160239374,0.3446249784828078,0.3523045200467535,-0.7665297516606996,0.5188873334870477,1.2854170851477473,-0.059388957635466366,0.17851631646738061,0.18813591771405377,-0.4449078881629608,0.2212415955143284,0.6661494836772892,0.38921451721489314,0.18639497390920684,0.43154493011671013,0.08992566307271861,0.8902986301020178,0.8003729670292992,0.5000000003125251,0.531643261836546,1,1,0.9058774274343746,1.0074282055416939,Freestyle_1527072298681.csv,2,train,21.99999998625,23.9666666516875,22.98333331896875,0.0,0
-5.019588671924212,0.6339114497910435,5.059457892055835,-6.297781052382934,-3.845167891784813,2.452613160598121,-7.067131703422526,0.28307505638726976,7.072798738905866,-7.521857831907732,-6.4321181736535005,1.0897396582542314,5.047450929825364,0.11646812501499212,5.048794481174634,4.819317111549817,5.259953370236381,0.4406362586865642,10.052700299521366,0.23693577968927057,10.055492124987913,9.719865305593105,10.613982341339563,0.8941170357464578,-0.04708676506862619,0.1563291066560626,0.16326650921885535,-0.4524750565990738,0.2049258500755965,0.6574009066746702,-0.10318230666470218,0.27046741273108205,0.2894809315967014,-0.7665297516606996,0.2408984538809943,1.0074282055416939,0.03610035857083057,0.1627753397732781,0.16673046250535223,-0.3149884739818421,0.2591306506092358,0.574119124591078,0.3201350498369191,0.18912366267542183,0.37182551004181164,0.027426082622721136,0.8902986301020178,0.8628725474792966,1.0000000006250502,0.6267273447868198,2,2,0.34330814875927473,0.6946061960946215,Freestyle_1527072298681.csv,2,train,22.999999985625,24.9666666510625,23.98333331834375,0.0,0
-5.559291006233802,0.549669373542106,5.586398921684899,-6.500455645544447,-4.536396575468737,1.9640590700757095,-6.505486413404756,0.49755522224624543,6.5244857785252615,-7.406583535044004,-5.903897629153883,1.5026859058901207,5.372874220796596,0.2716984390419729,5.37973953219656,4.911214736192244,5.747802540585733,0.8365878043934885,10.132699403068896,0.2162587055039741,10.135006907775598,9.730300247924665,10.510638707889207,0.7803384599645415,0.03475986580377731,0.10763954484680867,0.11311286348388824,-0.1891961751024543,0.2076647742202093,0.3968609493226636,-0.010574814533358116,0.15479984297717003,0.1551606202880467,-0.3015795987588248,0.2466818621479051,0.5482614609067299,0.0017569223339338866,0.19486917300298628,0.1948770929661957,-0.3865219793316448,0.2591306506092358,0.6456526299408806,0.25122235888016176,0.10832241566425041,0.27358073641367997,0.027426082622721136,0.5113964383067343,0.4839703556840132,1.0000000006250502,0.6411805484359772,2,2,0.4354456499048468,0.42757050039346695,Freestyle_1527072298681.csv,2,train,23.999999985,25.9666666504375,24.98333331771875,0.0,0
-5.31441479509339,0.8013004318148533,5.374484812178206,-6.500455645544447,-4.119850858590904,2.380604786953543,-6.556309274858382,0.586223329308523,6.582465275215632,-7.6371476037561905,-5.903897629153883,1.7332499746023071,5.483487094258368,0.2599219000613911,5.489643896194872,4.698288887299742,5.747802540585733,1.0495136532859908,10.114915170982131,0.19651281540631843,10.116823918739685,9.869106161834411,10.510638707889207,0.6415325460547958,-0.11423212113022378,0.17691560415573884,0.2105899059587145,-0.3622996948751289,0.2076647742202093,0.5699644690953383,-0.09819849137160545,0.1801014149628269,0.20513279449973773,-0.4052598505651453,0.2466818621479051,0.6519417127130505,-0.06358647476250122,0.21639984562003958,0.22554851575015777,-0.3865219793316448,0.2748660420246593,0.6613880213563041,0.3484926886835503,0.12590691308336147,0.3705397479732384,0.0889901615026883,0.5898673956092176,0.5008772341065293,1.0000000006250502,0.4835162611586621,1,2,0.4448004920266127,0.3422889843895318,Freestyle_1527072298681.csv,2,train,24.999999984375,26.9666666498125,25.98333331709375,0.0,0
-5.0929642027386235,0.6245854793421829,5.131119896414638,-6.01626503639044,-4.119850858590904,1.896414177799536,-7.173009531481799,0.35083931195718115,7.18158436290651,-7.6371476037561905,-6.185687507276807,1.4514600964793836,4.857963965928437,0.5459587913049674,4.888546296810774,4.119608897383345,5.701320893940885,1.58171199655754,10.089025760902702,0.11397124562542389,10.0896694816524,9.881577521554446,10.313223350353104,0.43164582879865776,-0.12922791480842177,0.16977127382270543,0.21335917927550424,-0.3622996948751289,0.2136617306454587,0.5759614255205876,-0.1082661025709559,0.20445651244153573,0.2313525760514903,-0.4052598505651453,0.2331802105535941,0.6384400611187394,0.02736916049541177,0.19610195961103877,0.1980026502588111,-0.3576380956846841,0.3227119591466768,0.6803500548313608,0.3575232444718964,0.10211920974321692,0.3718214670191736,0.15643590293712803,0.5898673956092176,0.4334314926720896,0.5000000003125251,0.9373610991719262,1,1,0.5664961884037083,0.1092654750149564,Freestyle_1527072298681.csv,2,train,25.99999998375,27.9666666491875,26.98333331646875,0.0,0
-4.766227605010013,0.9851217776915361,4.866969334158744,-6.01626503639044,-3.2299827862822688,2.786282250108171,-7.3469557989816066,0.3047395480137337,7.353273128635511,-8.048746534004575,-6.815164421655557,1.2335821123490183,4.891618439885442,0.5518417224919627,4.92264768677489,4.119608897383345,5.586044128140328,1.466435230756983,10.097674534416997,0.16566668057081294,10.099033441476708,9.576471174101663,10.313223350353104,0.7367521762514411,0.03840759182334888,0.12094444431732677,0.12689642122966246,-0.2067756295528587,0.2984597264925637,0.5052353560454224,-0.02611024503013386,0.18512597447912496,0.18695820742181724,-0.3333159778501142,0.2331802105535941,0.5664961884037083,-0.171565497882586,0.2641311742631611,0.31496031064458896,-0.4744020196291882,0.3227119591466768,0.797113978775865,0.37277182877571424,0.10628844714182602,0.387628779020097,0.15643590293712803,0.510465021456621,0.3540291185194929,0.5000000003125251,0.8054444741403106,2,2,0.1522512713782485,0.36389042554437445,Freestyle_1527072298681.csv,2,train,26.999999983125,28.9666666485625,27.98333331584375,0.0,0
-3.7295027271173486,0.6525639406994453,3.786163003394984,-5.127575195473299,-2.8324424554002547,2.2951327400730444,-7.224813910112991,0.6822439549970567,7.2569547917767965,-9.3358715464286,-4.700141067092728,4.635730479335871,5.939010105320552,0.6465863418996742,5.974103692490686,5.001453803015921,7.578209873839837,2.576756070823916,10.12778434401596,0.3410606220383045,10.133525451036277,9.045548626527689,11.203605873357667,2.158057246829978,0.1476580125308099,0.28580729460342114,0.3216965935677212,-0.1556557799796948,1.4200050467560463,1.575660826735741,0.06851704396759666,0.1527182621725811,0.16738414774126847,-0.2309333066731869,0.384577079144113,0.6155103858172999,-0.3453866396430997,0.1684813248019769,0.38428880760566203,-0.5866306579765287,0.348784552323881,0.9354152103004096,0.48814711579193026,0.2022286632086257,0.5283786888956897,0.19140178823516563,1.466314214018273,1.2749124257831075,0.5000000003125251,0.7486684927536943,3,3,0.29762635199587767,0.21299523033136372,Freestyle_1527072298681.csv,2,train,27.9999999825,29.9666666479375,28.98333331521875,0.0,0
-2.8065008363739894,0.925180997704027,2.9550646055679595,-4.510698729755705,-0.9810272100635662,3.529671519692139,-7.564131106019756,0.868397314280216,7.613815947637868,-9.3358715464286,-4.700141067092728,4.635730479335871,6.072303912116921,0.6204612364676214,6.103920620967265,5.228565593908585,7.578209873839837,2.349644279931252,10.190970592387519,0.3233657986668441,10.196099600075248,9.045548626527689,11.203605873357667,2.158057246829978,0.005160689067521545,0.45852431002129634,0.45855335086787613,-1.2453344954485404,1.4200050467560463,2.6653395422045865,-0.00630969667723457,0.2017039069691164,0.20180257272583188,-0.4130185770858592,0.384577079144113,0.7975956562299722,-0.07631736414007163,0.3157736973918349,0.32486515361577084,-0.5866306579765287,0.4261869979354084,1.012817655911937,0.5238932093271302,0.28647639903775746,0.5971036944993061,0.19140178823516563,1.466314214018273,1.2749124257831075,0.5000000003125251,0.6349803920409196,3,2,0.34265454244465526,0.4092901035741585,Freestyle_1527072298681.csv,2,train,28.999999981875,30.9666666473125,29.98333331459375,0.0,0
-2.676463841078418,0.7839191420577823,2.788904428962178,-3.623940295236617,-0.9810272100635662,2.642913085173051,-7.904248002142623,0.4097359502970106,7.914860708082071,-8.65991230204429,-6.836755238602252,1.8231570634420384,5.760198452282436,0.3564814604515182,5.7712186963693055,5.2303742440061765,6.869668813735395,1.639294569729219,10.183411069082581,0.16766687697708568,10.184791268531178,9.661102499610267,10.452674014750473,0.7915715151402054,-0.12719742453729588,0.3243370540852183,0.3483872980772963,-1.2453344954485404,0.2785098321320309,1.5238443275805713,-0.16614292997292182,0.12178863322490212,0.20599986495815217,-0.4130185770858592,0.0710784818248636,0.4840970589107228,0.06181079484206401,0.23379249368636518,0.2418253594292725,-0.3823696470341072,0.4261869979354084,0.8085566449695156,0.3889033182120726,0.26653961688858196,0.47147551186405495,0.10183972671741233,1.3268003270887505,1.2249606003713382,1.0000000006250502,0.5715667325563277,2,2,0.32251101263707144,0.3552842046837645,Freestyle_1527072298681.csv,2,train,29.99999998125,31.9666666466875,30.98333331396875,0.0,0
-2.4915431702900293,0.7939794552864758,2.6149934502472276,-3.623940295236617,-1.256692662948616,2.3672476322880014,-7.9368372615647305,0.365264261754756,7.945237799932584,-8.483358526563766,-6.644595311035911,1.8387632155278553,5.845461741981478,0.156710541510576,5.847561985202866,5.524547281741122,6.123703608222936,0.5991563264818138,10.203797345431763,0.20370406589667722,10.205830471505154,9.182698791982526,10.530852795026084,1.3481540030435575,-0.04014856406871824,0.10846777342239787,0.11565969508862027,-0.2138579019542557,0.3428128108879349,0.5566707128421906,-0.04076085917222602,0.1987297998823785,0.20286690464870863,-0.3724851027951754,0.3770358336199607,0.7495209364151361,-0.1578199566172391,0.20455111995200012,0.25835692245474046,-0.3954138079538362,0.3622745416820506,0.7576883496358868,0.3239147377375344,0.1279049964874319,0.34825342130412107,0.10183972671741233,0.5525769381764748,0.4507372114590625,0.5000000003125251,0.4714621206922911,2,2,0.43364523891067575,0.1532029162366588,Freestyle_1527072298681.csv,2,train,30.9999999806875,32.9666666460625,31.983333313375,0.0,0
-1.0795099965933113,0.757260870655122,1.3186302965464751,-2.4068973650970222,0.2370744414934815,2.643971806590504,-8.408764222325555,0.394821434179283,8.418028255568505,-8.925276307564001,-6.644595311035911,2.2806809965280905,5.7280480829878115,0.2192477545538203,5.732242529664741,5.136067723451786,6.123703608222936,0.9876358847711497,10.267261300788373,0.20960765909332166,10.269400663593625,9.182698791982526,10.594431878126699,1.4117330861441726,-0.07121552792608625,0.1187861965377726,0.13849841842310517,-0.3780534631496451,0.3428128108879349,0.72086627403758,-0.1175035748559691,0.25784796729067005,0.28335960251924197,-0.4632354578004197,0.3770358336199607,0.8402712914203804,-0.10665861911696517,0.21870130537139307,0.24332349250142116,-0.3954138079538362,0.3283985484544716,0.7238123564083078,0.3879685809819276,0.0903392407513087,0.39834758471547616,0.20522127052205558,0.5824483435008492,0.3772270729787936,0.5000000003125251,0.8357569824305155,1,1,0.5379609879414685,0.33386323505702653,Freestyle_1527072298681.csv,2,train,31.99999998,33.9666666454375,32.98333331271875,0.0,0
-2.07877099536508,2.4450942923598755,3.2093262454449794,-8.436838262612936,0.2370744414934815,8.673912704106417,-7.699111896894853,1.319586120971983,7.811378337500353,-8.925276307564001,-4.509322607942256,4.415953699621745,4.63136803798476,1.5348351667071685,4.879066395554363,0.6852129034708248,5.918950087588994,5.233737184118169,9.722295466856185,0.7743811907886945,9.753086453707851,7.666272135603146,10.594431878126699,2.928159742523553,-0.14230413813482876,0.18646027026440753,0.2345589480650276,-0.7983736172198468,0.1635253787073863,0.961898995927233,0.12582641431216918,0.5103726454924313,0.5256543767587222,-0.4632354578004197,1.0435544853689924,1.506789943169412,0.4219272326807634,0.36243536901493506,0.5562211667948633,-0.0935373908192197,1.0312967757835012,1.1248341666027208,0.6893462190903489,0.40683436499323966,0.8004451326066091,0.20522127052205558,1.5852970433401052,1.3800757728180497,0.5000000003125251,0.8196582107763364,1,0,0.6794861772493186,0.0,Freestyle_1527072298681.csv,2,train,32.999999979375,34.9666666448125,33.98333331209375,0.0,0
-4.508560907585764,4.564559099875355,6.415786875642416,-10.421751482406831,10.130384913677446,20.55213639608428,-6.520773052465746,1.4525656122220116,6.680600875637859,-9.614426844777928,-1.2141716949032175,8.40025514987471,4.796873056873448,2.1154347004384833,5.24261910647509,0.6852129034708248,8.750721269457262,8.065508365986437,10.506996443227129,1.697300836866863,10.643204610868688,7.666272135603146,14.241679773243899,6.575407637640753,0.056948667347481795,0.9054524180115773,0.9072415510742805,-2.1210846600490156,2.0340915786519957,4.155176238701012,-0.32549067885732336,1.0370685226057401,1.0869477000309875,-1.865517267414763,1.0435544853689924,2.9090717527837553,0.07165855112202682,0.8075840011748302,0.8107569715410754,-1.894455896954188,1.0312967757835012,2.9257526727376892,1.4752895203043943,0.6966995283339912,1.6315236441746028,0.31073506953400604,3.062386388589633,2.751651319055627,0.5000000003125251,0.9600126340456662,1,1,1.1189395372535942,1.0900713478830801,Freestyle_1527072298681.csv,2,train,33.99999997875,35.9666666441875,34.98333331146875,0.0,0
-1.598867696681802,6.273266443117924,6.473812615286449,-10.421751482406831,13.013608768860482,23.435360251267312,-4.783704338236985,2.788201175942695,5.536957015653597,-9.614426844777928,3.612832642818952,13.227259487596879,7.208761874655389,2.1415686800768863,7.520143893368752,1.2882619776075062,11.123714655155982,9.835452677548476,11.267490025229387,1.4711816608988588,11.363129276216517,8.345889800615224,15.216658915628607,6.870769115013383,0.44314892512839354,0.9799913724416124,1.0755296648175008,-2.1210846600490156,2.380601758831908,4.501686418880924,-0.5915726811049107,0.8471859432288772,1.033287113746346,-1.865517267414763,0.6702921925622498,2.535809459977013,-0.3481976561147641,0.5916363982666232,0.6864948910791092,-1.894455896954188,0.9684123960863664,2.8628682930405542,1.472442326654629,0.7263849871041683,1.641865266949276,0.3056909073925635,3.062386388589633,2.7566954811970694,0.5000000003125251,0.9719207702267065,2,3,0.9019206904052919,1.1876357216565896,Freestyle_1527072298681.csv,2,train,34.999999978125,36.9666666435625,35.98333331084375,0.0,0
1.2918168677926498,3.073828322646109,3.3342482476586843,-5.573931492440552,13.013608768860482,18.587540261301037,-1.5507241614945257,2.69724125023284,3.1112466612277005,-9.582323877672946,3.612832642818952,13.1951565204919,9.205234828728367,1.3333198770621377,9.301295078998557,4.298886380684517,11.123714655155982,6.824828274471465,10.299101403165508,1.1134036096279691,10.35910987057374,8.345889800615224,15.216658915628607,6.870769115013383,0.33960065204560697,0.5303445923001828,0.6297570876551121,-0.8388567478657843,2.380601758831908,3.219458506697692,0.027860582111487595,0.34353635593186654,0.3446642422453148,-1.1426608142181978,0.6702921925622498,1.8129530067804476,-0.019859622596132796,0.3449898616351733,0.3455610065396801,-0.8100200025455078,0.9684123960863664,1.7784323986318742,0.6128194420593693,0.5091681156643113,0.7967432701787334,0.034563680966132465,2.548664294097394,2.5141006131312618,1.0000000006250502,0.48023535723078836,4,3,0.487133471632049,0.656020471238227,Freestyle_1527072298681.csv,2,train,35.9999999774375,37.9666666429375,36.9833333101875,0.0,0
0.7914018193275608,1.4239185290259948,1.629067468504152,-3.935768160184536,5.979235607116293,9.91500376730083,0.004720104194829652,1.454674073040538,1.4546817308813493,-4.837115177404041,4.373374261710081,9.210489439114122,9.776640641411683,1.21949386677959,9.852404149364547,6.258869589250706,12.497220388452234,6.238350799201529,10.025877799437955,1.149609337232156,10.09157209147882,6.665652888342346,12.891821087637439,6.226168199295093,-0.1525258672642998,0.6613372051703797,0.6786980470925902,-2.540972632921639,1.3866322079366524,3.9276048408582915,-0.015083791844699318,0.307413867562385,0.3077837012352632,-0.5943189445429042,1.50321955361453,2.0975384981574345,0.03438889871912822,0.14392355380850474,0.14797494955560558,-0.5436744500765753,0.4191235973171957,0.962798047393771,0.5359184872976519,0.5385627229413062,0.7597752506954657,0.034563680966132465,2.550738622749865,2.5161749417837327,1.0000000006250502,0.5272068476122712,3,2,0.8389141505809748,0.768977176906317,Freestyle_1527072298681.csv,2,train,36.999999976875,38.9666666423125,37.983333309593746,0.0,0
1.4749054980528302,1.6406000413690123,2.206108502301388,-3.935768160184536,5.979235607116293,9.91500376730083,-2.5166327330923908,2.920389862106389,3.855141665356262,-7.834209893291382,4.373374261710081,12.207584155001463,9.214859480268283,1.388203458281762,9.31883812943844,6.258869589250706,12.497220388452234,6.238350799201529,10.250848020493226,1.220610882844413,10.323263828197362,6.665652888342346,12.891821087637439,6.226168199295093,-0.48396406099911454,0.6614957389415721,0.8196327378628866,-2.540972632921639,1.3866322079366524,3.9276048408582915,-0.15569705118156796,0.34312988746334533,0.37680192597337375,-0.895781301122011,1.50321955361453,2.399000854736541,0.012272007050056022,0.16761773666234098,0.16806637915074663,-0.5436744500765753,0.4191235973171957,0.962798047393771,0.7563230054180654,0.5196146030185091,0.9176185613830498,0.10521138179782678,2.550738622749865,2.445527240952038,0.5000000003125251,0.6110274705267915,3,2,0.981191026720864,0.6975778000795434,Freestyle_1527072298681.csv,2,train,37.99999997625,39.9666666416875,38.98333330896875,0.0,0
-0.638898605310792,5.336459402872584,5.374568855859537,-18.293372069850456,4.132400952655816,22.42577302250627,-5.669017500109016,4.286276973638531,7.107033819483776,-22.1153716585646,3.425175817737309,25.54054747630191,6.6277079292895,2.669105755696627,7.14497291324885,-1.5362597054347236,10.658993407114302,12.195253112549025,10.66606471808898,4.084314074389805,11.421320327734495,5.5392979900192305,26.290198270966886,20.750900280947654,-0.3944321488285213,1.9085294848054462,1.9488615944702763,-5.294859578563156,4.914720149802691,10.209579728365847,0.3664447115166884,1.1342365966156527,1.1919624086777267,-0.9060923322684048,3.89216124365842,4.798253575926824,-0.3941929890120497,1.3714986457289076,1.427023702614109,-5.308053171191428,3.016236716998988,8.324289888190416,1.8748442953436801,1.933957448896375,2.693553887696423,0.10521138179782678,7.363443165339136,7.2582317835413095,0.5000000003125251,0.7188250153556176,1,2,2.5714142571132403,1.3641636178982768,Freestyle_1527072298681.csv,2,train,38.999999975625,40.9666666410625,39.98333330834375,0.23333333333333334,0
-7.491661863171926,7.62061924211368,10.686385502375344,-27.20009863944469,3.542216973136135,30.742315612580825,-3.5415578457849572,7.967646728842369,8.71929047403936,-22.1153716585646,15.731143364106632,37.846515022671234,2.5679461118804303,4.921287957240453,5.550983912028725,-11.971745416977033,12.397446353139523,24.369191770116558,13.21606502506147,6.809839140611191,14.867356317370387,2.3035299752362794,32.779413319646665,30.475883344410384,-1.6679351079733142,3.0974704301752802,3.518000936642881,-11.684048155174,4.914720149802691,16.59876830497669,-0.11084414887135359,2.907952842120449,2.910064631126843,-6.673642347481467,4.4417555262192785,11.115397873700745,-0.101916114410973,3.620347068026701,3.621781300319797,-6.79352313664494,6.068699236095541,12.862222372740481,5.088273688262857,2.8410521657008796,5.82770165115732,0.5430907932675806,12.447926060068767,11.904835266801186,0.5000000003125251,0.7856179992715916,1,2,5.347847858487683,4.186465218665639,Freestyle_1527072298681.csv,2,train,39.999999975,41.9666666404375,40.98333330771875,0.7333333333333333,0
-7.371629093337218,6.877514452236804,10.081722101429984,-27.20009863944469,1.595044379873707,28.795143019318395,-0.3546838943172232,6.9562807227003525,6.9653170895444925,-17.70822288128088,15.731143364106632,33.43936624538751,4.621819617839665,6.291919788854726,7.807014231396614,-11.971745416977033,20.362793876561685,32.33453929353872,13.085458874905125,6.314823824205895,14.529495307738381,2.3035299752362794,32.779413319646665,30.475883344410384,-1.863426860280202,2.6972770869312788,3.2783629065889297,-11.684048155174,3.29295358796329,14.97700174313729,-0.43356428608867736,2.8951580642504418,2.9274422636776207,-6.673642347481467,4.4417555262192785,11.115397873700745,0.09450659426329928,3.42203121917638,3.423335969690534,-6.79352313664494,6.068699236095541,12.862222372740481,4.8098431956591305,2.8110886056851276,5.571069081948383,0.6163452807015559,12.447926060068767,11.831580779367211,0.5000000003125251,0.7710459581256517,1,2,2.356666606792966,6.144322386998413,Freestyle_1527072298681.csv,2,train,40.999999974375,42.9666666398125,41.98333330709375,1.0,1
-7.5871748768852205,7.081469221423751,10.378459854256324,-24.02475331090272,1.595044379873707,25.619797690776426,-1.9649936102784873,8.406265998019439,8.632873676701927,-21.559272650537636,15.801968642460118,37.361241292997754,4.180972979922709,7.249421613284951,8.368670670184528,-12.970262245352949,20.362793876561685,33.33305612191464,14.276076834824073,6.961839976364689,15.883122666853327,3.676913406518252,32.77320566267253,29.09629225615428,-1.7974555209140948,2.416513851919113,3.011708077849098,-6.625677717282527,2.3870206132437515,9.012698330526279,0.23582420087233255,2.665487987788665,2.6758997116414394,-6.519217914384128,3.579087997561228,10.098305911945356,0.4462766738107986,3.1223857456195803,3.1541172479849213,-5.235690148944316,7.157815823534086,12.393505972478401,4.498355784642398,2.4380475101512067,5.116569204748453,0.6163452807015559,8.852175008193797,8.235829727492241,0.5000000003125251,0.8727941216330161,1,2,5.888919102486231,2.518011988211498,Freestyle_1527072298681.csv,2,train,41.99999997375,43.9666666391875,42.98333330646875,1.0,1
-8.294468918325324,6.685976269692579,10.65366102877115,-24.02475331090272,3.003383185912385,27.028136496815105,-0.5745314825461788,8.650988655676537,8.670045625317139,-21.559272650537636,15.801968642460118,37.361241292997754,3.3724984752450706,7.008340041916752,7.777568778780682,-12.970262245352949,15.891887423149118,28.862149668502067,14.280189340187052,6.725842176122643,15.78482690971624,4.986508899193736,32.77320566267253,27.786696763478794,-1.8671159634864642,2.342077904811182,2.9952380428457976,-6.625677717282527,2.4930467817798876,9.118724499062415,-0.34313696609488376,2.9615770654344447,2.9813892218239637,-6.838146813045236,3.579087997561228,10.417234810606464,0.01860919278558284,3.543420109336247,3.5434689745085435,-6.142939082359994,7.157815823534086,13.30075490589408,4.845190848827695,2.6344697069922467,5.515097913783893,0.7332306008527276,9.441704501582006,8.708473900729278,0.5000000003125251,0.8111963689282643,1,2,2.8050919886704673,6.0071948430941235,Freestyle_1527072298681.csv,2,train,42.999999973125,44.9666666385625,43.98333330584375,1.0,1
-8.520966052213543,6.284038135607215,10.587539740314623,-21.958902833117392,3.003383185912385,24.962286019029776,-0.8187211308744339,8.278186527134489,8.318574184809034,-21.21302113052321,18.45808187982218,39.67110301034539,4.192645847676382,6.976454452474484,8.139360904363993,-12.121329622416894,16.994249705217722,29.115579327634617,14.476980228184555,6.1612428636724985,15.733526945742387,4.986508899193736,31.11798244033611,26.131473541142373,-1.902309989413125,2.3047785740728073,2.9884423319391735,-6.267966186445034,2.789977153733586,9.05794334017862,0.16374066694898157,2.5542767929627828,2.5595196699930125,-6.838146813045236,3.696563846113915,10.53471065915915,0.06917039936959761,3.4243080647450532,3.4250066082311377,-6.142939082359994,6.615037554546575,12.75797663690657,4.607213125549858,2.4466683458522223,5.216569637111551,0.7332306008527276,9.441704501582006,8.708473900729278,0.5000000003125251,0.8517780736611368,1,0,9.327162557096552,0.0,Freestyle_1527072298681.csv,2,train,43.9999999725,45.9666666379375,44.98333330521875,1.0,1
-8.839610974795143,6.629960698711233,11.049665200908773,-21.958902833117392,2.122531946188384,24.081434779305777,-1.3193208174456734,8.185733916554051,8.291371851024945,-21.21302113052321,18.45808187982218,39.67110301034539,4.155283238213607,7.369591277207815,8.460334176785008,-12.121329622416894,23.74990898200197,35.87123860441886,15.005053388182692,6.104717472971765,16.19935809243748,5.2301438560070554,31.11798244033611,25.887838584329053,-2.0602779344506907,2.3290791615253803,3.109558635535946,-6.267966186445034,2.984085797011801,9.252051983456834,-0.36070675068416397,2.904954386730567,2.9272631157745783,-7.457737566001409,3.696563846113915,11.154301412115323,-0.1876347963936914,3.7212469937125277,3.7259745040770507,-7.40043895387703,6.615037554546575,14.015476508423605,5.0159084707784265,2.638517097654652,5.667548875999455,0.5066890970509597,10.375631171865857,9.868942074814898,0.5000000003125251,0.8217538047016733,1,1,1.9477305752386451,9.323200100491094,Freestyle_1527072298681.csv,2,train,44.999999971875,46.9666666373125,45.98333330459375,1.0,1
-8.776966150207164,6.68791899376876,11.03464522624517,-23.881978230426142,2.122531946188384,26.004510176614527,-1.2342404626889754,7.722373774445773,7.820384020749016,-21.01397157790394,16.2369778045432,37.250949382447146,4.102770415845324,6.540840974865289,7.721096149097764,-9.599948391322489,23.74990898200197,33.349857373324454,14.458072075721228,5.788028947573099,15.573603540757489,5.2301438560070554,30.593273800861,25.363129944853945,-1.9587275050427735,2.164214833222111,2.9189791508932874,-5.993800927885365,2.984085797011801,8.977886724897166,-0.034252880636130564,2.773376527993854,2.7735880418438343,-7.457737566001409,3.815137761477097,11.272875327478506,0.053522742344729674,3.7262179456425515,3.7266023214688064,-7.40043895387703,7.625040612878126,15.025479566755156,4.786608521621237,2.681263439561369,5.4864191210283515,0.5066890970509597,10.375631171865857,9.868942074814898,0.5000000003125251,0.80807170027696,1,2,7.125406615128076,1.5459088620344672,Freestyle_1527072298681.csv,2,train,45.99999997125,47.9666666366875,46.98333330396875,1.0,1
-9.10645449173012,6.068813969819188,10.943400587122092,-23.881978230426142,1.171231493469364,25.053209723895506,-0.704649657336999,7.734749376399389,7.766780481981958,-21.01397157790394,16.2369778045432,37.250949382447146,3.8972122906757023,6.474851246273874,7.557245682123091,-9.599948391322489,25.422247325565262,35.02219571688775,14.108445531377894,6.1761332930589585,15.40106677361955,4.670471971556319,30.593273800861,25.92280182930468,-2.248116125481918,2.4274258471221044,3.3085377974156946,-6.082730567788602,3.0897819956923245,9.172512563480925,-0.10998812827939111,2.89753045106281,2.899617233911858,-6.8694400963028315,3.815137761477097,10.684577857779928,0.008978462749611263,3.770256053396583,3.7702667440072357,-7.648924065461858,7.625040612878126,15.273964678339985,5.066825175888025,2.8100527429358277,5.793885896451006,0.9048758104492499,10.712195890266635,9.807320079817385,0.5000000003125251,0.7931576191317635,1,1,2.3496561885080762,8.378162472965535,Freestyle_1527072298681.csv,2,train,46.9999999705625,48.9666666360625,47.9833333033125,1.0,1
-8.733130704468971,5.84916705941896,10.51096223903076,-20.81356865259748,1.171231493469364,21.984800146066842,-0.6590141808946998,7.806381964843348,7.834149543610448,-22.505574613640448,17.160715025769008,39.666289639409456,3.5247329487451795,7.246375763600854,8.058145200185445,-11.726858951114089,25.422247325565262,37.14910627667935,14.00413557219452,6.377469498543295,15.38791507415004,4.670471971556319,30.54900272038289,25.87853074882657,-2.190298264114832,2.6063485234867936,3.404476334425932,-8.017698525239172,3.1130034219520226,11.130701947191195,-0.15802597831179171,2.7947904028063006,2.799254473148092,-6.8694400963028315,3.0696221786106643,9.939062274913496,-0.37764100075926893,3.6802453006982225,3.6995700018739757,-7.648924065461858,6.535429199496434,14.184353264958293,5.00208680268755,2.8446846106819446,5.754398571168984,0.9048758104492499,10.712195890266635,9.807320079817385,0.5000000003125251,0.79625681811325,2,2,2.802120833139719,1.833666438189202,Freestyle_1527072298681.csv,2,train,47.99999997,49.9666666354375,48.98333330271875,1.0,1
-9.228209888585166,5.929305274979295,10.968888676236912,-20.81356865259748,1.0756981578648626,21.889266810462342,-0.791726665961813,7.625999688958357,7.666987828970903,-22.505574613640448,17.160715025769008,39.666289639409456,3.659478497279449,6.864656627800814,7.779157633681187,-11.726858951114089,16.179333289182935,27.906192240297024,14.376959242145904,5.737382469436917,15.479486898826027,4.369181764381806,30.39163456446,26.02245280007819,-2.237108051336862,2.63117158627868,3.453652609889489,-8.017698525239172,4.169773345145986,12.187471870385158,-0.1994577147672896,2.745754783164914,2.752989776452719,-7.304532973913431,3.0696221786106643,10.374155152524095,-0.2857704605326682,3.77155619530888,3.782367101496872,-7.5998573385656,6.535429199496434,14.135286538062033,5.075850121320128,2.8370258186047534,5.814892084083378,0.5472232909399686,11.415197980127282,10.867974689187314,0.5000000003125251,0.7967292557662489,0,1,0.0,8.270212806657378,Freestyle_1527072298681.csv,2,train,48.999999969375,50.9666666348125,49.98333330209375,1.0,1
-9.016176029103866,6.08308547279409,10.876366997168937,-21.826788320925814,1.0756981578648626,22.902486478790678,-1.517282686970847,7.607614182099887,7.757444185804291,-19.525319798721792,17.653050414803573,37.17837021352537,3.4898546445080636,6.574909487098926,7.443689958840169,-12.663550836926628,15.968466099631163,28.63201693655779,14.149594440682547,5.802654282353721,15.293195204283254,4.369181764381806,29.604092126242662,25.234910361860855,-2.217343586560149,2.487327543413243,3.3321780998442416,-6.264134358890562,4.169773345145986,10.433907704036548,-0.03523656186143722,2.883744591028415,2.8839598612979094,-7.304532973913431,4.085690534985677,11.390223508899108,-0.32141270432932906,3.677817267753925,3.6918350425626056,-7.5998573385656,6.618496209460111,14.21835354802571,4.982057443509787,2.868690464605933,5.748937410700544,0.5472232909399686,11.415197980127282,10.867974689187314,0.5000000003125251,0.7985731307151219,1,1,4.2145075921632635,6.31245179432698,Freestyle_1527072298681.csv,2,train,49.99999996875,51.9666666341875,50.98333330146875,1.0,1
-9.157244458732121,6.256338677590571,11.090396734368698,-21.826788320925814,2.122073780773025,23.94886210169884,-1.4938994401605308,7.753488222045662,7.896094930198898,-19.525319798721792,17.653050414803573,37.17837021352537,3.603079007624423,7.037374109478228,7.906125011150423,-12.663550836926628,26.172503722459233,38.83605455938586,14.642855990971407,5.782628813266477,15.743316917484284,6.132532350088504,29.604092126242662,23.47155977615416,-2.144245491655751,2.2052928791310964,3.075890994692811,-5.875953262128769,3.104930716622953,8.980883978751722,-0.16101313062018346,2.838614796062935,2.8431776568936957,-6.544041501500099,4.085690534985677,10.629732036485777,-0.2682593215041619,3.883045184001277,3.892300472030568,-8.383983296143887,6.618496209460111,15.002479505603997,5.018114834424446,2.7410383202338764,5.7179338545021,0.71168463804949,10.666758095467292,9.955073457417802,0.5000000003125251,0.8496215859688582,1,1,2.8159541820710405,7.691650576389945,Freestyle_1527072298681.csv,2,train,50.999999968125,52.9666666335625,51.98333330084375,1.0,1
-8.727374942377699,6.2611962217115,10.741026557625508,-24.362641667046827,2.122073780773025,26.484715447819852,-2.238662100815915,7.182799504451058,7.523577388634471,-20.84659393578726,11.169158539493637,32.0157524752809,3.8982174448960665,6.655075940736213,7.71272552504353,-10.05411371807457,26.172503722459233,36.2266174405338,14.131698921506876,5.635165379199421,15.213809623465334,6.132532350088504,31.252148289884495,25.11961593979599,-2.1391051408871222,2.104027341255574,3.000450275628762,-6.003075458196237,3.104930716622953,9.10800617481919,-0.29952456000356303,2.712838292812248,2.7293234628738676,-6.544041501500099,3.331589733016848,9.875631234516947,-0.25787123758136377,3.7786244715088193,3.7874134276385845,-8.383983296143887,7.577264879770647,15.961248175914534,4.80878526246214,2.7698363115712232,5.5494512245240575,0.6804353469421324,10.666758095467292,9.98632274852516,0.5000000003125251,0.8358389068632708,1,1,3.444956679189143,6.839971914271526,Freestyle_1527072298681.csv,2,train,51.9999999675625,53.9666666329375,52.98333330025,1.0,1
-8.873629652392822,5.656490083006976,10.523173630943349,-24.362641667046827,1.3405550561488155,25.703196723195642,-1.3050415540796545,8.079808189569096,8.184524044689615,-20.84659393578726,14.977824775557616,35.824418711344876,3.687677766971494,6.188392443820431,7.203830116802428,-10.05411371807457,22.093652062360064,32.14776578043463,14.06084090524876,5.649029871944104,15.153177404651263,6.2420009551197015,31.252148289884495,25.010147334764795,-2.308615595529219,2.288404860104789,3.2506157526954715,-6.003075458196237,3.164165190179519,9.167240648375756,-0.16688520139768942,2.6184546724565223,2.623767432939692,-6.258397094336799,3.331589733016848,9.589986827353647,-0.08341931952734775,3.8419171489679185,3.8428226816240407,-8.12082791207454,7.577264879770647,15.698092791845188,4.9580401921790065,2.7632918646007414,5.676085312627981,0.5972227982593211,10.306208991802654,9.708986193543334,0.5000000003125251,0.8127733105350671,3,3,1.9449574024123437,3.414072627924456,Freestyle_1527072298681.csv,2,train,52.999999966875,54.9666666323125,53.98333329959375,1.0,1
-9.20903406604385,5.730323538354129,10.846331927604444,-20.760320370653023,1.3405550561488155,22.10087542680184,-0.5398633302455648,7.239997422719889,7.260097457771106,-19.066450637059212,14.977824775557616,34.04427541261683,3.9772130397293113,6.361692177879485,7.502622936645949,-11.275188995153114,22.093652062360064,33.36884105751318,14.086569921300804,5.311292701583608,15.054610001909444,5.621640189459082,27.58340715397955,21.961766964520468,-2.058697471079849,2.3788139325636655,3.1459483471903313,-5.947635114593721,3.164165190179519,9.11180030477324,-0.05740762583310985,2.710665360948659,2.7112731943776374,-6.258397094336799,3.519630894182207,9.778027988519007,-0.46038484356890774,3.602969463075184,3.6322641913880997,-8.12082791207454,5.699966541197731,13.82079445327227,4.805969950930926,2.70997958009457,5.5173668079782905,0.5972227982593211,10.306208991802654,9.708986193543334,0.5000000003125251,0.8112239070998288,3,2,2.253724179984651,4.426330059829311,Freestyle_1527072298681.csv,2,train,53.99999996625,55.9666666316875,54.98333329896875,1.0,1
-9.495596633997115,5.624753340476928,11.036494261167524,-20.760320370653023,0.8761975716513286,21.63651794230435,-0.8851354102773515,6.964914929811069,7.020933319298224,-19.066450637059212,14.290179236994067,33.35662987405328,3.2586146542081464,6.825143090608614,7.563144033528819,-11.275188995153114,16.68556744473739,27.960756439890503,14.261073201285463,4.9920586004468985,15.109561804457408,5.621640189459082,26.707632941791424,21.08599275233234,-2.002688780106767,1.9590379299147098,2.801533858587121,-5.947635114593721,3.324080282531137,9.271715397124858,-0.2771700104510539,2.849067701162237,2.8625181188071656,-6.424999458673602,3.519630894182207,9.944630352855809,-0.3774022103911057,3.4222339271958346,3.442980900449248,-7.532154150304458,5.699966541197731,13.232120691502189,4.762248479763386,2.284230469799181,5.2817345088680545,1.0328536497919734,9.880427847157927,8.847574197365955,0.5000000003125251,0.8859954509762087,2,1,2.3906009388474985,6.244454442173922,Freestyle_1527072298681.csv,2,train,54.999999965625,56.9666666310625,55.98333329834375,1.0,1
-7.826398848250921,6.4742098834620485,10.157160653795971,-23.846797189671804,2.5094071458841034,26.35620433555591,-0.8545452555908954,6.8767241508268,6.929616341502428,-19.98165272812575,14.290179236994067,34.271831965119816,5.1203205499952595,5.0410112173796975,7.185365448496805,-7.01306363635773,16.68556744473739,23.698631081095122,13.268891374587541,5.172377935271801,14.241382370257819,6.783875609133445,27.863198819279745,21.0793232101463,-1.6282907091455947,1.8618869740578596,2.4734497645305424,-4.228519307707639,3.5777989529675995,7.806318260675239,-0.34958612068708994,2.8492698749984515,2.8706356920289866,-6.424999458673602,3.781561327453983,10.206560786127586,-0.34843794083666385,3.2596818253459516,3.278251759872205,-7.532154150304458,5.777606694203347,13.309760844507805,4.353033363306175,2.48123722224528,5.010532667802112,0.709013757592988,9.880427847157927,9.171414089564939,0.5000000003125251,0.7727515284399935,1,2,1.7009124201186823,4.405855590657866,Freestyle_1527072298681.csv,2,train,55.999999965,57.9666666304375,56.98333329771875,1.0,1
-7.616868785547594,6.09222354775528,9.753557189665377,-23.846797189671804,2.5094071458841034,26.35620433555591,-1.6995378542243296,6.418357666044546,6.639559025056876,-19.98165272812575,12.416428459235544,32.39808118736129,3.5295294545275766,4.613541107475519,5.80881569003047,-6.754254183712312,18.282656534037542,25.036910717749855,11.732693761363272,5.941536730686676,13.151348281451282,1.4311547266275741,27.863198819279745,26.43204409265217,-1.6259641725984593,1.7141307273189514,2.36262642855632,-4.864000053420736,3.5777989529675995,8.441799006388337,-0.09854135535858814,2.46829169548402,2.470257940521857,-4.668473796730638,3.781561327453983,8.45003512418462,-0.24529862210144465,2.9971495903147276,3.007170943050728,-4.988712649867507,5.777606694203347,10.766319344070855,4.203406309289715,1.7488940543600984,4.552719518524361,0.709013757592988,7.778488998668976,7.069475241075988,0.5000000003125251,0.9670685255560969,1,2,4.801664025702243,2.3467822679478507,Freestyle_1527072298681.csv,2,train,56.999999964375,58.9666666298125,57.98333329709375,1.0,1
-6.462941863415087,4.993030633184316,8.167005107981765,-17.44555642314328,1.2565994907989564,18.702155913942235,-0.7678634558614307,6.326704347296383,6.373131270023112,-22.35443621689412,12.416428459235544,34.77086467612966,4.125373315765245,5.372561654681108,6.7737082700525075,-8.94061991425201,18.282656534037542,27.223276448289553,11.251310763584403,5.158285029714248,12.37739465099681,1.4311547266275741,28.405061035709103,26.973906309081528,-1.5853071576961326,1.7824038835638651,2.3854061265088884,-6.234192438397007,3.068062586956261,9.302255025353269,-0.5085587813531591,2.3209203178875426,2.375984670841675,-4.668473796730638,3.3291585313720495,7.9976323281026875,-0.7296522160309581,2.530815919092354,2.633898550189465,-4.988712649867507,4.193053548896971,9.181766198764478,3.9144358297938218,1.7175794746029325,4.2746797677897375,0.8540202389018426,7.961621425428746,7.107601186526903,0.5000000003125251,0.9545152473294236,2,1,1.8412615069491063,6.16285227047341,Freestyle_1527072298681.csv,2,train,57.99999996375,59.9666666291875,58.98333329646875,1.0,1
-8.434673094859933,6.245141236628222,10.495022595620664,-22.630663156593705,3.0424714552369325,25.673134611830637,-1.524789517776415,7.751898389141464,7.900437437831835,-22.35443621689412,13.96133569264233,36.31577190953645,3.558698654459646,6.070177420244132,7.036433047112335,-8.94061991425201,14.107838294760755,23.048458209012765,13.845366001880825,5.511772971752404,14.902140819968713,6.360143668546726,28.405061035709103,22.044917367162377,-2.253686313749488,2.1893662555970717,3.142041788698695,-6.4192637636062075,3.068062586956261,9.48732635056247,-0.2281908677314229,2.865583573335016,2.8746548119528192,-7.061219443965574,3.5944375606852224,10.655657004650797,0.15990715475637174,3.674070721153186,3.677548906836913,-8.087642186826924,7.361971919646254,15.449614106473177,4.899036520334369,2.767647742112402,5.626760422480218,0.8540202389018426,11.560119555775742,10.7060993168739,0.5000000003125251,0.8970315651905927,1,2,6.234443136699756,3.692298205177207,Freestyle_1527072298681.csv,2,train,58.999999963125,60.9666666285625,59.98333329584375,1.0,1
-7.909012780364806,6.386791220386673,10.165804702667767,-22.630663156593705,3.0424714552369325,25.673134611830637,-0.2087669854093132,6.909234260090545,6.9123875553245595,-17.876083301603238,13.96133569264233,31.837418994245567,4.6831720085681035,6.280978399415539,7.834716951859868,-8.33017353233507,24.10840404407029,32.438577576405365,13.437052824325574,5.652706261591201,14.577636182987566,3.602131628866677,29.682470941279316,26.08033931241264,-1.9609646458553927,2.3499986947969997,3.0606986470154762,-6.59558867054857,3.375053531866898,9.970642202415467,-0.3719347189290747,2.7600296231426014,2.784977370782309,-7.061219443965574,3.5944375606852224,10.655657004650797,0.18538994739947706,3.6156912907458874,3.620440987306994,-8.087642186826924,7.361971919646254,15.449614106473177,4.7115142013104645,2.8342903939141735,5.4983241179639775,0.7829130708485168,11.560119555775742,10.777206484927225,0.5000000003125251,0.8427921159164679,1,1,1.6440437564206407,10.260855575939589,Freestyle_1527072298681.csv,2,train,59.9999999625,61.9666666279375,60.98333329521875,1.0,1
-8.260990765296487,6.581187898077338,10.562007506819594,-21.851665395383808,1.9752225147533675,23.826887910137174,-1.7819604469856263,7.997514841030427,8.193633300747793,-25.900464870239972,13.772394399305576,39.67285926954555,4.201212981667932,7.081404015918126,8.233861387829924,-11.497624223477102,24.10840404407029,35.606028267547394,14.352348278050234,6.363819725666466,15.699939572980309,3.602131628866677,31.36301667906107,27.760885050194393,-1.792923662771846,2.2732172384351688,2.8951842555606064,-7.22427985057304,3.375053531866898,10.599333382439937,0.027886067233784544,2.730881982039114,2.731024355909637,-7.60622936804839,3.2722764503196924,10.878505818368083,0.453856316085098,3.412686659983479,3.442733767644476,-7.59660592457101,7.948839457762501,15.545445382333511,4.525439746201915,2.685776760006897,5.262414056409587,0.7829130708485168,11.506267445751023,10.723354374902506,0.5000000003125251,0.8432643209230719,1,1,5.271311944771148,1.6440437564206407,Freestyle_1527072298681.csv,2,train,60.999999961875,62.9666666273125,61.98333329459375,1.0,1
-8.447538061420113,6.0803391718279,10.408238263203158,-21.851665395383808,1.5145982358865755,23.366263631270385,-0.6048616772716433,7.895959768326208,7.919093275852856,-25.900464870239972,13.772394399305576,39.67285926954555,3.6294316555070263,6.821891527599391,7.727287891383938,-11.497624223477102,21.662992926981904,33.160617150459004,13.97202976869199,5.961277074115736,15.190603681605056,5.577659283325773,31.36301667906107,25.785357395735296,-1.7840574300154688,2.231647669360261,2.8571160693528856,-7.22427985057304,2.561119928073875,9.785399778646914,-0.4325718745403386,2.8172781475366158,2.850293772092745,-7.60622936804839,3.2722764503196924,10.878505818368083,0.17015686850070097,3.74978539200373,3.7536440755594467,-8.268122789080667,7.948839457762501,16.216962246843167,4.728510218487748,2.8316641362676935,5.511545215905219,0.903639602884952,11.506267445751023,10.60262784286607,0.5000000003125251,0.8084220627445624,1,1,1.8566252418394504,10.630916252257483,Freestyle_1527072298681.csv,2,train,61.99999996125,63.9666666266875,62.98333329396875,1.0,1
-8.467830226771266,5.748039665357608,10.234456934490735,-20.189009272149423,1.5145982358865755,21.703607508036,-1.300468644449303,7.759042971013812,7.867271860132625,-20.103744985926543,11.87792987787116,31.981674863797704,4.024968957729298,6.88843897326822,7.978155588801525,-11.08550860839367,21.662992926981904,32.748501535375574,14.043070390984292,5.751627235675609,15.17527732413168,5.577659283325773,28.61518893360303,23.037529650277257,-1.7956825298998804,2.246715106765129,2.8761440365799276,-6.308488861389186,2.561119928073875,8.869608789463062,0.16704349672686022,2.3878074465098216,2.393643233944125,-6.536786573598613,3.2197242542090465,9.75651082780766,0.2977768007449649,3.468401738585201,3.481160961989944,-8.268122789080667,6.871477944646856,15.139600733727523,4.474518453669469,2.469594845640659,5.110793880978132,0.903639602884952,11.134352422050327,10.230712819165374,0.5000000003125251,0.8876149971714598,1,2,9.23483695817418,1.829745830700454,Freestyle_1527072298681.csv,2,train,62.9999999606875,64.9666666260625,63.983333293375,1.0,1
-9.129939499544756,5.738158871241963,10.78342536010522,-20.189009272149423,1.057935988375374,21.246945260524797,-0.34915410734334323,8.029496166162682,8.037083878689828,-20.103744985926543,13.223010710010108,33.326755695936654,3.482143179999229,6.4299768189093935,7.312313109935003,-11.08550860839367,15.887659396700126,26.973168005093797,14.235372570976073,5.6303703744323705,15.308393213782551,6.3285714443212155,28.61518893360303,22.286617489281813,-1.9273864590853844,2.6762252758886222,3.298029758806131,-6.568142900278898,5.3429182911629605,11.911061191441858,-0.17019757920370582,2.789837037715157,2.7950237768173074,-7.607705793442752,3.2197242542090465,10.827430047651799,-0.02600393276837482,3.8387679782063224,3.8388560529175457,-8.41181909992631,6.871477944646856,15.283297044573168,5.038145317124113,2.8360299295858935,5.781520042165953,1.114264674655995,12.429531203647056,11.31526652899106,0.5000000003125251,0.7324811238339869,0,1,0.0,10.31376731535671,Freestyle_1527072298681.csv,2,train,63.99999996,65.9666666254375,64.98333329271875,1.0,1
-9.240170228208598,5.785229044489091,10.901817322972931,-23.62387403896441,1.057935988375374,24.681810027339782,-0.1442961290696765,7.848855387862113,7.850181671301409,-23.26128065922798,16.593965914446166,39.85524657367415,3.571741547941235,6.022006173087607,7.001563827745548,-9.726584206399254,14.00192839240782,23.72851259880707,14.179097808581334,5.333859258040855,15.149154077040215,6.537791842259191,29.70457475602593,23.16678291376674,-1.886935342606701,2.6447762079660517,3.2489023034559774,-6.903393263779429,5.3429182911629605,12.24631155494239,0.10703834692736545,2.5422111412112502,2.544463537607004,-7.607705793442752,2.9694623205509183,10.57716811399367,-0.24302645777780071,3.761350947225548,3.7691939201073947,-8.41181909992631,6.961099155352261,15.37291825527857,4.84747596728681,2.7818088405863644,5.5889608764946335,1.114264674655995,12.429531203647056,11.31526652899106,0.5000000003125251,0.7387504825072787,1,2,7.837614106330988,1.7814769929253447,Freestyle_1527072298681.csv,2,train,64.999999959375,66.9666666248125,65.98333329209376,1.0,1
-9.238166338992958,6.267775555859123,11.163723739215678,-23.62387403896441,0.7770545513166169,24.400928590281026,-0.531368831933986,7.567508369333834,7.586141031874408,-23.26128065922798,16.593965914446166,39.85524657367415,3.6100789277178933,6.401481309419159,7.349260698818324,-9.726584206399254,15.978569066631156,25.70515327303041,14.458701590111767,5.209207677594673,15.368470851070766,6.866833673778585,29.70457475602593,22.837741082247348,-2.035896652989916,2.2033203566523403,2.9999159614386093,-6.903393263779429,2.601859936540781,9.50525320032021,-0.3660872161867427,2.7703264542699593,2.794410226341745,-7.9642533920977,2.9694623205509183,10.933715712648619,-0.2524100463242373,3.7105214324974387,3.719096682328687,-7.914935034268061,6.961099155352261,14.876034189620322,4.711413292914459,2.9055961874690435,5.535332367734182,0.5221265750157003,11.341087690972481,10.81896111595678,0.5000000003125251,0.7668833501527099,2,2,2.1467340083971056,5.762035373227105,Freestyle_1527072298681.csv,2,train,65.99999995875,67.9666666241875,66.98333329146874,1.0,1
-8.752614799621293,6.177357861047107,10.712983523463022,-20.399560515686677,0.7770545513166169,21.176615067003294,-1.3084714616145758,6.577275535333518,6.706165151079759,-17.78013842337607,13.163341765624065,30.943480189000134,4.022713892330084,5.462365010522266,6.783779077160707,-5.947184130717536,15.978569066631156,21.92575319734869,13.478807027988358,4.907350270514815,14.344348210193106,6.866833673778585,24.65897824590227,17.792144572123682,-1.9742303663068914,1.9988557285056174,2.8094500818893304,-5.411353454804189,2.601859936540781,8.01321339134497,-0.18055040702271882,2.7746583258367328,2.7805264383945665,-7.9642533920977,4.452437633956976,12.416691026054675,-0.3232782164227727,3.359071140314498,3.3745914909670525,-7.914935034268061,6.728692787297409,14.64362782156547,4.339582615522049,2.8601096991558164,5.197326694383024,0.5221265750157003,11.341087690972481,10.81896111595678,0.5000000003125251,0.7565722685035384,2,2,4.061574621741165,2.2102029026240153,Freestyle_1527072298681.csv,2,train,66.999999958125,68.9666666235625,67.98333329084375,1.0,1
-8.439051805344027,5.099650813009327,9.860224834551541,-20.399560515686677,0.0659487555282598,20.465509271214938,-1.4498671531181238,6.324250630000378,6.488317254323423,-17.78013842337607,9.140808506715564,26.92094693009163,3.7200252794167805,5.329222609107467,6.49916930822102,-5.947184130717536,19.299397441066848,25.246581571784382,12.410537885529859,5.247861056602789,13.474475732939672,4.980941479076544,24.65897824590227,19.678036766825723,-1.400462223805309,1.8198419391661114,2.296327312003579,-5.409139030910329,3.135849328358509,8.544988359268839,-0.3901644919845106,2.447895426265059,2.478794131979283,-4.693132784954643,4.452437633956976,9.145570418911618,-0.23196023549781145,3.0187266519565354,3.0276254970000682,-4.936784313590869,6.728692787297409,11.665477100888278,4.177661241860897,1.7695203222700489,4.536965464126152,0.7001958115480118,8.183749336657685,7.483553525109674,0.5000000003125251,0.9534713726136868,1,3,3.8858173082873866,3.149407805890706,Freestyle_1527072298681.csv,2,train,67.9999999574375,69.9666666229375,68.98333329018749,1.0,1
-7.994617879545708,4.9440782966246175,9.399884320730042,-18.88183390832794,0.0659487555282598,18.947782663856202,-1.6646182508930836,6.167973546652928,6.388650216862451,-18.645239130911573,7.946835520739492,26.592074651651064,3.8660473190492883,5.58949892028733,6.796235726710884,-8.38372979027388,19.299397441066848,27.683127231340727,12.157803135622183,5.248744593233695,13.242412804679688,4.980941479076544,26.50740257961217,21.526461100535624,-1.3166513005898943,1.9525995987361628,2.3550405177681517,-6.297258021370721,3.135849328358509,9.43310734972923,-0.3910813426433742,2.3068005594388037,2.3397165293237814,-4.693132784954643,2.871243736324929,7.564376521279572,-0.47763869065667425,3.0214568462149676,3.0589769846063763,-4.936784313590869,7.219617579108886,12.156401892699755,4.068862611169853,1.955041309460282,4.514180930165751,0.7001958115480118,7.9232943715873,7.223098560039288,0.5000000003125251,0.900795079447277,1,3,3.193206965734275,1.8397587343620783,Freestyle_1527072298681.csv,2,train,68.999999956875,70.9666666223125,69.98333328959376,1.0,1
-8.813038557945223,4.866324012778656,10.067311360098854,-18.88183390832794,-0.322761468104439,18.559072440223503,-0.7879438756063821,6.814279944928199,6.859684155918279,-18.645239130911573,9.094253409166704,27.739492540078277,3.8976793379800414,5.399085046684526,6.6589806699711165,-8.38372979027388,18.83725534596918,27.22098513624306,13.051773529575268,4.732785230269696,13.883373088092846,6.49642734313028,26.50740257961217,20.01097523648189,-1.6305851115735108,2.314111324310808,2.830886615071102,-6.297258021370721,4.7325345457795835,11.029792567150306,-0.44004465838670115,2.710382013549853,2.7458714392245724,-6.8923274762575035,2.871243736324929,9.763571212582432,-0.12670398178437345,3.3056431828994466,3.3080705481669526,-6.4387065302642945,7.219617579108886,13.65832410937318,4.584174213702434,2.341453932541321,5.147529479253863,0.8951853463556587,9.064729069385942,8.169543723030284,0.5000000003125251,0.767658664039039,1,2,2.2155363074774863,4.733988827506961,Freestyle_1527072298681.csv,2,train,69.99999995625,71.9666666216875,70.98333328896874,1.0,1
-8.357711564574752,4.98268210430787,9.73028589247081,-19.907958928463476,-0.2468897374360094,19.661069191027465,-0.42436183834871577,6.614520671580277,6.628119392754593,-17.798047413273615,9.094253409166704,26.89230082244032,4.56121369679566,4.888400307148036,6.685890213783154,-11.573159179855908,18.83725534596918,30.41041452582509,12.760667507308636,4.525143417893506,13.539259883191079,6.49642734313028,26.825347311973324,20.328919968843046,-1.392955911804151,2.1158669556579537,2.533223074716356,-5.324260585948434,4.7325345457795835,10.056795131728018,-0.2302666255374315,2.867907185467979,2.877136483258182,-6.8923274762575035,2.9750972427084648,9.867424718965967,-0.6308814748455147,2.8468752796635184,2.9159407218361775,-6.4387065302642945,5.115904537633081,11.554611067897376,4.293599375765823,2.1823950566422354,4.816413996204348,0.8951853463556587,9.064729069385942,8.169543723030284,0.5000000003125251,0.7461973620797001,1,1,2.748774408680867,7.646357990771224,Freestyle_1527072298681.csv,2,train,70.999999955625,72.9666666210625,71.98333328834374,1.0,1
-9.44911126888729,4.277630273863377,10.372262266819384,-19.907958928463476,-0.2468897374360094,19.661069191027465,-1.7516102274526308,6.359004845476769,6.595838158544652,-17.798047413273615,11.643877885405225,29.44192529867884,2.7637589755289613,5.964521504875865,6.573726527392476,-11.573159179855908,22.496235290984156,34.069394470840066,13.187598355695915,4.515532705139985,13.939253423420583,6.6510570106399305,27.260115264970505,20.609058254330574,-1.866506919098471,1.7236650073952826,2.54064344935716,-5.324260585948434,2.790478580476541,8.114739166424975,-0.30889564970451794,2.8938671636554822,2.9103064586551364,-7.057104204318557,2.9750972427084648,10.03220144702702,-0.6489876058085421,2.956226593012954,3.026625279371413,-6.949271170406506,5.115904537633081,12.065175708039586,4.499051956677692,1.9605470902010893,4.90766883578969,1.7233166496103012,8.765900808913027,7.042584159302726,0.5000000003125251,0.8654170639277387,1,1,2.7020476061027194,6.917828863078773,Freestyle_1527072298681.csv,2,train,71.999999955,73.9666666204375,72.98333328771875,1.0,1
-8.262697645843344,4.816892110035464,9.5642366128378,-18.521490230733416,-0.2725324653827512,18.248957765350664,0.3858968510090678,5.1300841487660795,5.144577704053046,-13.493318273411528,11.643877885405225,25.137196158816753,3.8642976531299102,5.295300320695808,6.555379610544797,-9.680944754407731,22.496235290984156,32.177180045391886,12.08834373344759,3.845289242664546,12.685200178859347,6.646589980595379,27.260115264970505,20.613525284375125,-1.382882912864537,2.014909374210932,2.4438136052031045,-5.486113267737191,3.855449063724434,9.341562331461624,-0.45754514204562113,2.8094302479952695,2.846444426887746,-7.057104204318557,2.78937151477789,9.846475719096446,-0.9863049382999307,2.5220066338830214,2.7080093967091026,-6.949271170406506,3.726264232055418,10.675535402461925,4.110664745176792,2.123728103539038,4.626854839413152,1.0579029750075695,8.765900808913027,7.707997833905458,0.5000000003125251,0.8280478690821116,0,1,0.0,7.713938322127538,Freestyle_1527072298681.csv,2,train,72.999999954375,74.9666666198125,73.98333328709376,1.0,1
-6.579313967334742,4.647260970510049,8.055085772900997,-18.521490230733416,-0.2725324653827512,18.248957765350664,-1.7188430176107836,4.800189857215357,5.098651192668756,-13.493318273411528,7.573027089382452,21.06634536279398,-0.3538266177718168,6.582236948725346,6.591740022528876,-9.993495160849164,9.488143846932124,19.48163900778129,11.059133270303695,3.468033827338697,11.590154758151574,6.646589980595379,23.406908919406504,16.760318938811125,-0.8003003529207792,1.6683827355959338,1.8504003910828852,-5.486113267737191,3.855449063724434,9.341562331461624,1.1963186014152016,1.074772616810076,1.6082022179865323,-0.6843152569608607,3.1088631208782265,3.7931783778390873,-0.08420458407385352,1.646482190243588,1.6486339844757458,-3.809478075652758,3.3165827284364378,7.126060804089196,2.5038587181783334,1.5681139994997895,2.9543679520372663,0.3248306926675067,6.886577371304205,6.561746678636698,0.5000000003125251,0.9310983080331671,2,2,2.328399095969676,1.3165737334090686,Freestyle_1527072298681.csv,2,train,73.99999995375,75.9666666191875,74.98333328646876,0.5166666666666667,0
-2.343949168550126,4.865924409191194,5.401047866915225,-14.473869631177283,8.36980081625363,22.843670447430913,1.4366688729031987,5.310355296856119,5.501262657719297,-10.709943926997116,9.976090374174998,20.686034301172114,-4.395380598284323,3.9225129834496206,5.891135604372481,-9.993495160849164,3.7107196791748898,13.704214840024054,9.459607360559401,2.15789624011021,9.702612411048449,5.815903145314122,16.24372254797612,10.427819402661997,-1.089082360587881,1.3619640326738682,1.7438596315188148,-4.078760858853013,1.8471666726862952,5.925927531539308,0.8191198580940109,0.8018082003370419,1.1462345885776082,-0.6843152569608607,3.1088631208782265,3.7931783778390873,0.45772687441355,1.2727118969175117,1.3525196723581394,-3.051217978505204,3.3165827284364378,6.367800706941642,2.2085949064137904,1.1429427588341627,2.4868071116611326,0.3248306926675067,4.581309882552157,4.25647918988465,1.0000000006250502,0.7633216221189947,2,3,1.6028570405477243,1.663379657772887,Freestyle_1527072298681.csv,2,train,74.999999953125,76.9666666185625,75.98333328584374,0.016666666666666666,0
0.4530141397340818,4.262207222879233,4.286214206215424,-8.66579818425907,8.87397644380708,17.53977462806615,3.4779940296742766,5.721534496591851,6.695700072893086,-8.311094509121622,12.29942411218259,20.610518621304212,-4.441086694348609,4.911612246320925,6.621720764644938,-11.731032138328365,6.493521039519852,18.224553177848215,10.12307903797853,2.1388053589499565,10.346555831417202,5.815903145314122,15.364120487456724,9.548217342142602,0.23395602945358554,2.635458586964293,2.645822629603412,-4.078760858853013,7.803948230166992,11.882709089020004,1.1775101129992598,0.6187642899479762,1.3301876983081573,-0.2455531644038381,2.2940831027937,2.539636267197538,0.19921967978954244,1.1339632527635781,1.151330160915453,-2.0822134725360493,1.8084392884118647,3.890652760947914,2.867787094845125,1.367894373891943,3.177316137793888,0.7876778261144048,8.036569218918018,7.248891392803613,0.5000000003125251,0.5462912274264538,3,3,0.9144474970033061,1.0060264210623002,Freestyle_1527072298681.csv,2,train,75.9999999525,77.9666666179375,76.98333328521875,0.0,0
2.0414484477050494,5.424612437915133,5.796027248574744,-8.66579818425907,14.824358350967367,23.49015653522644,-2.70569085778084,6.6306427009433495,7.161437400791279,-12.6999722074155,12.29942411218259,24.99939631959809,-1.4850567210270404,6.914810842679007,7.072482057573477,-11.731032138328365,10.61668790609769,22.347720044426055,11.494430625917456,1.666788694568886,11.61465109103032,8.54669604378327,16.705564988310904,8.158868944527635,1.9350378986562569,1.9380829250587808,2.73871084520444,-1.0424561388182243,7.803948230166992,8.846404368985217,0.8749357975374242,0.7697614240944883,1.1653520068358845,-0.3951993906487371,2.2940831027937,2.689282493442437,0.15732213195766406,0.8695687457972823,0.8836854965830112,-2.0822134725360493,1.5834960485894365,3.6657095211254855,2.591222826214585,1.710276794923121,3.104751592373858,0.5231769377411579,8.036569218918018,7.51339228117686,0.5000000003125251,0.7874643850672118,3,2,1.1714949167467748,1.1962015848366294,Freestyle_1527072298681.csv,2,train,76.999999951875,78.9666666173125,77.98333328459375,0.0,0
3.57947160664137,3.6441070952823904,5.108045957569216,-8.050959354043203,14.824358350967367,22.87531770501057,-5.574709666476978,2.379068190186344,6.061134656074586,-12.6999722074155,-0.7174458589726868,11.982526348442814,5.838793747256518,4.264931369250125,7.230570655723901,-6.339475928249373,10.61668790609769,16.956163834347063,10.60175261738623,1.6472644811527208,10.728962616726891,8.102984624934841,16.705564988310904,8.602580363376063,0.9428413396424165,1.439015034635791,1.7203819522555313,-0.9139178062076048,5.383195758953547,6.297113565161151,0.1531543463466719,0.3578000657580684,0.3892006434493067,-0.6529159478919833,1.2031225409638993,1.8560384888558825,-0.01933456529797622,0.34607735165244374,0.3466170202716983,-0.5121417374864035,1.2620998286548542,1.7742415661412576,1.2387800941815288,1.3025968061950488,1.7975913220890722,0.07806444445505849,5.514728196625179,5.43666375217012,0.5000000003125251,0.3684982302568821,3,3,1.29097704441723,0.9726363547582976,Freestyle_1527072298681.csv,2,train,77.99999995125,79.9666666166875,78.98333328396876,0.0,0
2.348907305251197,1.021312808080859,2.5613366394545736,-0.7760326785562789,4.370029846804101,5.14606252536038,-5.043990499121901,1.0686786606761063,5.155959099432082,-7.571291680019257,-1.051317391915475,6.519974288103782,8.501185802911017,1.3020725019576227,8.60032283440395,5.5579786010759875,12.373178957477474,6.815200356401487,10.291720638156301,1.0910539756339386,10.349391888975841,7.1635950194405815,13.499573125545114,6.335978106104532,-0.08078712727110876,0.5235016693070811,0.529698553613297,-1.2120314203103426,1.4602013489336387,2.6722327692439816,-0.05711426939970935,0.39012413091586634,0.3942827377554369,-0.8133403444711548,1.0851511649260246,1.8984915093971795,0.0031547325795779476,0.17775836209524656,0.17778635389824904,-0.3755994617175098,0.5797415513633638,0.9553410130808736,0.6082630625852186,0.3125115506966506,0.6838475141611431,0.07806444445505849,1.5576626337200496,1.4795981892649912,0.5000000003125251,0.6405123783823641,3,3,0.9594442576806371,0.6119957163526374,Freestyle_1527072298681.csv,2,train,78.9999999505625,80.9666666160625,79.9833332833125,0.0,0
-3.7052999315279345,8.151741711488617,8.954336408322185,-25.937858083134604,4.31815811281193,30.256016195946533,-6.446565482054783,5.766415634656362,8.649263308862182,-25.312192943388993,8.0051038569833,33.31729680037229,5.314049725216871,5.3369220835866065,7.531391757726584,-10.57526125690557,12.373178957477474,22.948440214383044,12.95767221650255,6.618949224572103,14.550318144555662,4.121987686097263,31.142962091446638,27.020974405349374,-0.8424276567528121,2.5804912830554234,2.7145201452166567,-7.640711269165995,4.8279912927131985,12.468702561879194,0.8849315755488807,1.3451980482890695,1.6101744261179118,-0.8133403444711548,3.733425016655874,4.5467653611270284,0.25097953583580324,2.4479513409809783,2.460783715652175,-5.143309747162932,7.255040198460072,12.398349945623004,2.8973615994604858,2.7608030640561645,4.0020916776768285,0.12001796810277955,9.451202313425322,9.331184345322542,0.5000000003125251,0.8701195398283682,1,1,3.0609445633344867,1.8984915093971795,Freestyle_1527072298681.csv,2,train,79.99999995,81.9666666154375,80.98333328271875,0.38333333333333336,0
-9.481642334013351,7.385452543047633,12.018587713028635,-25.937858083134604,2.2342776981469235,28.172135781281526,-1.9159064171530398,8.603630527494749,8.814372107695919,-25.312192943388993,14.897271369929314,40.20946431331831,3.8885374838168434,5.914403998659463,7.078198812014796,-10.57526125690557,16.50455129426412,27.07981255116969,14.895235254162287,7.097356649785841,16.499712260857713,4.121987686097263,31.142962091446638,27.020974405349374,-1.8975907944081878,3.6429427343879452,4.107539724586071,-10.661788842464029,4.8279912927131985,15.489780135177227,0.09396657221847586,2.9416610078956653,2.9431614298349715,-8.919193742611126,3.733425016655874,12.652618759267,-0.01598513732068784,4.040135646921866,4.040167270069882,-9.752225097577824,7.255040198460072,17.007265296037897,5.489229545029676,3.424236026216369,6.469701180214182,1.0155302799027626,15.379783449865517,14.364253169962755,0.5000000003125251,0.7281247118231606,1,2,4.175443444391681,5.571078910555655,Freestyle_1527072298681.csv,2,train,80.999999949375,82.9666666148125,81.98333328209375,0.8833333333333333,0
-10.526306853422462,6.406864976775311,12.32278600005043,-21.710087175264647,-0.0779461447818932,21.632141030482753,-1.1052609672747458,8.459356448043735,8.531255084736374,-19.730516581040604,14.897271369929314,34.62778795096992,3.9981392369622553,6.2812777106388165,7.445775113197088,-9.274876377231925,16.50455129426412,25.779427671496045,15.549276968241053,6.188127416683709,16.735379743530892,5.5671152786372815,28.878571599046104,23.311456320408823,-2.5499555442151487,2.9736918434451223,3.9172843217266755,-10.661788842464029,4.112399523430819,14.774188365894847,0.11598607786363822,2.964104052381524,2.9663724654201395,-8.919193742611126,4.193308936710824,13.112502679321949,0.19893430358084752,4.130255990581185,4.135044063232332,-9.752225097577824,7.18999536887978,16.942220466457606,5.488868503695559,3.333975706999109,6.422076881019203,1.0155302799027626,15.379783449865517,14.364253169962755,0.5000000003125251,0.7881705786297544,2,1,3.558591650273021,10.991096981338664,Freestyle_1527072298681.csv,2,train,81.99999994875,83.9666666141875,82.98333328146876,1.0,1
-10.327805457065045,6.864051218490016,12.400756617603493,-24.264779830672374,-0.4177670582344545,23.84701277243792,-1.863192369619288,8.037404618610466,8.250536880074435,-19.730516581040604,10.683710649035447,30.41422723007605,4.309159189454062,5.660163254792614,7.113810581605397,-9.274876377231925,16.888822479058604,26.16369885629053,15.133939027296801,6.589409230540238,16.50625410229305,3.3783497661039603,28.878571599046104,25.500221832942145,-1.9581569881769667,2.8411934111748987,3.450617160748197,-7.819881145864023,5.230499314758038,13.050380460622062,0.12413589332894426,3.138458904602446,3.1409129271425145,-10.888680664907133,4.193308936710824,15.081989601617956,-0.32607703511754366,3.889914695684577,3.9035576814662143,-10.831171723370367,7.18999536887978,18.021167092250145,5.172030275351419,3.2031169521769116,6.083572583480432,1.2087081921369296,15.122023750876659,13.913315558739729,0.5000000003125251,0.7198904556231888,1,2,3.0707086909427748,7.287931361586404,Freestyle_1527072298681.csv,2,train,82.999999948125,84.9666666135625,83.98333328084374,1.0,1
-11.251556870179028,6.647061653840659,13.068318967366528,-24.264779830672374,-0.4177670582344545,23.84701277243792,-1.000902273704986,8.084590783423469,8.146312877426418,-23.767237062398657,11.219964082828122,34.98720114522678,4.260897178269923,6.14633686863555,7.478816862748897,-10.03825339184397,16.903367493060898,26.941620884904868,15.953473192311096,6.209892825041642,17.119464822134262,3.3783497661039603,32.61811238399358,29.239762617889618,-2.0360622758759273,2.850842281510581,3.5032629512061337,-7.819881145864023,5.230499314758038,13.050380460622062,-0.22101211560957526,3.2812807258632595,3.288715487415708,-10.888680664907133,4.066121774003246,14.954802438910379,-0.0939426403357857,4.067045030266904,4.068129852634006,-10.831171723370367,7.836864984055796,18.668036707426165,5.4657417679202975,3.1247157129513274,6.295886066341531,1.2087081921369296,15.122023750876659,13.913315558739729,0.5000000003125251,0.7557554236023133,1,1,12.093584045897176,8.656045076605627,Freestyle_1527072298681.csv,2,train,83.9999999475625,85.9666666129375,84.98333328025001,1.0,1
-10.493272084730023,7.526711037048343,12.913564112180637,-26.811884847027347,1.9896463131126672,28.801531160140016,-1.946344159171395,7.6720194186921855,7.9150576464565665,-23.767237062398657,11.219964082828122,34.98720114522678,4.527466967979267,6.732042377857786,8.112851023124762,-10.03825339184397,24.36596321473756,34.40421660658153,15.85836328384329,6.613542266229033,17.182160147942596,5.286093722397483,32.61811238399358,27.332018661596095,-2.0483731569859773,2.9733744776342794,3.6106493009578795,-10.356934092337116,3.184803408531302,13.541737500868418,0.12546749049351064,3.0611561013432387,3.063726288029281,-10.68904972752079,4.066121774003246,14.755171501524035,-0.3398410140170119,4.26217548000664,4.275702484642487,-12.75906840313134,7.836864984055796,20.595933387187138,5.158944765312887,3.753681897563777,6.3800343948639675,0.5219677499757255,17.27322754107284,16.751259791097112,0.5000000003125251,0.8043237120328356,1,1,1.9603822455036473,14.181497019053927,Freestyle_1527072298681.csv,2,train,84.999999946875,86.9666666123125,85.98333327959375,1.0,1
-11.64603854065288,8.139372903587619,14.20843428932367,-26.811884847027347,1.9896463131126672,28.801531160140016,-2.167060528329105,7.685781065000527,7.9854481347362505,-23.22816864842123,15.976157851558549,39.20432649997978,5.31418679952638,6.3622800458959565,8.289703777739364,-9.444946181303786,24.36596321473756,33.810909396041346,16.904551873117338,6.971535093388158,18.285682256597852,5.286093722397483,33.48448763620593,28.198393913808445,-2.7745236222936773,3.5325299770736707,4.491853667428375,-11.108164739543984,3.184803408531302,14.292968148075285,-0.5537216192288196,3.546356590864345,3.58932482525173,-10.68904972752079,3.981524683746095,14.670574411266884,-0.9670716745077196,5.224446633913297,5.313197742813941,-12.75906840313134,7.547844349207177,20.30691275233852,6.41292205975141,4.490490282870566,7.828797629585353,0.5219677499757255,17.27322754107284,16.751259791097112,0.5000000003125251,0.7751903646646564,1,3,12.933264505954337,4.068085077161681,Freestyle_1527072298681.csv,2,train,85.99999994625,87.9666666116875,86.98333327896876,1.0,1
-12.223671217853065,6.978077327594049,14.075215850282776,-24.579989175666643,1.2053434468251756,25.78533262249182,-2.172398197865054,8.942156858041391,9.202254245776086,-23.22816864842123,15.976157851558549,39.20432649997978,5.0971521783505604,5.742219782304698,7.678153968080823,-9.444946181303786,15.157674155836462,24.602620337140248,17.159630876298888,6.877085209787707,18.48640670312949,4.64829148152925,33.48448763620593,28.836196154676678,-2.7331478900289365,3.453091132132412,4.403854647417548,-11.108164739543984,7.698761418699592,18.806926158243577,0.4586706378244662,2.861988100581867,2.8985090377424227,-8.951739822208243,3.981524683746095,12.933264505954337,-0.7665654996531581,4.594425532940142,4.657936092626305,-11.011696281691288,7.547844349207177,18.559540630898464,6.174698648552789,3.3711653237429355,7.035030848578166,1.0964270330447066,16.699901456323758,15.603474423279051,0.5000000003125251,0.6870998562526415,3,2,2.7682623424974597,7.490530584294204,Freestyle_1527072298681.csv,2,train,86.999999945625,88.9666666110625,87.98333327834375,1.0,1
-10.81718246378906,7.1462758840146705,12.964593918258885,-32.67855336006748,1.2053434468251756,33.88389680689266,-0.3608224330116316,8.519197967006804,8.526835686772515,-20.57273470100776,19.413615734052392,39.98635043506015,3.879861260747113,8.180180365891891,9.053655296131467,-15.182167608483493,25.628306241455967,40.810473849939456,16.285822834873287,7.5847393565541665,17.965419463951903,2.9759849516138313,38.1829797910783,35.20699483946447,-2.979112879385505,4.066980977404214,5.041373604355099,-19.394861904538132,7.698761418699592,27.093623323237722,0.07693531445924205,3.1687884562534516,3.1697222785436696,-12.098538535454,3.483878134159155,15.582416669613156,-0.6510541813726968,3.9182546371908287,3.9719756984340058,-7.5450701486461424,8.407277383317144,15.952347531963287,6.00396015002622,3.8976455210334136,7.158154656804692,1.0964270330447066,22.966159319911284,21.86973228686658,0.5000000003125251,0.4329388574488626,3,3,3.5686599867472117,6.58504620715518,Freestyle_1527072298681.csv,2,train,87.999999945,89.9666666104375,88.98333327771874,1.0,1
-11.483828405721265,7.109317160960996,13.506320940477655,-32.67855336006748,0.99091522702596,33.66946858709344,-2.8094227358360344,9.271814690595475,9.688106304401005,-23.222899190943693,19.413615734052392,42.636514924996085,2.4311391867230494,8.615963771444566,8.952389036233045,-15.182167608483493,25.628306241455967,40.810473849939456,17.187388766649143,7.811468872925768,18.879231408312823,2.9759849516138313,38.1829797910783,35.20699483946447,-3.438497062940263,3.5926838605806997,4.972990988723573,-19.394861904538132,2.9757037591121236,22.370565663650254,0.44719027669015754,3.2558934027661963,3.2864602528773506,-12.098538535454,3.8247294169513575,15.923267952405357,0.3401822697325802,4.229060172537138,4.242720108560103,-7.5450701486461424,8.407277383317144,15.952347531963287,6.225529284118082,3.8438157369776413,7.316565744066595,1.2494463275980383,22.966159319911284,21.716712992313248,0.5000000003125251,0.5281609752669645,2,2,3.088730796539571,9.48636264157073,Freestyle_1527072298681.csv,2,train,88.999999944375,90.9666666098125,89.98333327709375,1.0,1
-10.323925720216327,6.879056773447935,12.405839930003296,-24.77980601039267,0.99091522702596,25.770721237418627,-0.5747335875412882,8.724608988471667,8.7435187824107,-23.222899190943693,14.044978916167029,37.26787810711072,4.151836736417155,6.4084058921049065,7.635798213928125,-9.799943434221747,19.45984838292605,29.2597918171478,15.73129006123199,6.4176251402247235,16.989979382890983,4.302972119213295,33.70858203903528,29.405609919821984,-2.1974273587088535,3.3802813211186704,4.031747611979941,-11.335204686567348,4.808639816516235,16.143844503083585,0.04972158893992491,2.728945047287437,2.7293979752907673,-8.072599879240466,3.8247294169513575,11.897329296191824,-0.08739120963022168,4.343653101620161,4.344532137150683,-10.841779240121566,7.860763605730897,18.702542845852463,5.50472932811537,3.5039287420192897,6.525301648580116,1.2494463275980383,15.303812436048814,14.054366108450775,0.5000000003125251,0.7253231029234345,2,3,3.2951587354946925,3.793060550878726,Freestyle_1527072298681.csv,2,train,89.99999994375,91.9666666091875,90.98333327646876,1.0,1
-10.568789860842474,5.98128323510318,12.143931334669718,-20.69159558612578,-0.1209040377850906,20.570691548340687,-1.1789120934005721,8.119577292885333,8.204716274138017,-24.296352934023123,14.044978916167029,38.34133185019015,3.2072547673020444,7.122666639306956,7.8114571750140165,-12.396204335822432,19.45984838292605,31.856052718748483,15.643390553139685,5.576345810591042,16.607567570157777,4.773351230760779,31.21403697963687,26.440685748876092,-2.4293765587625407,3.185813258485153,4.0064044456600625,-11.335204686567348,4.808639816516235,16.143844503083585,0.133780208424378,2.7480289226539814,2.751283355801229,-8.072599879240466,3.6854191805081578,11.758019059748623,-0.009621567532600588,4.291099500150867,4.291110286948682,-10.841779240121566,7.860763605730897,18.702542845852463,5.527370579878513,3.388604233834908,6.483399122441129,1.300674547305801,15.303812436048814,14.003137888743012,0.5000000003125251,0.8039471302858815,2,1,2.9953308865403585,10.245135458314873,Freestyle_1527072298681.csv,2,train,90.999999943125,92.9666666085625,91.98333327584376,1.0,1
-9.25746905014707,4.973743843464518,10.508989534433464,-20.558528531033943,0.1603723462997095,20.718900877333652,-1.0947956219902661,7.7754513702965555,7.852147570300475,-24.296352934023123,17.429336030888432,41.725688964911555,3.3668136318965756,6.78775253385034,7.576873926146345,-12.396204335822432,23.674471011497214,36.07067534731965,14.157869563858537,5.3906243057824135,15.149392759887244,7.155537002183772,31.21403697963687,24.058499977453096,-2.0838097604951225,2.177461108182425,3.0139011257142747,-6.156042326704164,5.8939954447598195,12.050037771463984,-0.29530821678560376,2.8103205674829375,2.825793452274726,-6.657013744877316,3.6854191805081578,10.342432925385474,-0.2124534601013076,3.488037309918011,3.4945015020871133,-7.358257974314212,6.441055195296259,13.799313169610471,4.903077449404923,2.2891222998622216,5.411122746583151,1.3477853795195975,9.380320365042374,8.032534985522776,0.5000000003125251,0.8738798212619139,3,1,2.141703632584687,6.457900827498501,Freestyle_1527072298681.csv,2,train,91.9999999425,93.9666666079375,92.98333327521874,1.0,1
-7.690299656232546,5.881599502496869,9.681628040284435,-19.92182492731407,2.422890501602309,22.34471542891638,-1.2721550589579373,7.661146925432027,7.766051165623934,-18.376967844104392,17.429336030888432,35.80630387499282,4.854695117854302,5.175367125915325,7.095948814311124,-5.0427294066813415,23.674471011497214,28.717200418178557,13.163186502439109,5.5792905368728585,14.296781518678747,6.398723200482301,30.391905123417875,23.993181922935573,-1.7741066556301566,1.9368920977923918,2.6265957861920497,-5.246236634842785,5.8939954447598195,11.140232079602605,-0.39118151537380097,2.797490529437403,2.8247081690436815,-6.657013744877316,3.7611627244629706,10.418176469340287,-0.17314647555698545,3.4717010878730528,3.47601613136889,-7.358257974314212,7.442798085460314,14.801056059774526,4.521638910519146,2.5525382215982417,5.192366494175915,0.6061183292582356,9.380320365042374,8.774202035784139,0.5000000003125251,0.7864879940229206,2,2,2.5831266971780735,5.703922584478282,Freestyle_1527072298681.csv,2,train,92.999999941875,94.9666666073125,93.98333327459375,1.0,1
-8.060973498727613,5.543066590682101,9.78288714929928,-19.92182492731407,2.422890501602309,22.34471542891638,-2.573379767292583,6.963250524254017,7.42355314456862,-18.376967844104392,12.314842052024744,30.691809896129136,3.2882116131268537,5.352984019438119,6.282258632455543,-10.170315081808043,16.353657199728723,26.523972281536764,12.43450860231909,5.971916912522675,13.794230525521234,4.57132450695498,26.7877029634422,22.21637845648722,-1.6580734539134319,1.7866408115782901,2.437476762590681,-5.246236634842785,1.8210548837973264,7.067291518640111,-0.17213639732760477,2.4215671140276367,2.4276775376942186,-4.983145433190749,3.7611627244629706,8.74430815765372,-0.23833543956823086,3.3000491526958986,3.3086444644239275,-5.424347298107874,7.442798085460314,12.86714538356819,4.325058117913335,2.0188887200214043,4.773053465776149,0.6061183292582356,7.995521760816744,7.389403431558509,0.5000000003125251,0.9578863459586344,1,2,4.574419968657997,3.8149623433881477,Freestyle_1527072298681.csv,2,train,93.99999994125,95.9666666066875,94.98333327396875,1.0,1
-7.908896583549626,5.398663388175658,9.575813884370938,-21.96885629770334,2.062703255052995,24.031559552756335,-1.1923086512935512,6.470180824022283,6.57912150788349,-21.63752167717871,12.314842052024744,33.952363729203455,3.9882736357027992,5.6388300292344065,6.906716346559899,-10.170315081808043,16.353657199728723,26.523972281536764,12.276378819922142,5.654582665874748,13.51605645354606,4.57132450695498,27.424461896020496,22.853137389065516,-1.4103707646441308,2.1114301612560893,2.5391500585087092,-6.443177046104219,3.0807314365342857,9.523908482638504,-0.43967413511071113,2.3101990019482757,2.351665957079823,-4.983145433190749,3.503301944627285,8.486447377818035,-0.5898526227250369,3.094912357033761,3.150620353875705,-5.424347298107874,7.612560541469501,13.036907839577374,4.222794076856355,2.017928292094567,4.680173544599476,0.8358033658228139,8.269626821118509,7.433823455295695,0.5000000003125251,0.9598856397797467,1,3,3.4169289326958103,3.6850385961713585,Freestyle_1527072298681.csv,2,train,94.9999999406875,96.9666666060625,95.983333273375,1.0,1
-9.028218049587228,6.010627240685981,10.846029733380274,-21.96885629770334,2.062703255052995,24.031559552756335,-1.1030457826332534,7.864057379607722,7.941039508046014,-21.63752167717871,17.041901947827693,38.67942362500641,4.404584599141072,5.84294152888809,7.317125883910692,-6.367408296550074,20.02176504620634,26.389173342756415,14.20111797195848,5.706579447727886,15.304796654863223,6.108516210610608,27.424461896020496,21.315945685409886,-1.9937831955096124,2.4023473780231304,3.1219295884742704,-6.443177046104219,4.958534024091012,11.40171107019523,-0.4741969019806535,2.991817370166404,3.029163890956953,-8.850213489830539,3.503301944627285,12.353515434457824,-0.021486811321448734,3.6512730215608338,3.6513362432181924,-7.830813746664829,7.612560541469501,15.44337428813433,4.864702514490714,2.9307343858178387,5.679307580568897,0.6490603240847176,11.390605536706541,10.741545212621824,0.5000000003125251,0.7428695962787939,3,2,3.457784226571,5.747285133045139,Freestyle_1527072298681.csv,2,train,95.99999994,97.9666666054375,96.98333327271874,1.0,1
-8.77565093357146,5.4674890238004545,10.339510894296312,-18.856857032173775,-0.0260516919189326,18.83080534025484,-0.9355795840594838,7.9734350039256965,8.0281364537442,-22.25285900664485,17.041901947827693,39.294760954472544,3.8551809657386187,5.913775316410005,7.059402153976894,-10.536960328981785,20.02176504620634,30.558725375188125,13.809214880545115,5.522427329328435,14.872512202878914,4.80934593963546,29.01114914892151,24.20180320928605,-2.111796869123718,2.2735365064478597,3.1030072933513835,-6.026500107856911,4.958534024091012,10.985034131947923,-0.2859111082036307,3.0230570174761615,3.0365471991566495,-8.850213489830539,3.973572580385434,12.823786070215974,-0.23058236737411894,3.553319487070494,3.5607931146499894,-7.830813746664829,6.939888397335578,14.770702144000406,4.855988063495038,2.8192021367455102,5.615026336593333,0.6490603240847176,11.390605536706541,10.741545212621824,0.5000000003125251,0.7395269875373676,2,2,2.9168503563782866,6.533708769112334,Freestyle_1527072298681.csv,2,train,96.999999939375,98.9666666048125,97.98333327209374,1.0,1
-9.045465659031652,5.363836517079644,10.516234647946861,-18.856857032173775,-0.0260516919189326,18.83080534025484,-1.8774822512164642,7.459667211605467,7.6923061894034435,-22.25285900664485,10.472512366153412,32.725371372798264,2.860817367939716,6.299872578022565,6.919007913857751,-10.536960328981785,11.576586349897552,22.113546678879338,13.79101309803328,5.238644283029083,14.752472206184247,4.80934593963546,29.01114914892151,24.20180320928605,-2.2402323855621007,2.119949799444471,3.084287323432419,-6.055276657531646,3.3118583173666134,9.36713497489826,-0.38242040053293647,2.99788822184954,3.022181191366257,-8.989594276969925,3.973572580385434,12.963166857355358,-0.0886452457305241,3.7094279959353655,3.710487034961811,-8.14525876702219,6.939888397335578,15.085147164357767,4.958109569359987,2.798440812626647,5.6933400990590375,0.9100903737228011,12.72881198393406,11.81872161021126,0.5000000003125251,0.7949237071875793,1,1,4.28137422745318,9.146939098542425,Freestyle_1527072298681.csv,2,train,97.99999993875,99.9666666041875,98.98333327146875,1.0,1
-9.51685252305986,5.391905878583576,10.938150252632976,-21.62127858842391,0.2282151586494759,21.849493747073385,-0.899718362322511,7.719875961567237,7.772128279530902,-19.01274174664208,22.624384292536085,41.63712603917817,3.2021169706651706,6.735762811590736,7.458153507928798,-10.77395899622229,23.68457610678261,34.458535103004905,14.29822474559304,5.5887325768013305,15.351650161806369,6.483828522011162,33.03409455663958,26.550266034628418,-2.0204948380057846,2.4051096104539935,3.1411704233782323,-6.055276657531646,4.582363986670298,10.637640644201944,-0.3372087034220341,3.1015142162640084,3.11979168268513,-8.989594276969925,3.8798789138202814,12.869473190790206,-0.1110746407380814,3.516879563497461,3.5186331778065734,-8.14525876702219,6.777039092196384,14.922297859218574,4.957796103887671,2.7204942573537836,5.655159698188786,1.1619307949896671,12.72881198393406,11.566881188944393,0.5000000003125251,0.841201292783384,1,1,2.5894320207294275,11.25888357026833,Freestyle_1527072298681.csv,2,train,98.999999938125,100.9666666035625,99.98333327084376,1.0,1
-9.745469266780104,5.8451445147373775,11.363973144456123,-21.62127858842391,0.2282151586494759,21.849493747073385,-1.2304035332652157,7.913788088932598,8.008866010316504,-17.549865667667632,22.624384292536085,40.17424996020372,3.2811682176745487,6.722191118672712,7.480235177361729,-12.190031182190966,23.68457610678261,35.87460728897358,14.633385318464095,5.924506125334184,15.787201737729294,6.483828522011162,33.03409455663958,26.550266034628418,-2.175138356443112,2.6774420210192797,3.449626450152226,-8.271376630302811,4.582363986670298,12.85374061697311,0.06414920704940588,2.913016416230117,2.913722663877127,-8.69664680614732,3.8798789138202814,12.576525719967602,-0.247142706812259,3.931750450634756,3.9395102644360622,-10.550278222890917,6.283706326317426,16.833984549208342,5.107208008800081,3.1346243612315785,5.992448875975344,1.1619307949896671,14.795104548440875,13.633173753451208,0.5000000003125251,0.8091927792213475,1,1,6.344603147152293,8.896207559746035,Freestyle_1527072298681.csv,2,train,99.9999999374375,101.9666666029375,100.9833332701875,1.0,1
-9.594046589255107,5.600182821314932,11.108905328111696,-19.453646847364077,1.196544351159291,20.650191198523366,-1.5511231532072605,7.7904702301454485,7.943387781242843,-21.7419295217372,13.676419861914848,35.41834938365205,3.3178046322979284,6.797377088437627,7.56387221339139,-12.190031182190966,19.98112112976158,32.17115231195255,14.606650259861993,5.510273866037378,15.611449320696043,3.672994061548344,28.908132891681472,25.235138830133128,-2.101195677354481,2.8912845530599802,3.5741501984802495,-8.271376630302811,5.345599684143865,13.616976314446676,0.0009913124160013367,2.867234003898734,2.86723417526603,-8.69664680614732,4.104920761430255,12.801567567577575,-0.19613619245152283,3.9846250224512483,3.9894493323683147,-10.550278222890917,6.283706326317426,16.833984549208342,5.2300152046199075,3.0916384640006718,6.075466025964088,1.1706194536814447,14.795104548440875,13.62448509475943,0.5000000003125251,0.7741434504235821,1,2,3.6662564729328797,6.533890109572354,Freestyle_1527072298681.csv,2,train,100.999999936875,102.9666666023125,101.98333326959374,1.0,1
-10.531316462560012,6.389167634002483,12.317876825572352,-23.15500289870271,1.196544351159291,24.351547249861998,-1.242462150132036,8.478418637021713,8.56897279603033,-21.7419295217372,19.310374710664817,41.05230423240202,3.903592473185669,6.956971186339591,7.977310466834741,-11.98454680163932,19.98112112976158,31.9656679314009,15.945459917153945,5.876833720957943,16.993965592331634,3.672994061548344,28.908132891681472,25.235138830133128,-1.7770120021008158,3.1897237879867246,3.6513161324731565,-7.569261934850072,7.4086414879864915,14.977903422836564,-0.12364981331413286,2.982744162976493,2.98530601749686,-9.121030049543911,4.104920761430255,13.225950810974165,-0.17917925481098268,4.083815869120616,4.0877447643212745,-11.101285685654837,6.798678216547319,17.899963902202156,5.429775899324391,3.07755624785538,6.241299446076729,1.1706194536814447,14.306570943985578,13.135951490304134,0.5000000003125251,0.7581411229059092,2,2,3.293643374766895,5.872064469477545,Freestyle_1527072298681.csv,2,train,101.99999993625,103.9666666016875,102.98333326896875,1.0,1
-10.959956612529398,6.473891137916273,12.729175755488557,-23.15500289870271,0.909234657335541,24.06423755603825,-1.5157729412087202,8.35613385997648,8.492499084200476,-20.01931894090647,19.310374710664817,39.32969365157129,3.491021351595797,6.412342221978854,7.3010521741095955,-10.780616767321265,14.56755436872538,25.348171136046645,15.840513337688542,6.044663444464512,16.954640042134013,6.870711740361865,28.87500305525276,22.004291314890892,-2.0328238489252466,2.93466280594249,3.5699605859647106,-7.569261934850072,7.4086414879864915,14.977903422836564,0.005904489384089273,3.020425329341407,3.0204311005421114,-9.121030049543911,4.469553253041268,13.59058330258518,-0.07937987001830692,4.16323273172729,4.1639894262941635,-11.101285685654837,6.798678216547319,17.899963902202156,5.444100327611252,3.093251070258635,6.26150385776078,0.9962790984248494,14.306570943985578,13.310291845560728,0.5000000003125251,0.7669902062600121,1,2,3.337086669297635,6.525212934666147,Freestyle_1527072298681.csv,2,train,102.999999935625,104.9666666010625,103.98333326834376,1.0,1
-10.02717589724293,5.589353051051053,11.479770206913694,-20.94860577035351,-0.1800209890372139,20.768584781316296,-0.9604613336434656,7.69314501395286,7.752868254983567,-20.01931894090647,18.13115721086542,38.15047615177189,3.1524870945694348,6.554593894154401,7.273298838815369,-9.906951903026512,25.617445853573585,35.524397756600095,14.670495527005606,5.437786973898174,15.645860992012814,6.870711740361865,29.27043306741746,22.399721327055595,-1.9960872572940374,2.3743945925761123,3.1019532588332646,-5.194026178453839,5.218210879930662,10.412237058384502,-0.25040966311533963,2.9553615616299336,2.965951273932405,-7.932870099077861,4.469553253041268,12.40242335211913,-0.279049174609899,3.6626942720097406,3.673308831566362,-8.843676137328833,5.994065600073019,14.837741737401853,5.021032196429923,2.5887090284165026,5.6490865413260405,0.9962790984248494,11.388335757472737,10.392056659047887,0.5000000003125251,0.83805772430698,2,2,3.4010634399570483,4.586262023310138,Freestyle_1527072298681.csv,2,train,103.999999935,105.9666666004375,104.98333326771876,1.0,1
-9.153072602840284,6.021560189586882,10.956182053511297,-18.196062607504185,0.7898317087457415,18.985894316249926,-1.6186855620863114,7.447405626260851,7.621285555007662,-19.09553108228861,18.13115721086542,37.22668829315403,3.746541425193161,6.376424776132401,7.395631519780007,-9.906951903026512,25.617445853573585,35.524397756600095,14.31896804544902,5.271094610270708,15.25835129615959,6.253486705807431,29.27043306741746,23.01694636161003,-1.9868261722298366,2.1605781540332183,2.935230178085367,-5.01493236980475,5.218210879930662,10.233143249735413,-0.42120046927232907,2.8090580865771293,2.8404607318320023,-7.932870099077861,3.783016989863047,11.715887088940908,-0.23348710424003485,3.6988148583563714,3.7061769499369914,-8.843676137328833,6.7828641040277144,15.626540241356548,4.744987750118542,2.8115177756670664,5.515391278202021,0.4376656420536276,11.388335757472737,10.95067011541911,0.5000000003125251,0.8098505711430692,2,2,2.6612220010897785,6.133233528646193,Freestyle_1527072298681.csv,2,train,104.999999934375,106.9666665998125,105.98333326709374,1.0,1
-8.613688908524857,6.157782969972169,10.588386454891198,-19.08548171327064,0.7898317087457415,19.87531342201638,-2.371489559466013,6.905097475794754,7.300981706653111,-19.711188338881232,11.141882394098984,30.853070732980214,4.463374324952903,6.408318051615451,7.809497462404942,-9.068219028670228,24.96545749720186,34.03367652587209,13.788298528262743,6.024063073194326,15.046810699092218,4.062031602694048,29.732230533241406,25.670198930547357,-2.2399569378049837,2.4900137205242943,3.3492649061577557,-6.814482012595197,4.233192287097526,11.047674299692723,-0.3079917555952465,2.9923724349502003,3.008180797585882,-9.919415817547067,3.783016989863047,13.702432807410114,-0.07887236236703116,3.7459908186235675,3.7468210609471893,-8.600143453863698,6.7828641040277144,15.383007557891412,4.969973394642914,3.0991546656924642,5.857080773332546,0.4376656420536276,13.318025816158615,12.880360174104988,0.5000000003125251,0.7300493507574292,1,2,4.727244076540517,6.407153042449965,Freestyle_1527072298681.csv,2,train,105.99999993375,107.9666665991875,106.98333326646875,1.0,1
-9.487730659349955,5.853615790119895,11.148177020603418,-19.73440440738702,0.323759740966235,20.058164148353256,-2.2950021412796002,7.577199478261187,7.917132483534651,-21.974421617728176,11.141882394098984,33.11630401182716,3.662724644293882,6.440370075365159,7.409043023736383,-9.068219028670228,24.96545749720186,34.03367652587209,14.170998584108869,6.406212242917877,15.551744473599303,4.062031602694048,29.732230533241406,25.670198930547357,-2.245400497323583,2.7060915959472753,3.5163553743951232,-6.814482012595197,4.991794541117546,11.806276553712742,-0.11108707334602957,3.1154308762269567,3.1174107657498147,-9.919415817547067,3.939007367951192,13.858423185498259,-0.016480790381617108,3.7909120356151043,3.7909478601298456,-8.600143453863698,6.0868204228745775,14.686963876738275,5.343485038749669,2.81095327608479,6.037738871437997,0.9989888472036328,13.318025816158615,12.319036968954983,0.5000000003125251,0.7672307352524456,1,1,2.342595557765746,10.843043780369388,Freestyle_1527072298681.csv,2,train,106.999999933125,108.9666665985625,107.98333326584375,1.0,1
-9.587106452379714,5.452701997890108,11.029259685357653,-19.73440440738702,0.323759740966235,20.058164148353256,-1.3781728728677307,7.888373942019316,8.00785888466061,-21.974421617728176,16.624677147825505,38.59909876555368,3.2692675321112152,6.02971915680056,6.8589812149038725,-9.275246369969397,17.81298866457887,27.08823503454827,14.229237780680132,5.508610406532926,15.258309094722707,4.295694410041407,29.265244333088024,24.969549923046618,-2.054213871659267,2.9443694235058766,3.5901400992988672,-7.813415261550569,5.450990008021884,13.264405269572453,-0.13736256561263913,3.1707821198800548,3.1737560911611884,-9.466404610110011,3.939007367951192,13.405411978061203,-0.010963093795353282,3.628272461213265,3.628289024075139,-8.925207658019687,6.0868204228745775,15.012028080894265,5.215924107742273,2.9867123402285523,6.010517024433135,0.9989888472036328,13.588224465565704,12.589235618362071,0.5000000003125251,0.7388075113674297,2,1,2.977458393325099,9.970795738296404,Freestyle_1527072298681.csv,2,train,107.9999999325,109.9666665979375,108.98333326521876,1.0,1
-9.771387782672564,5.40614860827413,11.167204752045468,-21.09671109016458,-0.1973334896126188,20.89937760055196,-0.9332582029556555,7.699078450582007,7.7554355043156855,-21.509513076171775,16.624677147825505,38.13419022399728,3.4123849069234735,6.216820186292354,7.0917715686344005,-9.332655833555949,17.81298866457887,27.14564449813482,14.397692840654367,5.27758530803325,15.334486160853203,3.1963659799009894,27.799559553457865,24.603193573556876,-2.061233636934756,2.9419434331476237,3.592174170314088,-7.813415261550569,5.450990008021884,13.264405269572453,-0.2148991389486512,3.096483075426194,3.103931229315774,-9.466404610110011,3.235096815959971,12.701501426069981,-0.03918544488961658,3.6677474629608406,3.6679567815265868,-8.925207658019687,5.955889837528449,14.881097495548136,5.202053296694358,2.9884197823752414,5.999334237841756,1.2477407096094433,13.588224465565704,12.34048375595626,0.5000000003125251,0.7340439325593876,2,2,1.5787159871060203,6.397959542854879,Freestyle_1527072298681.csv,2,train,108.999999931875,110.9666665973125,109.98333326459374,1.0,1
-9.5733460832474,5.3851997599224966,10.984048965836674,-21.09671109016458,0.1406154637997179,21.237326553964298,-0.8371607074618196,7.15510236003882,7.20391059305646,-21.509513076171775,14.3907470503584,35.90026012653017,3.96746030931971,5.862663800361569,7.078952474914436,-9.332655833555949,21.22632917870865,30.5589850122646,14.00028156737268,5.162300232748064,14.921703242550631,3.1963659799009894,27.799559553457865,24.603193573556876,-1.9639164006130239,2.670838424716719,3.3151690031641072,-6.964622087485708,4.270900834411804,11.235522921897513,-0.017026577009179866,2.702894180702903,2.7029478086715373,-7.800618336602276,3.235096815959971,11.035715152562247,-0.413276714796268,3.953043867987923,3.9745884648891283,-10.514381925962024,5.955889837528449,16.470271763490473,5.043532791276132,2.94217654543273,5.8389747251698285,1.184025148819033,14.373402702390585,13.189377553571552,0.5000000003125251,0.7545896867347445,2,2,3.1003509876015407,5.042191111379465,Freestyle_1527072298681.csv,2,train,109.99999993125,111.9666665966875,110.98333326396875,1.0,1
-9.372520572451565,5.542209644184852,10.888536615226279,-21.20762588049768,1.2421912704369025,22.44981715093458,-1.377955430841051,7.091026862840845,7.223671029256165,-19.830924010036508,14.3907470503584,34.22167106039491,4.029502259885574,6.140409718881997,7.344489088981169,-9.475009974532936,21.22632917870865,30.701339153241584,13.974361141383211,5.422213886264592,14.989435370893784,3.5541575654542683,28.79771482912133,25.24355726366706,-2.0074764061087174,2.537512426438002,3.2355727213911374,-6.964622087485708,3.1731307911080853,10.137752878593794,-0.00709379777083603,2.7238655839034385,2.723874821121638,-7.800618336602276,3.400519849139724,11.201138185742,-0.38001192911685966,3.973241737822643,3.991373068687894,-10.514381925962024,6.468387401865645,16.98276932782767,4.916466734503729,3.106097020138963,5.815452162127886,0.7953285812137447,14.373402702390585,13.57807412117684,0.5000000003125251,0.7516124995594213,2,2,2.1687374343731545,5.662966863455288,Freestyle_1527072298681.csv,2,train,110.9999999305625,112.9666665960625,111.98333326331249,1.0,1
-9.56238119192693,5.396685323584999,10.98013417684482,-21.20762588049768,1.2421912704369025,22.44981715093458,-1.2883499433602819,7.638371986797283,7.746261820081084,-19.830924010036508,15.874428945332388,35.705352955368895,3.1414486127130785,6.515488815221537,7.233276843007869,-9.47522766766783,17.596191687983254,27.071419355651084,14.327274441061608,5.255227845189801,15.260675365604087,3.5541575654542683,28.79771482912133,25.24355726366706,-1.9614599569544997,2.0368926423783953,2.827765336676859,-6.111405320728505,3.1061896063542225,9.217594927082727,-0.31057139556734686,2.883415956791109,2.900093476359381,-7.907017671977039,3.400519849139724,11.307537521116764,-0.2801797033720396,3.6207731039060813,3.6315972431082337,-8.177826440000462,6.468387401865645,14.646213841866107,4.812047892116999,2.537615532553559,5.440156018634461,0.7953285812137447,11.162772120394449,10.367443539180703,0.5000000003125251,0.8344921950618093,3,2,2.4118099061882123,4.781537901070224,Freestyle_1527072298681.csv,2,train,111.99999993,113.9666665954375,112.98333326271876,1.0,1
-8.429920413986387,6.009848259820129,10.352865994120055,-20.96362062885888,1.7621274301423833,22.725748059001262,-0.8404043279428925,6.553079520744468,6.6067488706341555,-18.928444729076368,15.874428945332388,34.80287367440876,3.85296138383139,6.191641348993819,7.292580751686326,-9.47522766766783,17.596191687983254,27.071419355651084,13.543114447702864,4.53836424365883,14.283301402396404,4.9440990447942035,27.850644636566415,22.90654559177221,-1.674336582466317,1.9989913294254946,2.607560033154231,-6.111405320728505,2.699383285248835,8.81078860597734,-0.4579780420659097,2.861958459703896,2.8983702510350917,-7.907017671977039,3.91929429486384,11.82631196684088,-0.3815402421355515,3.2727428090538933,3.2949079578317244,-8.177826440000462,5.142357840582344,13.320184280582806,4.412786460818856,2.5658631180141183,5.104540908756764,0.4997238442198587,11.162772120394449,10.66304827617459,0.5000000003125251,0.8416619905223365,2,2,2.484207772778368,5.751085485914421,Freestyle_1527072298681.csv,2,train,112.999999929375,114.9666665948125,113.98333326209374,1.0,1
-8.477790183606853,6.662510925571402,10.782484789259803,-25.14949961916359,1.7621274301423833,26.91162704930597,-1.137692809364262,7.038626408754626,7.129979428476438,-18.32594416064715,15.148188586063696,33.47413274671085,5.041198476521246,6.796725503799235,8.462219546530042,-6.720962029614685,35.42754316249494,42.148505192109624,13.92387463381734,6.695779246400623,15.450169725112774,4.9440990447942035,38.269346761340906,33.3252477165467,-2.339011213264294,2.9614662080340417,3.773758810139253,-12.569857196275118,2.699383285248835,15.269240481523953,0.024627938309041888,3.063248521975454,3.0633475223568998,-11.109482246001043,3.91929429486384,15.028776540864882,-0.098201048974481,3.6930923894099057,3.694397764553386,-8.843237586519914,6.856612552751099,15.699850139271014,4.912209939918979,3.625482305670797,6.105237787553475,0.4997238442198587,16.505915880767038,16.00619203654718,0.5000000003125251,0.6345738922983938,2,2,4.141207385940431,7.500199278064962,Freestyle_1527072298681.csv,2,train,113.99999992875,115.9666665941875,114.98333326146874,1.0,1
-8.77643262873315,6.268582847199956,10.785216761794885,-25.14949961916359,0.8086788288760253,25.958178448039614,-0.6851449583652888,7.847144265660912,7.87699795227016,-22.410656388784872,15.148188586063696,37.55884497484857,4.694925337767214,6.9824643843485905,8.414103208655401,-8.231987467635111,35.42754316249494,43.65953063013005,14.216757282424226,6.859223171577997,15.784965319723536,5.843401014456615,38.269346761340906,32.42594574688429,-2.5319438474472085,3.0954991137542227,3.99910670148709,-12.569857196275118,4.737628694366906,17.307485890642024,0.011457297757206416,2.9589261273235246,2.958948309218951,-11.109482246001043,3.3669594069985997,14.476441652999643,-0.4517647171608054,3.699476402904793,3.7269581450991325,-8.843237586519914,6.856612552751099,15.699850139271014,5.056228586342273,3.6156602446143404,6.215983150059966,0.6718679789953128,16.505915880767038,15.834047901771726,0.5000000003125251,0.6100827860294649,2,1,2.6801731514431184,13.978530688087657,Freestyle_1527072298681.csv,2,train,114.999999928125,116.9666665935625,115.98333326084375,1.0,1
-7.733660276363012,5.092993412493022,9.260026089050317,-19.732760882621765,0.8086788288760253,20.54143971149779,-1.1401906612707358,6.920640144888371,7.0139357538467335,-22.410656388784872,11.454107493417052,33.86476388220193,3.077348520566374,5.6737944224139145,6.4546120770227,-9.131690120190154,12.498969100955817,21.63065922114597,12.302289642008198,5.025839686855039,13.28929625653027,4.75603370560364,29.86031155634464,25.104277850741,-1.938173406693769,2.244735741926097,2.965696327255277,-8.949122459932571,4.737628694366906,13.686751154299477,-0.31306106666100925,2.6917384322694304,2.7098824733215316,-5.979423089509142,2.869048442086614,8.848471531595756,-0.17775918122116874,3.2211624616063386,3.226063534800613,-6.622607297101847,5.900558949301097,12.523166246402944,4.597529103304419,2.325732099694579,5.152310516193767,0.6718679789953128,10.009409193745938,9.337541214750626,0.5000000003125251,0.817817670562531,1,1,3.2973940796810655,4.2061991660371225,Freestyle_1527072298681.csv,2,train,115.9999999275625,117.9666665929375,116.98333326024999,1.0,1
-6.0958622204441015,4.48965750075481,7.570770151359875,-15.518297896385514,1.9049461041589355,17.42324400054445,0.35349596689456914,5.060730822438871,5.073061783163452,-15.0163341415347,7.486457282626527,22.502791424161227,4.558751657702603,5.982522621934657,7.521488788701752,-9.131690120190154,17.03385856822176,26.165548688411914,11.111497173258183,4.019942873693197,11.8163154214451,4.75603370560364,22.250665420360036,17.494631714756395,-1.3372961030733208,1.960195201579235,2.3729151050109962,-7.184746052338016,3.773328246499888,10.958074298837904,-0.7821182695254868,2.436363000197157,2.558822709031486,-5.979423089509142,2.580039004317572,8.559462093826713,0.21287754314130045,2.9618881917417847,2.969528331023852,-6.622607297101847,5.900558949301097,12.523166246402944,3.9319899072946214,2.3528394823130445,4.582182696117417,0.8619185301242046,9.380995604182084,8.51907707405788,0.5000000003125251,0.7417603696758416,1,3,1.769042140234872,3.768177275820104,Freestyle_1527072298681.csv,2,train,116.999999926875,118.9666665923125,117.98333325959376,1.0,1
-5.726630390116181,4.49342402387817,7.279090264817966,-14.36517821873292,1.9049461041589355,16.270124322891856,-2.971986280547081,6.6929997137024895,7.323178791985191,-25.002581735019007,8.661081794235677,33.663663529254684,3.204927751181445,7.107685714913003,7.796842829778686,-9.854560167849172,17.03385856822176,26.888418736070932,12.042390071015424,4.73135310376744,12.93850303609427,5.831662095379187,29.18903270028717,23.357370604907985,-1.2213977767573974,2.074464575361654,2.4073254461119964,-8.131376249262086,3.773328246499888,11.904704495761974,0.9204893847617777,1.1515826073281614,1.474260224302291,-1.1921322439236932,2.8716559977414517,4.063788241665145,0.08519106319761495,2.3030609833458904,2.3046360689399266,-4.347158473180831,6.12785566056414,10.47501413374497,3.1531015902457846,1.8270076037900187,3.6441743128885924,0.8619185301242046,9.398966945785931,8.537048415661726,0.5000000003125251,0.973044410850798,2,2,2.516646391239493,2.133979833073033,Freestyle_1527072298681.csv,2,train,117.99999992625,119.9666665916875,118.98333325896874,1.0,1
-6.420203332078016,3.4703531260371547,7.29810671644513,-14.36517821873292,-0.727131593103041,13.63804662562988,-0.8793040056048222,7.808809107327743,7.858159785150554,-25.002581735019007,8.661081794235677,33.663663529254684,-3.946035901369646,4.584393354949311,6.048790107765483,-9.854560167849172,8.583785739745583,18.438345907594755,11.488118823467545,4.429901186174596,12.312631669199744,7.094625499998859,29.18903270028717,22.094407200288313,-1.2931594930179533,1.8166018256572103,2.2298662891221888,-8.131376249262086,2.161423592565567,10.292799841827653,0.4011891539590649,1.3167187392947344,1.3764813749790825,-1.5622920357921282,2.8716559977414517,4.43394803353358,0.14796699352256157,2.1933977633397017,2.1983830374608773,-4.347158473180831,6.12785566056414,10.47501413374497,2.696327558995842,2.104687700591966,3.4205105792006516,0.32195480740612026,9.398966945785931,9.07701213837981,0.5000000003125251,0.773382072477385,1,3,0.9657153889172329,1.5124445300958431,Freestyle_1527072298681.csv,2,train,118.999999925625,120.9666665910625,119.98333325834375,0.5166666666666667,0
-5.490159711330339,1.5959124722018976,5.717411151460459,-7.63446110319308,-1.9223438930142307,5.7121172101788495,5.821511827078854,1.2400138519531398,5.952111751794874,2.001098904617517,7.559225012641951,5.5581261080244335,-2.7519257060814297,3.4940961060965448,4.447673851625231,-7.759754335401314,4.72124930594151,12.481003641342824,9.33852498083911,0.8307697956556636,9.375405445692994,7.094625499998859,10.98993628640756,3.8953107864087,-0.6869231472892884,0.8838250205817211,1.1193793268093266,-2.760639439896796,0.7805505988526233,3.5411900387494195,-0.48665123477376393,0.4607144041159051,0.6701396768336453,-1.5622920357921282,0.3101379184212923,1.8724299542134204,0.1628152269757357,0.43564102433219914,0.4650719301531409,-0.6648749675540446,0.8334987253101109,1.4983736928641556,1.2217519519199027,0.6524655791312518,1.3850592637036048,0.32195480740612026,2.920913881478879,2.5989590740727584,0.5000000003125251,0.5124316530825912,3,1,0.8824784226368197,1.8247900315820345,Freestyle_1527072298681.csv,2,train,119.999999925,121.9666665904375,120.98333325771875,0.016666666666666666,0
-3.623627120786216,3.080900807234629,4.756324557314859,-7.63446110319308,0.4732078685979258,8.107668971791005,3.4777512844505707,3.4681009229811,4.911463937410103,-1.7135307619585194,7.559225012641951,9.272755774600471,4.535199415709576,4.6473776595901235,6.493547016162265,-3.5007190504318975,10.311192343978586,13.811911394410483,9.402820219204534,0.705851315380633,9.429276438524123,7.451267082415856,10.47520183444642,3.0239347520305637,-0.9283606389322225,0.794533487274171,1.2219398259810912,-2.760639439896796,0.4546819305655262,3.2153213704623225,-0.36298218766706475,0.3702725444418004,0.5185150197737509,-1.0389654990078212,0.3101379184212923,1.3491034174291134,0.39444174609336613,0.3254714677108593,0.5113863190925666,-0.4387712160535063,0.8334987253101109,1.2722699413636172,1.2363518668359876,0.703523128813748,1.4225015751853203,0.22471037340378375,2.920913881478879,2.696203508075095,1.0000000006250502,0.7063827435349425,2,2,0.8286881633548939,0.7574995337248912,Freestyle_1527072298681.csv,2,train,120.999999924375,122.9666665898125,121.98333325709376,0.0,0
-3.321290319329186,3.404961802880862,4.7565464640164565,-10.242245620316153,0.4732078685979258,10.71545348891408,-1.3870235857040911,2.8940859684931532,3.209294006526729,-8.324317969053821,5.217464659334028,13.54178262838785,8.124411870740607,1.5491761755290725,8.270792892356681,4.583523336217777,10.311192343978586,5.7276690077608094,9.966348899838648,1.41499362529256,10.066296108943629,7.451267082415856,13.198973810235914,5.747706727820058,-0.9952401400490405,1.1780094681722433,1.5421443653135347,-4.663037665819602,1.3471298946379957,6.010167560457598,0.4373830632854313,0.9729613863331528,1.0667510503131825,-1.0389654990078212,2.278284385703892,3.317249884711713,0.6991589380159688,1.108102969447254,1.3102348688328511,-1.6029940538978806,2.647483530261725,4.250477584159606,1.94784457404509,1.199493215354344,2.2875494439067325,0.22471037340378375,5.0225490480920145,4.797838674688231,0.5000000003125251,0.8496132636652227,1,2,1.9094171116174523,0.5714155501953053,Freestyle_1527072298681.csv,2,train,121.99999992375,123.9666665891875,122.98333325646874,0.0,0
-5.989893940242047,2.494388839945403,6.4885133197206715,-10.242245620316153,-0.3178757745331311,9.924369845783021,-5.21894528027847,3.0197099698999086,6.029596847290358,-10.811773529582869,0.4448006702285813,11.25657419981145,5.438302826117368,2.314569314965367,5.9103611346799605,1.8256569506882496,9.81787890627564,7.99222195558739,10.585794594965709,1.153327696960668,10.64843706763494,7.6043759022016015,13.198973810235914,5.594597908034313,-0.3065009581680267,1.519420277133969,1.5500260694336034,-4.663037665819602,2.623564121337954,7.286601787157556,0.8843822550174677,0.6239762050214244,1.0823485009102753,-0.1423670212442523,2.278284385703892,2.4206514069481444,-0.12393865230738076,1.55105023551726,1.5559940946655026,-1.6029940538978806,2.647483530261725,4.250477584159606,2.2685217021843793,0.921404364380217,2.4485049961109784,0.7935484231735216,5.0225490480920145,4.229000624918493,0.5000000003125251,0.5878406098498701,2,2,1.4828930251417018,0.7386158049475962,Freestyle_1527072298681.csv,2,train,122.999999923125,124.9666665885625,123.98333325584375,0.0,0
-2.6930580111349496,3.9278754198519614,4.7624328620165715,-9.481717911804926,3.282583036617347,12.764300948422274,-7.920209842959778,1.9495799062555208,8.156628333287733,-10.811773529582869,-4.263160027984562,6.5486135015983065,4.00939941074212,1.1215429519107833,4.163309047841635,1.6509209831277838,6.684790726136477,5.033869743008693,10.274328162414466,0.9912999402121259,10.322039273343595,7.203186233111974,11.914992152779526,4.711805919667552,0.2577900967537002,1.2114938558391215,1.2386174133767958,-1.6504499759524702,2.623564121337954,4.274014097290424,0.15347469679183606,0.4844431063236701,0.5081728109805489,-0.6345658927386916,0.899671827254027,1.5342377199927184,-0.8453352111108825,0.5288649739852371,0.9971408024207443,-1.487682831519796,0.3104282606137827,1.7981110921335788,1.566627186846668,0.5765255760374188,1.6693419309393698,0.22338470010526124,2.9393020756234063,2.715917375518145,0.5000000003125251,0.7478953223087048,2,3,0.7386158049475962,0.5817417888713309,Freestyle_1527072298681.csv,2,train,123.9999999225,125.9666665879375,124.98333325521875,0.0,0
-0.5782908281141563,2.5865728887203674,2.65043007652422,-5.50564655459525,3.282583036617347,8.788229591212598,-8.674793653363686,1.4141558908659209,8.789304967522158,-10.515961678941402,-4.492663166416827,6.023298512524574,2.7755290355063935,2.0266416268351217,3.4366899351789013,-0.0586341679157468,6.684790726136477,6.7434248940522235,9.751246509210647,1.0003452553098926,9.802423124575567,7.203186233111974,11.914992152779526,4.711805919667552,-0.006193600464666734,0.9986622042248676,0.9986814100773016,-1.6504499759524702,2.603642324123851,4.254092300076321,-0.13287898245626523,0.4010483745281688,0.42248860658046017,-0.9024313698064176,0.7308167380772939,1.6332481078837113,0.3053157527304945,0.7997168639928843,0.8560168055710132,-1.0182628300342116,1.3374183915182654,2.355681221552477,1.2913649334484807,0.4909201173346729,1.3815302938930756,0.22338470010526124,2.790769480334541,2.56738478022928,0.5000000003125251,0.9487032405537946,1,1,0.29165074171780947,1.349656294771405,Freestyle_1527072298681.csv,2,train,124.999999921875,126.9666665873125,125.98333325459376,0.0,0
-3.9865280093399633,3.7078517089087364,5.444315371514538,-9.919787003767304,4.042047444868408,13.961834448635713,-6.708594180030613,2.7685726429854527,7.257425876426716,-10.057884064610024,-0.6816791780866674,9.376204886523356,3.6630830260871305,3.4027667346039765,4.9996998616052,-0.0586341679157468,8.862670566827791,8.921304734743538,10.232633511372239,1.6127648137327628,10.358947771008049,8.56847450345482,14.826800153762392,6.258325650307572,0.46706339184975715,1.1372597676042613,1.2294340124697618,-1.5246481476174245,3.3473511212361995,4.871999268853624,-0.5150985484264275,0.8265586588749759,0.9739228568794407,-1.9162784410141211,0.4822340570262575,2.3985124980403785,0.5669767687115824,0.5527209295744642,0.7918100038824256,-0.3595215780553955,1.3374183915182654,1.696939969573661,1.6448796354225768,0.6175498274553128,1.7569851463282202,0.8482096816364509,3.3533284619548183,2.505118780318367,0.5000000003125251,0.9153574153107629,1,1,1.384665426832675,0.42662444855322157,Freestyle_1527072298681.csv,2,train,125.99999992125,127.9666665866875,126.98333325396874,0.0,0
-1.9072908519818819,5.803041189034898,6.108440507665549,-9.919787003767304,12.254578675684774,22.17436567945208,-3.007092297985335,2.8521001283370726,4.144524005318713,-8.552689512165285,4.122279497867036,12.67496901003232,7.61337195360405,2.7287915126443174,8.087628553748274,0.1506275218655493,13.49013184649194,13.33950432462639,10.773435523811768,1.9577914352727879,10.949879464622285,7.663526662745791,14.926207566211906,7.262680903466115,0.6285147612494939,1.140315403451099,1.3020560757726032,-1.326212978424814,3.3473511212361995,4.6735640996610135,-0.48207297048435505,0.9557707725280262,1.0704635063795638,-1.9162784410141211,1.2369413322389242,3.1532197732530456,0.0008843505588238429,0.33145767105488516,0.3314588508051027,-0.5871917146919019,0.8100708502871385,1.3972625649790404,1.550761455981747,0.7390845820102,1.7178786664732235,0.26884841852761626,3.3533284619548183,3.084480043427202,0.5000000003125251,0.9153110769145221,2,2,1.4737198101466613,2.1035148400635366,Freestyle_1527072298681.csv,2,train,126.9999999206875,128.9666665860625,127.98333325337501,0.0,0
0.3992668593403042,3.6902984846975153,3.711834712258649,-4.423197384900612,12.254578675684774,16.677776060585387,-0.6671373451199016,1.7863708386028034,1.906880439425638,-5.50244061982351,4.122279497867036,9.624720117690547,9.330987223728044,1.3909442440933575,9.434089699571043,3.642370092075536,13.49013184649194,9.847761754416403,10.210926795650193,1.4672874206567945,10.315811087885663,7.663526662745791,14.926207566211906,7.262680903466115,0.13187237733877757,0.5659460700769352,0.581106942085971,-1.326212978424814,1.794159606257897,3.120372584682711,0.04848143677203664,0.5596188838304275,0.5617150032276995,-1.432427705764897,1.2369413322389242,2.669369038003821,-0.06663879813459637,0.1931670399552566,0.20433852975368885,-0.5871917146919019,0.4551086462088085,1.0423003609007104,0.6599523077458567,0.5093389924543572,0.8336445631883541,0.0528012920990626,2.114301547921771,2.061500255822708,0.5000000003125251,0.8429198014345708,2,1,1.5947687149058254,0.3843181760945978,Freestyle_1527072298681.csv,2,train,127.99999992,129.9666665854375,128.98333325271875,0.0,0
-0.09182109391998335,0.27684357831637463,0.2916735849261585,-1.16991876800106,0.3225395059177938,1.4924582739188539,2.4433651767193223,1.6251492184775729,2.9344749733338857,-4.1169467328991045,9.905934913440973,14.022881646340078,9.132666500012915,0.44720719563472944,9.143609335283614,7.8627262070882225,11.573896322381314,3.7111701152930916,9.573724640717375,0.8034955066913925,9.607383021694941,8.43691165785389,15.235495895563027,6.798584237709136,-0.10765425643865352,0.34445253765485695,0.36088362338325913,-0.841551160710498,1.807521868851532,2.6490730295620297,-0.004753211963547569,0.18911922327333192,0.1891789460682102,-0.3293490901338994,0.6504212998891916,0.979770390023091,0.23169626472445876,0.5554088483678169,0.6017990926650946,-0.1511491437965745,2.159087890897438,2.3102370346940124,0.4106905061320533,0.5996008000055019,0.726765306817985,0.03720316219258631,2.3633900397058984,2.326186877513312,1.9999999993751203,0.2829014661521234,2,2,0.2052635048885783,0.6525344604229328,Freestyle_1526810816300.csv,4,validation,0.0,1.96666666728125,0.983333333640625,0.0,0
-0.1320158804683955,0.4560111786159047,0.4747361243032935,-1.4974249708285643,0.915660156070401,2.4130851268989653,1.136715384389873,1.3450039369195774,1.7610103507469168,-1.5228002480547265,3.0359929147397966,4.558793162794523,9.520607813823535,0.7756617632524647,9.552152862868645,8.40946798435263,12.013876834995862,3.6044088506432317,9.697976224676182,0.720703340065426,9.724718821578644,8.43691165785389,12.023757689911328,3.586846032057437,-0.11244093861808836,0.3690726013338581,0.38582061859451944,-1.3539146251884813,0.534174472158212,1.8880890973466933,0.09094022175623015,0.3107645930678465,0.32379739998600443,-0.3293490901338994,0.9233675332468254,1.2527166233807248,0.5443965603347398,0.7517632123374065,0.9281786155305198,-0.2560105740969721,2.340599696716731,2.596610270813703,0.7321946476877417,0.7609920145415001,1.0560387532181321,0.04897529799832652,2.614841049036995,2.5658657510386687,0.9999999996875601,0.4689471600600875,1,2,1.2027779912461818,0.4971177310384571,Freestyle_1526810816300.csv,4,validation,1.0000000003125,2.96666666759375,1.9833333339531252,0.0,0
-0.5142157361779699,1.2279054536709715,1.3312286154105784,-3.163417168964258,2.1599966764545213,5.323413845418779,0.3113681771622405,1.1365151766434551,1.178395896331212,-2.737351448248165,2.6498523019719156,5.387203750220081,9.742491442882399,0.8305639924603291,9.777830846369168,8.437776748055269,12.013876834995862,3.5761000869405937,9.904401461007277,0.8182874032902793,9.938146838077337,8.652932183040631,12.023757689911328,3.3708255068706965,-0.08413926474896279,0.46652557112630005,0.4740522380362912,-1.3539146251884813,0.7846313595056528,2.138545984694134,0.11643511367070015,0.4181518730183008,0.4340600472333547,-0.7912452960168967,0.9233675332468254,1.7146128292637222,0.39256460997696874,0.6516861042578517,0.7607902151639078,-0.4498439936553925,2.340599696716731,2.7904436903721237,0.8146251547864538,0.5729932440000752,0.9959595375719756,0.20204739734658683,2.614841049036995,2.412793651690408,0.9999999996875601,0.5671351675743252,3,3,0.48438495085552685,0.8770543017466701,Freestyle_1526810816300.csv,4,validation,2.000000000625,3.96666666790625,2.983333334265625,0.0,0
-0.7640457333336604,1.6151344870107742,1.7867359328554757,-4.113963550992383,2.899190681441971,7.0131542324343545,-0.568755532026307,1.726887534467466,1.818137346822195,-4.201477623111731,2.6498523019719156,6.851329925083647,9.578296143514224,0.711557708139676,9.604690072296576,8.421336947583342,10.899942657237853,2.478605709654511,9.90667155792108,0.7784463591131425,9.93720886821541,8.570030400321743,11.467640705895144,2.8976103055734015,-0.18137525484331898,0.48626517823153853,0.518990179704808,-1.387461422895636,0.7846313595056528,2.172092782401289,-0.08058183983243034,0.41930626083089073,0.4269791251135849,-0.7912452960168967,0.6867366048937061,1.4779819009106028,-0.09613168422184988,0.5595731831780066,0.5677705945567244,-1.2736466927112542,0.754052303102248,2.0276989958135023,0.81269430566286,0.3369768441588375,0.8797871492333176,0.27672618365782037,1.5579155290474447,1.2811893453896244,0.9999999996875601,0.4837900429297178,2,3,1.0992563928384822,0.9048573241962495,Freestyle_1526810816300.csv,4,validation,3.0000000009375,4.96666666821875,3.9833333345781248,0.0,0
0.8248867152294649,1.991831930500933,2.15588323717337,-4.113963550992383,4.286073177944514,8.400036728936897,-1.4012161679268165,1.747758131266703,2.2401038446171175,-4.201477623111731,2.642152859198937,6.843630482310668,9.494766052618997,1.0848008307195025,9.556535734056348,7.360744231802349,12.106732486668616,4.745988254866266,9.991646540505464,1.077159418514533,10.049540934952672,7.862588327799919,12.696933997679796,4.834345669879877,0.00811551752910195,0.5170800140980556,0.5171436962821945,-1.387461422895636,0.8269362326076463,2.2143976555032823,-0.25967928627890746,0.280720431170636,0.38240984845967363,-0.8011234055379063,0.6565066521059224,1.4576300576438288,-0.6228379695203234,0.5693255150111373,0.8438356939113774,-1.3987250345217817,0.754052303102248,2.1527773376240296,1.0021115434160328,0.34857714737858775,1.0610059251117578,0.27672618365782037,1.5579155290474447,1.2811893453896244,1.4999999995313402,0.7172117046281071,2,3,0.7718691285916168,0.7203239213658396,Freestyle_1526810816300.csv,4,validation,4.00000000125,5.96666666853125,4.9833333348906255,0.0,0
2.7329553282837393,1.060602463339641,2.931539256369697,0.2621672058722905,4.614760368462779,4.352593162590488,0.8767282418991355,2.6125742568930694,2.755757002698881,-4.102678534078446,4.305513183734948,8.408191717813395,8.786783841593339,1.1915621450771756,8.867208727918086,7.158634289130803,12.106732486668616,4.948098197537813,9.684271308695822,1.0150856681079357,9.737325592483144,7.862588327799919,12.696933997679796,4.834345669879877,0.14377645248593146,0.4035118001849819,0.4283613441686401,-1.4892248913086876,0.8269362326076463,2.3161611239163338,-0.10055666689244185,0.3480129921988813,0.3622494803250049,-0.8011234055379063,1.0068316986211108,1.8079551041590172,-0.4964834381198397,0.47832626605911077,0.6894141143966723,-1.3987250345217817,0.2790653579168391,1.6777903924386208,0.7568435847397431,0.46604477954521,0.8888250380716377,0.11486789502323977,1.532285264423192,1.417417369399952,0.4999999998437801,0.721692518930764,2,2,0.9221840070656502,1.069039185882931,Freestyle_1526810816300.csv,4,validation,5.0000000015625,6.96666666884375,5.983333335203126,0.0,0
2.806450703707587,1.2819649358354925,3.0853848461824835,0.1425257964518535,6.269653536772078,6.1271277403202244,3.2902473582881475,1.5285995287025402,3.627994514586779,-0.0982976485679868,11.264654386388065,11.362952034956052,8.594704216234753,1.236948611988573,8.683258745037135,6.637452679625961,13.340891155137514,6.703438475511553,9.79053646666319,1.492086450285794,9.903581487532081,7.692083682363426,16.530340419411736,8.83825673704831,-0.15270174221630697,0.6638572055188561,0.6811932261812358,-2.658181750023739,1.78282550053514,4.441007250558879,-0.0654319049287704,0.516448486251372,0.5205769617779308,-2.1753638556781847,1.0068316986211108,3.1821955542992955,0.048440302205235555,0.3394738443558242,0.3429124580406155,-0.3194118101089407,1.2972505838999575,1.6166623940088982,0.5747602908556464,0.722678453023287,0.923370748079339,0.031055534721766084,3.4583575540666227,3.4273020193448565,0.4999999998437801,0.5508660701077418,1,1,1.701129613781891,1.3049928898279803,Freestyle_1526810816300.csv,4,validation,6.000000001875,7.96666666915625,6.983333335515625,0.0,0
3.741302575232476,2.7441579226906443,4.639800390545587,-1.3028250470792382,10.149064584532288,11.451889631611527,0.24468885267698698,5.936665908704639,5.941706383371721,-18.19395336308697,11.264654386388065,29.458607749475036,7.438058947423022,4.0586663786010195,8.473340172454188,-1.3011946549415636,17.71436708489471,19.015561739836276,10.514595101914157,4.251165243934425,11.341477685400312,2.6646358236658787,24.321206969752115,21.656571146086236,-0.6547238685909994,1.3954421733681914,1.5414026739685205,-4.4044395786807256,1.78282550053514,6.187265079215866,0.20292426075715073,1.2494491558875578,1.2658204646599638,-2.3970835214858157,3.1038437660458413,5.500927287531657,-0.08054010726973722,1.498617532461671,1.50078020292131,-3.0990757733101475,3.559729551053215,6.658805324363362,1.9485856168807743,1.5599932574325996,2.4961099474081268,0.031055534721766084,5.015455340293454,4.984399805571688,0.4999999998437801,0.6444115664097042,2,1,1.6140494578187645,3.139884520084871,Freestyle_1526810816300.csv,4,validation,7.0000000021875,8.96666666946875,7.983333335828125,0.0,0
2.13851446984709,4.905343510236029,5.351227811555036,-9.26065956622967,10.149064584532288,19.40972415076196,-4.960440842473812,6.282523912363614,8.004753591529406,-20.3707742444498,4.970197792193124,25.340972036642924,6.742303931164885,5.016109546164704,8.40357169775603,-4.141801216890414,17.71436708489471,21.856168301785125,11.522397705875594,5.528660555615799,12.780130532650642,2.6646358236658787,25.51251407702425,22.84787825335837,-0.5109864548818468,1.7211257714647827,1.7953776979435165,-4.942330520420192,2.607268446721102,7.549598967141295,0.3566863234714871,1.276292597765929,1.325197316803694,-2.3970835214858157,3.1038437660458413,5.500927287531657,-0.0036653451047201193,1.9343179716420509,1.9343214443758188,-3.0990757733101475,3.559729551053215,6.658805324363362,2.719866089181283,1.15041597425911,2.953155677729981,0.916039167444555,5.595662612720023,4.679623445275468,0.4999999998437801,0.6294907466396051,2,2,3.745223281557431,1.4299210820617623,Freestyle_1526810816300.csv,4,validation,8.0000000025,9.96666666978125,8.983333336140625,0.0,0
-1.1515517556850532,6.558416890110211,6.658746394818189,-24.09892741074433,10.839195634706238,34.93812304545057,-7.397840645591242,6.368262678328564,9.761291705391985,-22.6459401169668,1.818053413270893,24.46399353023769,7.689484174748703,5.889263464160238,9.685638390111587,-5.879592707065964,19.37021820310725,25.249810910173213,13.476055760208682,7.199252147272542,15.278524481515287,4.517283681144506,38.32495609084971,33.807672409705205,-0.17539245236214954,1.4896468882900538,1.4999367867139763,-4.942330520420192,3.1055862872354907,8.047916807655684,0.06955195979659407,0.7765339930947849,0.7796425575501114,-2.249754874451192,2.281293311304378,4.53104818575557,0.19084247906560764,1.8326758906191605,1.8425856213138752,-3.442871522064174,2.969651398444926,6.4125229205091,2.2577484477174226,1.0748705040065694,2.500554869134802,0.304264277036463,5.7324650091308635,5.428200732094401,1.4999999995313402,0.3725019052432812,3,3,2.0779839421390744,2.1679327539616424,Freestyle_1526810816300.csv,4,validation,9.0000000028125,10.96666667009375,9.983333336453125,0.0,0
-2.538377521892296,8.333065529553442,8.711104497334414,-24.09892741074433,15.590033946575824,39.68896135732015,-8.4862469253187,8.06193840009411,11.705179949252939,-26.70464272250397,4.3478374943734535,31.052480216877424,7.273010228088269,8.625670213519323,11.28267984169856,-23.230709601064365,27.31702874005396,50.547738341118325,16.237739643089903,8.748100073808637,18.44433364527285,4.194460488386962,38.32495609084971,34.130495602462744,0.2554925631345041,2.1084989630339703,2.1239219211007656,-6.476874918632279,5.987076522741955,12.463951441374235,-0.35766262944658606,1.1644621213409643,1.218152120443315,-3.313651543933932,2.281293311304378,5.59494485523831,0.054510491604946566,1.9243457684394936,1.9251176665871619,-3.838176978124488,2.9419385515641827,6.78011552968867,2.7764248685943125,1.4115530081190586,3.1146455569902187,0.304264277036463,6.904328913954267,6.600064636917804,0.9999999996875601,0.3499702804227762,3,2,3.0649339409848615,3.0088985540025535,Freestyle_1526810816300.csv,4,validation,10.000000003125,11.96666667040625,10.983333336765625,0.0,0
-3.9790811259000214,9.116253008063417,9.946816350648035,-35.07634154224506,20.50582231506218,55.582163857307236,-6.942074757285832,7.417260342661819,10.159141347897904,-26.70464272250397,4.983295506132346,31.687938228636316,5.433595764907617,10.5767002983773,11.890775926663341,-30.201168133519744,27.31702874005396,57.5181968735737,16.503878121185622,8.43563083232398,18.534774360056407,4.194460488386962,35.396216441598256,31.201755953211293,0.40401177970500957,2.0857306149136665,2.1244994036545526,-6.476874918632279,5.987076522741955,12.463951441374235,-0.21571988556403035,2.3115478625159147,2.3215918223774077,-6.26732651119324,6.530484373444948,12.797810884638189,-0.23105233549687101,1.7999662307376387,1.8147351359177515,-3.838176978124488,2.883010207310566,6.7211871854350544,3.2825377650029277,1.5561155936247801,3.6327055921712983,0.5636295973154606,6.936692402063897,6.373062804748436,0.9999999996875601,0.37910650228002724,3,2,5.430734715572651,6.200312445634093,Freestyle_1526810816300.csv,4,validation,11.0000000034375,12.96666667071875,11.983333337078125,0.45,0
-5.072306431117089,10.081041525588242,11.28519786143718,-35.07634154224506,20.50582231506218,55.582163857307236,-2.4435003702258493,6.848010119551008,7.270896551097867,-19.100573833767395,11.647902041540856,30.74847587530825,5.542554616968449,8.883550413216435,10.470786963081437,-30.201168133519744,21.005271192811755,51.2064393263315,15.354058464159284,7.356078828694542,17.02524616723028,4.250340540574838,35.396216441598256,31.145875901023416,-0.10937300218702871,1.7344189222401336,1.7378640486045016,-4.293274819512343,2.7865434263836866,7.079818245896029,1.152066718157517,2.582655556417267,2.8279617122901812,-6.26732651119324,6.530484373444948,12.797810884638189,0.05254480918024614,1.646628006117454,1.6474661597441482,-3.362090058188777,4.4533365258099975,7.815426583998775,3.3565733338751773,1.570063406181882,3.705628643713962,0.6786561520142745,6.936692402063897,6.2580362500496225,0.4999999998437801,0.9157596342127653,3,1,2.89592102170587,11.864585666852147,Freestyle_1526810816300.csv,4,validation,12.00000000375,13.96666667103125,12.983333337390626,0.95,1
-6.57224342283446,9.187800915617883,11.29646268855962,-26.59416461006415,7.757295274090719,34.35145988415487,-2.5059572150150484,7.882005865581988,8.270782189645356,-23.294293706629247,17.81360449066248,41.10789819729173,6.612469443672601,6.526760110238763,9.29103598529829,-8.623149485198654,28.834098219181563,37.457247704380215,15.148769025729877,7.270079365988338,16.802953817191852,4.4987319064846005,40.75561251651929,36.25688061003469,-0.7417555936386687,2.579958078782968,2.684471092966314,-8.332799658242568,2.7995493188630363,11.132348977105604,0.02192412631111894,3.158995006412221,3.1590710846468544,-8.295495182515896,5.5972591556589055,13.892754338174802,-0.3397854101349024,2.682075974367452,2.703513576296531,-7.4220897531865795,5.781921980971355,13.204011734157934,4.0468149011247805,2.8492788526358206,4.949252552057055,0.19936116168930995,9.530337499420055,9.330976337730744,0.9999999996875601,0.40716126096775546,2,1,5.997803681216187,10.371841591364179,Freestyle_1526810816300.csv,4,validation,13.0000000040625,14.96666667134375,13.983333337703126,1.0,1
-8.08119950175279,7.691203026498082,11.156181666768555,-28.18211578110559,3.2859344786637004,31.468050259769292,-5.093073325794892,8.01480242156577,9.496128356264986,-29.521907096676436,17.81360449066248,47.335511587338914,5.890846454733309,6.289752143474185,8.617601405239284,-8.623149485198654,28.834098219181563,37.457247704380215,14.740340962910674,8.462992698645227,16.99705554265752,4.4987319064846005,42.500675009589976,38.001943103105376,-1.0853007867208815,2.415263131073325,2.6478998829221405,-8.332799658242568,2.7995493188630363,11.132348977105604,-0.2270819063775861,2.9499927453208676,2.9587198903664116,-8.295495182515896,4.87175112855505,13.167246311070947,-0.32587845565335266,2.9669132532168248,2.984756442320321,-7.4220897531865795,5.781921980971355,13.204011734157934,3.842277162341508,3.148185891485835,4.967309956062897,0.19936116168930995,9.530337499420055,9.330976337730744,0.9999999996875601,0.4375470480963247,2,1,5.0174673979662545,10.746408416641955,Freestyle_1526810816300.csv,4,validation,14.000000004375,15.96666667165625,14.983333338015626,1.0,1
-9.07967393322658,10.479753806664396,13.865991438840974,-70.03576906350216,2.0787684835687212,72.11453754707088,-5.367604251366237,7.1609186911891385,8.949297844027031,-29.521907096676436,12.137527468511832,41.65943456518827,6.698463829263796,10.527450529242273,12.47784566011292,-8.48883690689192,74.78530652445627,83.2741434313482,15.755817828682604,13.409194134998728,20.689424419270747,4.565942647876953,102.98827033874463,98.42232769086768,-1.293427172793021,2.3918242886307035,2.7191501023303433,-7.417608821901828,1.9139763817084023,9.33158520361023,-0.42896366824404664,3.064153667961518,3.0940341836436476,-8.724803193637943,4.87175112855505,13.596554322192993,-0.2389648050621963,3.2817303772955273,3.290419190213104,-9.29599354807466,5.451907117981354,14.747900666056015,4.089153129052026,3.327538120449594,5.271971477149814,0.24827790792041837,11.38087347019267,11.132595562272252,0.4999999998437801,0.5454291356601072,1,1,5.409375030651058,9.449914380553578,Freestyle_1526810816300.csv,4,validation,15.0000000046875,16.96666667196875,15.983333338328125,1.0,1
-7.9830102963211385,10.303545251488709,13.034243289913107,-70.03576906350216,2.0787684835687212,72.11453754707088,-4.709798481796907,8.023308565517352,9.303530624265205,-26.878998198125363,12.137527468511832,39.01652566663719,7.845517563964302,10.33977557680615,12.97933375891033,-8.48883690689192,74.78530652445627,83.2741434313482,15.617563385709586,13.453698336733217,20.61335210591608,5.540418716991843,102.98827033874463,97.44785162175279,-1.2912640962126403,2.962911354416923,3.2320591981429696,-7.498322079643945,1.9139763817084023,9.412298461352346,-0.6319831498952667,2.8575014830975984,2.9265538484122446,-8.724803193637943,3.961030295518382,12.685833489156325,-0.8644169644328002,3.4377722636788257,3.5447841718951882,-9.29599354807466,7.925013660259529,17.22100720833419,4.356754641711746,3.5489587071701614,5.619289894041394,0.33470414370661483,11.38087347019267,11.046169326486055,0.4999999998437801,0.4928433250053004,1,1,4.395331422358226,7.987265613304312,Freestyle_1526810816300.csv,4,validation,16.000000005,17.96666667228125,16.983333338640627,1.0,1
-9.367781941522502,9.0275542417985,13.009691544864896,-45.02218760380811,5.221548228155332,50.24373583196345,-4.443977743901333,8.326327353871692,9.438043515057682,-26.878998198125363,10.962976810672467,37.84197500879783,7.039328379813392,6.720394113832056,9.732206383142252,-7.02835899219424,25.69102276516775,32.719381757361994,16.46649442993714,9.049814459842558,18.78948058272837,5.540418716991843,51.89241874774661,46.352000030754766,-1.4370172691278504,3.112568307211997,3.428279466267624,-10.55121702552712,3.4995868442285887,14.050803869755708,-0.5632020166492163,3.1009631458073663,3.151693028074477,-9.639383681365535,3.961030295518382,13.600413976883917,-0.31360542747465986,4.175232509249446,4.1869935359915464,-9.536068470943766,8.289444048176774,17.82551251912054,4.9694767789813,3.8107065559612603,6.2623624865126155,0.2970119615039188,12.890002703821358,12.592990742317438,0.4999999998437801,0.5232520314934965,2,1,3.0062293104207427,9.978032135213171,Freestyle_1526810816300.csv,4,validation,17.0000000053125,18.96666667259375,17.983333338953123,1.0,1
-9.723194959147309,9.12337164014826,13.333282802740262,-45.02218760380811,5.221548228155332,50.24373583196345,-4.570109282581915,6.42440728919566,7.884092076593963,-20.005100437315235,9.996057947605983,30.00115838492122,6.724017466459231,6.191984735972778,9.140737708728366,-7.02835899219424,25.69102276516775,32.719381757361994,16.067867787162253,8.081587022615244,17.985783942598378,6.583424701419723,51.89241874774661,45.30899404632689,-1.0767020571468686,2.676224010635196,2.8846944855503565,-10.55121702552712,3.4995868442285887,14.050803869755708,-0.3962293666957593,3.254893732704171,3.2789222196064687,-9.639383681365535,4.958873828480933,14.59825750984647,-0.02191309620362831,3.697422085214222,3.6974870195871024,-9.536068470943766,8.289444048176774,17.82551251912054,4.341175129199068,3.72805605575241,5.722255102423237,0.2970119615039188,12.890002703821358,12.592990742317438,0.4999999998437801,0.5225360910729552,2,1,3.104020816911004,12.63499435343074,Freestyle_1526810816300.csv,4,validation,18.000000005625,19.96666667290625,18.983333339265627,1.0,1
-8.88636549020179,7.101767065188361,11.375525793282849,-31.17835114339441,2.7163716541071157,33.89472279750152,-3.0756454354657325,5.742671838419177,6.514435868782031,-20.005100437315235,9.996057947605983,30.00115838492122,6.064408646069195,4.480937222976243,7.5402818662681845,-4.051331559282477,15.574029273938343,19.62536083322082,13.774963674047099,6.240728175747843,15.12270850029485,6.583424701419723,36.34717317168401,29.76374847026429,-1.156472009428978,2.1935502491253356,2.4797359141712088,-9.068272528972964,3.376236141802489,12.444508670775452,-0.2062567155303781,3.0367056531028314,3.043702195729417,-8.492301241318177,4.958873828480933,13.45117506979911,-0.440435773215403,3.231746219700959,3.2616203486732314,-9.711791776629706,3.6629869999459146,13.37477877657562,3.9763925057927687,3.1999504994722954,5.1040553052644215,0.3769295405306541,12.010040082604672,11.633110542074018,0.4999999998437801,0.5659132704461354,2,1,3.490293884129364,9.365159580572614,Freestyle_1526810816300.csv,4,validation,19.0000000059375,20.96666667321875,19.983333339578124,1.0,1
-9.201708670259249,6.700145717890702,11.382591756418805,-31.17835114339441,2.7163716541071157,33.89472279750152,-3.2695853537514017,6.022829125021928,6.853076612345588,-20.57252780336461,14.336936251233835,34.909464054598445,5.883717620011413,4.731256478884096,7.5500278741879825,-4.051331559282477,15.574029273938343,19.62536083322082,13.93626551388107,6.269886647746999,15.2817202908896,4.057482945909256,36.34717317168401,32.289690225774756,-1.2886922924965651,2.431131250872386,2.7515680954154824,-9.068272528972964,5.928997634780642,14.997270163753605,-0.18968426325505064,3.0032940559359202,3.0092782035143646,-8.492301241318177,4.535762458813766,13.028063700131943,-0.3474863174832819,3.195151998357376,3.2139917600151406,-9.711791776629706,3.6629869999459146,13.37477877657562,4.2022846263265405,3.049168614989971,5.191977014904848,0.2500020952960478,12.010040082604672,11.760037987308625,0.4999999998437801,0.5195878841734082,2,2,2.4522530035598566,6.1403893734408665,Freestyle_1526810816300.csv,4,validation,20.00000000625,21.96666667353125,20.983333339890628,1.0,1
-9.092928800409169,6.75733096736089,11.328851485113795,-38.3393010116882,-0.8392163346106807,37.50008467707752,-4.0228250053140195,6.453588108299268,7.60473013952247,-20.57252780336461,14.336936251233835,34.909464054598445,4.997667815776874,7.218524546534112,8.779736910965356,-8.276607640953264,42.63538066854568,50.911988309498945,14.122307229928342,7.988680441475157,16.225245042602406,4.057482945909256,57.862399291089794,53.80491634518054,-1.4184870454159109,2.9030334053064513,3.231053767788139,-9.440401426846634,5.928997634780642,15.369399061627277,-0.1913549760492796,2.729372793239197,2.736072471871525,-7.030674541857252,4.535762458813766,11.566437000671018,-0.6441594505128225,3.074564725447749,3.141319730408316,-10.434270210043312,2.5478240083150294,12.982094218358341,4.4050589091151355,2.896402368033322,5.271972180344245,0.2500020952960478,11.199799250609285,10.949797155313238,0.4999999998437801,0.5872693304461468,2,1,4.694846366605056,8.86138734620553,Freestyle_1526810816300.csv,4,validation,21.0000000065625,22.96666667384375,21.983333340203124,1.0,1
-8.931729251689292,7.040705318882018,11.373096272027933,-38.3393010116882,4.078551138750768,42.41785215043897,-4.221771992235306,6.844020596060561,8.04139146377812,-28.262048755695403,12.199544269067603,40.461593024763005,4.588852185354967,7.257460940190838,8.586518717002411,-8.276607640953264,42.63538066854568,50.911988309498945,14.121133298716028,8.266389388594362,16.362750354508623,5.567651685293458,57.862399291089794,52.29474760579634,-1.3582423350998032,2.990051859447993,3.2840877520318736,-9.440401426846634,5.3915805058883075,14.83198193273494,-0.19665576804167734,2.7573600454209957,2.7643639252435883,-7.030674541857252,4.569952500198232,11.600627042055484,-0.5763659831056707,3.101342278205354,3.1544447487736007,-10.434270210043312,2.5992673234481485,13.033537533491462,4.482852931953937,2.8777580749206897,5.327050022976999,0.4238538557594048,11.199799250609285,10.775945394849881,0.4999999998437801,0.5310260830399699,1,1,4.5154859082739485,9.102406608459638,Freestyle_1526810816300.csv,4,validation,22.000000006875,23.96666667415625,22.983333340515625,1.0,1
-8.693965318289454,5.737939523868582,10.416764513763047,-23.220269251328656,4.078551138750768,27.298820390079424,-4.26430900041646,6.3495740662300415,7.648622233681953,-28.262048755695403,9.785734155418332,38.047782911113735,3.3795224944636346,5.017645901646822,6.049623350663977,-5.276650926817214,13.053260907275044,18.329911834092258,12.90619934488249,6.085915392430343,14.26913969704081,4.916213859333383,34.38566242210854,29.469448562775156,-1.2373286559802386,2.7254444854326856,2.9931638521947472,-6.613219130117966,5.3915805058883075,12.004799636006274,-0.30185858349846334,2.7934038722792662,2.8096661364113173,-6.288719307639436,4.569952500198232,10.858671807837668,-0.6984795134477972,2.965850860488877,3.046989490853042,-9.762984230514707,2.5992673234481485,12.362251553962857,4.363098698372194,2.6647266932677276,5.11247480204555,0.4238538557594048,10.744842792130207,10.320988936370803,0.4999999998437801,0.6804760951725473,1,1,5.082221421909624,7.268081501843912,Freestyle_1526810816300.csv,4,validation,23.0000000071875,24.96666667446875,23.983333340828125,1.0,1
-7.706593476156442,5.66793434247409,9.56645507580181,-32.60791423141238,1.4628217404601982,34.07073597187258,-2.789959072040905,4.351408595017112,5.169006518128231,-12.583236889570523,11.01148697034853,23.594723859919053,4.661188339944387,5.507447322314131,7.2151682411776505,-5.276650926817214,18.008954565202377,23.28560549201959,12.075242834837868,4.948015190961091,13.04968750010072,4.916213859333383,35.98901180317723,31.072797943843845,-1.072682596304268,2.4473729734360066,2.6721306898277013,-6.613219130117966,3.8182869193627607,10.431506049480728,-0.6856009231998266,2.472076110373243,2.5653867001624837,-6.288719307639436,3.662450736079877,9.951170043719312,-0.7070660719312645,2.9635076683772668,3.046690028638813,-9.762984230514707,3.070549238648279,12.833533469162987,3.9637217433012606,2.7005039191190985,4.7962288806412054,0.6591279776143141,10.744842792130207,10.085714814515892,0.4999999998437801,0.6375324104423237,1,2,2.9700554509857517,5.644002140083578,Freestyle_1526810816300.csv,4,validation,24.0000000075,25.96666667478125,24.983333341140625,1.0,1
-9.172392523910055,6.921575254351307,11.490908955097044,-32.60791423141238,1.4628217404601982,34.07073597187258,-4.3902673058876385,6.583502485677614,7.913087387111886,-23.551662474976233,11.01148697034853,34.56314944532476,5.133736232499124,5.249404731417138,7.342444942871477,-5.234812401526784,18.008954565202377,23.24376696672916,14.283916624189892,6.673766869069461,15.766085067304996,5.022977249878889,35.98901180317723,30.96603455329834,-1.334719911169646,2.7386269859964134,3.046564460125619,-10.410400380414863,3.8182869193627607,14.228687299777624,-0.13590145687410604,2.6939248841716203,2.69735064230433,-7.305046916397593,4.48624899058318,11.791295906980773,-0.696300819311466,3.408066116316228,3.478469416878147,-11.324159139347575,3.634235636030106,14.95839477537768,4.3263573986650545,3.152718928228907,5.353223793322738,0.6591279776143141,12.070465957794587,11.411337980180273,0.4999999998437801,0.5619278201633437,1,1,6.476942247364455,7.380994432940211,Freestyle_1526810816300.csv,4,validation,25.0000000078125,26.96666667509375,25.983333341453125,1.0,1
-8.600935990459805,7.111858072958842,11.160404345806501,-26.09111684351194,5.503156267765057,31.594273111276998,-4.027925270097534,7.103220273299821,8.165777380783037,-23.551662474976233,12.839392562501772,36.391055037478004,5.171077655034055,4.963449254260332,7.1676964649746395,-5.234812401526784,13.460578149276843,18.695390550803626,14.190091319211634,6.42275068493625,15.575956407502382,4.425911071938131,34.58800575853056,30.162094686592425,-1.1984071738509405,2.7223852856925412,2.974485064358646,-10.410400380414863,2.60216746094006,13.012567841354922,-0.21034057664914543,2.672328114906169,2.680593350716041,-7.305046916397593,4.48624899058318,11.791295906980773,-0.7087391148998101,3.383051729659132,3.4564939083612765,-11.324159139347575,3.634235636030106,14.95839477537768,4.1078001915052385,3.332637069229689,5.289658991705829,0.19995005817265876,12.070465957794587,11.870515899621928,0.4999999998437801,0.5228199618614129,1,1,3.9951890374505945,10.665069903030421,Freestyle_1526810816300.csv,4,validation,26.000000008125,27.96666667540625,26.983333341765622,1.0,1
-9.43135020552314,7.774607775525035,12.22272035033428,-29.390292383893605,5.503156267765057,34.89344865165866,-4.224866712234436,7.085822193287972,8.249749989608107,-20.005470479017152,12.839392562501772,32.84486304151892,5.482183288087726,5.391169397931546,7.6888907575398635,-10.37765447015368,13.553900425916362,23.93155489607004,15.378580808536183,6.330210190050503,16.63046327481278,4.425911071938131,30.68348235716303,26.2575712852249,-1.1420267674051996,3.0216087742263755,3.2302236334272263,-13.021961018915547,4.450394732042421,17.472355750957966,-0.21262075900674687,3.166373116028392,3.173503788727525,-9.04905182208749,3.9700393678143264,13.019091189901816,-0.5074560542534261,3.3870572902960876,3.424860396387907,-11.37451181571284,4.332641962123688,15.707153777836528,4.365601457504323,3.629967447237261,5.677599823320245,0.19995005817265876,13.600347131307947,13.400397073135288,0.4999999998437801,0.5047988649005972,1,3,6.0657967352632935,5.188787154603037,Freestyle_1526810816300.csv,4,validation,27.0000000084375,28.96666667571875,27.983333342078126,1.0,1
-9.941007173612782,7.341772254994337,12.35820551172481,-29.390292383893605,-0.8736477878098308,28.516644596083776,-4.949077643170045,7.10032456343005,8.654939539024737,-20.005470479017152,9.36411018417365,29.369580663190803,5.145611229484072,5.656247516757567,7.646597341028148,-10.37765447015368,15.40844834256194,25.78610281271562,15.817655123311802,5.992116419929257,16.91459939785799,6.195362150589991,30.68348235716303,24.488120206573036,-1.1033157893809808,2.9953577558868476,3.192095521260112,-13.021961018915547,4.450394732042421,17.472355750957966,-0.1153204180927776,3.270814822001886,3.272847139518789,-9.04905182208749,4.385849903919589,13.43490172600708,-0.5337644235690877,3.3834545433843597,3.4252983967847688,-11.37451181571284,4.332641962123688,15.707153777836528,4.375598341077824,3.6725754560088335,5.712588845919291,0.4230423814570251,13.600347131307947,13.177304749850922,0.4999999998437801,0.5753500490265204,1,2,2.467189778443772,7.515246923055239,Freestyle_1526810816300.csv,4,validation,28.00000000875,29.96666667603125,28.983333342390623,1.0,1
-10.60438012418843,8.360575255713679,13.503780819634716,-36.162094535168926,-0.8736477878098308,35.288446747359096,-3.9055526456835596,7.802810959013856,8.725663317496991,-26.982030116529145,13.01472892408306,39.996759040612204,6.070298020035344,7.02020359875274,9.280720695074598,-13.6440409658336,17.88517698994984,31.52921795578344,16.71166190490761,8.08340458910061,18.563972456751625,6.000759339767236,40.243464050767926,34.24270471100069,-1.3670075503656485,2.7242397082023833,3.0479815666278722,-7.825752804963899,2.959575409094276,10.785328214058175,-0.36943854470620885,3.1419270403867436,3.1635724055927734,-9.45638290642387,4.385849903919589,13.84223281034346,-0.40553877041295483,3.8450028463607584,3.866330118190942,-10.354993905097372,6.251379211141766,16.606373116239137,4.577435266269102,3.6460906409300406,5.852084293545482,0.4230423814570251,13.373856082804236,12.950813701347212,0.4999999998437801,0.5629674725294916,2,2,4.664871934897972,6.22783951811547,Freestyle_1526810816300.csv,4,validation,29.0000000090625,30.96666667634375,29.983333342703126,1.0,1
-9.939617375219775,8.322354743492488,12.963702482018892,-36.162094535168926,-0.5706871084006173,35.591407426768306,-4.467390186175098,7.745877623249467,8.941822813604082,-26.982030116529145,13.01472892408306,39.996759040612204,5.98364796375835,6.62272460291021,8.925498536226513,-13.6440409658336,17.88517698994984,31.52921795578344,16.246853386578728,7.982359076575685,18.10188668046441,6.000759339767236,40.243464050767926,34.24270471100069,-1.2781875718591074,2.7745516939303028,3.0548159635478194,-7.825752804963899,3.5241192699125317,11.34987207487643,-0.3092404050706105,3.126704216904794,3.1419594026878284,-9.45638290642387,4.147953031953762,13.604335938377632,-0.4038365623688831,3.836931912023199,3.858125252840804,-10.354993905097372,6.251379211141766,16.606373116239137,4.5597882815069575,3.646542301101797,5.838573449558802,0.32583368233031135,13.373856082804236,13.048022400473926,0.4999999998437801,0.5242965851565387,0,2,0.0,7.8413709925376,Freestyle_1526810816300.csv,4,validation,30.000000009375,31.96666667665625,30.983333343015623,1.0,1
-9.925223563284215,8.839913800414353,13.291130079113978,-51.11063688446783,-0.5706871084006173,50.53994977606721,-4.457519353219344,7.127895567052727,8.406924169940806,-20.459056648355222,11.645457071657876,32.1045137200131,6.736883369397273,6.645661781434805,9.463108265579804,-9.990666510313591,31.432275369456946,41.42294187977053,16.179850817056863,8.665642409131156,18.35431640854946,6.455048169609575,60.44969156008658,53.994643390477,-1.2760068783941714,2.803847341878087,3.0805443464209463,-8.783264018923914,3.5241192699125317,12.307383288836446,-0.35945403690454314,3.13150219790061,3.152064913688061,-8.94385692637285,4.147953031953762,13.091809958326612,-0.308460156105746,3.794938091616778,3.8074535830537415,-9.170352828422242,6.283503795452935,15.453856623875177,4.585386030347068,3.5911285733284606,5.824256989305859,0.32583368233031135,12.383601773557865,12.057768091227555,0.4999999998437801,0.5063747728336832,1,2,4.616749197393894,5.087259215135271,Freestyle_1526810816300.csv,4,validation,31.0000000096875,32.96666667696875,31.983333343328127,1.0,1
-10.081717527134826,8.781440350929763,13.369918583666657,-51.11063688446783,1.3179950090580164,52.428631893525846,-3.920463529767207,6.660750680405896,7.728883096202345,-20.459056648355222,11.645457071657876,32.1045137200131,6.848190130434341,6.878256747574161,9.706086953460073,-9.990666510313591,31.432275369456946,41.42294187977053,16.0963182940445,8.579453256098178,18.240024144632187,6.72552897904042,60.44969156008658,53.72416258104616,-1.4140411765413048,2.747576172012165,3.0900950260410025,-8.783264018923914,3.3353489315950298,12.118612950518944,-0.48839910972820816,3.0822391997918754,3.12069418160719,-8.94385692637285,4.416972119419734,13.360829045792585,-0.2994956346632777,3.8107841914092355,3.8225349950885867,-9.170352828422242,6.283503795452935,15.453856623875177,4.542164605210869,3.6425175267837506,5.822301369197339,0.31101068494421774,12.383601773557865,12.072591088613647,0.4999999998437801,0.46993444009296814,2,3,1.72487051361971,5.453508053612713,Freestyle_1526810816300.csv,4,validation,32.00000001,33.96666667728125,32.98333334364062,1.0,1
-8.720062669012119,6.388507450535834,10.809834429677942,-25.274900742946784,1.3179950090580164,26.5928957520048,-3.8483058529136858,5.543787484344249,6.748558187430977,-21.69476214231993,8.54334840332884,30.238110545648773,6.022806737536139,4.88666835195092,7.75588348156865,-3.811073452822527,16.937371090767755,20.74844454359028,13.798952043865873,5.669057159435916,14.918085888808315,6.9605830734864655,34.75714205035628,27.796558976869814,-1.1424354500633085,2.2069972921025602,2.485155086691651,-6.739163420309644,3.3353489315950298,10.074512351904675,-0.1745396994203511,3.022021182198186,3.0270573387909696,-8.813413434274656,4.968044678643978,13.781458112918635,-0.5955322835911204,3.35998173360208,3.412350502357414,-10.970354655549924,3.722093515546729,14.692448171096654,3.9870397073144077,3.3296729960275053,5.194536349682862,0.31101068494421774,12.76215056690286,12.451139881958643,0.4999999998437801,0.5102593940503328,2,2,3.607102224784555,5.07931354028403,Freestyle_1526810816300.csv,4,validation,33.0000000103125,34.96666667759375,33.98333334395312,1.0,1
-10.890953767021964,7.4130733219578016,13.174465075749085,-39.16437693104143,0.7746091817850446,39.93898611282648,-4.468064921701096,6.721210618923969,8.070828726250616,-24.668366104572616,15.157174435390395,39.825540539963015,5.508469421216415,6.306919314843215,8.373796427452646,-5.7984492723621575,27.245419064599403,33.04386833696156,15.554319692192442,8.17853360218674,17.573425191721256,6.434310869297559,48.46647511403113,42.032164244733565,-1.4474728681023201,2.4729051445218113,2.865386109705775,-6.739163420309644,5.228652509465662,11.967815929775306,0.10356902415473522,3.148312031150168,3.1500151092096784,-8.813413434274656,4.968044678643978,13.781458112918635,-0.4476462993749987,3.4150569081591264,3.4442707349030366,-10.970354655549924,3.722093515546729,14.692448171096654,4.621308554911942,2.939309592668193,5.4768634857237,0.7081539846453689,12.76215056690286,12.053996582257492,0.4999999998437801,0.6594316926949548,0,1,0.0,13.393145099011912,Freestyle_1526810816300.csv,4,validation,34.000000010625,35.96666667790625,34.983333344265624,1.0,1
-10.505819900572153,7.224454262659871,12.75009769282268,-39.16437693104143,0.7746091817850446,39.93898611282648,-3.9983098606815037,6.918205465670565,7.990497394233793,-24.668366104572616,15.157174435390395,39.825540539963015,4.135646535339723,6.664887745666441,7.843742788210369,-11.500252196099124,27.245419064599403,38.74567126069853,15.132570189397322,7.677412335829362,16.96871653105742,6.434310869297559,48.46647511403113,42.032164244733565,-1.420896130251445,2.625543581144023,2.9853684713030173,-8.27578298500882,5.228652509465662,13.504435494474482,-0.29102963033744333,2.886728121644703,2.901361317386841,-7.14800752402539,5.314144326125719,12.462151850151109,-0.5393924219113492,3.423247674715188,3.46548248116454,-11.44266483017697,2.629908034414302,14.072572864591272,4.47873925205588,3.046438238801353,5.416630985283855,0.7081539846453689,12.627909672074216,11.919755687428847,0.4999999998437801,0.7070963401352447,1,2,8.505197597927573,5.261260439059169,Freestyle_1526810816300.csv,4,validation,35.0000000109375,36.96666667821875,35.98333334457813,1.0,1
-9.921408430052654,7.126240786203244,12.215467775687777,-34.18286339527317,1.4826329522947406,35.66549634756792,-3.950837667468885,7.264256765166973,8.269132035768031,-26.840990645450994,14.02256056706702,40.86355121251801,4.183818413460013,6.006740767359411,7.320196115068542,-11.500252196099124,18.78253913870578,30.282791334804905,14.895727001585724,7.021309412148573,16.4675884320351,6.223589969052252,37.661194373322935,31.437604404270683,-1.3776281865833764,2.5042608742842387,2.85817808174016,-8.27578298500882,3.5931198980477053,11.868902883056526,-0.2599242253917337,2.862008272041983,2.8737870401583745,-7.14800752402539,5.314144326125719,12.462151850151109,-0.6826041285399775,3.377899603393459,3.4461796422858617,-11.44266483017697,2.629908034414302,14.072572864591272,4.341008063023441,3.075652292245185,5.320149248472979,0.35106935849671067,12.627909672074216,12.276840313577505,0.4999999998437801,0.659611920489009,0,2,0.0,6.7303273235554855,Freestyle_1526810816300.csv,4,validation,36.00000001125,37.96666667853125,36.983333344890625,1.0,1
-9.41166018823681,7.06761928058807,11.769901860006394,-34.18286339527317,1.4826329522947406,35.66549634756792,-4.187234799101459,6.849438442536327,8.027935116884086,-26.840990645450994,14.02256056706702,40.86355121251801,4.940566940081822,6.220396387860688,7.943710273640381,-6.298625706587927,25.448705234906928,31.747330941494855,14.522798047868097,7.4275973105346145,16.31198531591487,5.3223039348458405,37.661194373322935,32.338890438477094,-1.3667551772634736,2.484962394992859,2.8360285293179186,-7.553396367498465,3.5931198980477053,11.14651626554617,-0.38595965949311467,2.9203580306393464,2.945752176588479,-7.091713928064797,4.981369242186035,12.073083170250833,-0.5430831083255597,3.0471236694159995,3.095141663844125,-9.415156589917345,2.878483377960866,12.29363996787821,4.344936733929851,2.7243238431566272,5.128393084022002,0.35106935849671067,10.612504709137138,10.261435350640427,0.4999999998437801,0.6464704429437403,2,2,5.317842717696061,5.104454124149839,Freestyle_1526810816300.csv,4,validation,37.0000000115625,38.96666667884375,37.98333334520312,1.0,1
-8.126080584861088,6.016473143184487,10.110941338684373,-25.812294545938084,2.5257342969134986,28.338028842851582,-3.3555599864867562,5.543814689375243,6.480251857223122,-22.32849639709133,11.097746994525304,33.42624339161664,5.222313832230072,5.803853677196086,7.80751428231829,-5.584087144481803,25.448705234906928,31.03279237938873,13.073678198506638,5.853291084326543,14.324178097048515,4.171550843584632,36.592979472893454,32.42142862930882,-1.2758181023557256,2.6269755916829127,2.9203959645219952,-7.553396367498465,4.314373867854558,11.867770235353023,-0.4889028364546577,2.807024396710393,2.8492827074933715,-7.091713928064797,4.981369242186035,12.073083170250833,-0.5370483798258422,3.0530619286294334,3.0999367900523453,-9.415156589917345,2.878483377960866,12.29363996787821,4.335542291507569,2.731264483290924,5.124132379158169,0.6910616335534386,10.612504709137138,9.9214430755837,0.4999999998437801,0.6112896978597656,0,1,0.0,10.816373660266088,Freestyle_1526810816300.csv,4,validation,38.000000011875,39.96666667915625,38.983333345515625,1.0,1
-9.661573626486758,8.468229905648377,12.84744809971778,-49.17852107989498,2.5257342969134986,51.704255376808476,-4.368685194474639,8.124773804190463,9.224823017146806,-24.58763941598222,14.598112602780596,39.18575201876281,5.553355613209266,8.237851542530246,9.934885837468432,-7.9943729970971535,51.32635850793829,59.32073150503544,15.639452597408452,10.210962806198461,18.67769362036315,4.171550843584632,75.21618193807397,71.04463109448935,-1.3652849575323358,3.209229894379326,3.4875721541269953,-11.195214166751636,4.314373867854558,15.509588034606194,-0.09270992726838513,2.770026316629313,2.7715773352791486,-7.380132227225743,4.723989808553821,12.104122035779564,-0.8009841136312443,3.3863204336578905,3.4797617202473208,-11.088117519639418,3.5378077313127996,14.625925250952218,4.623571333551028,3.252096279161925,5.652746419694914,0.6910616335534386,12.36034818360455,11.669286550051112,0.4999999998437801,0.5536628606132474,2,1,4.801925488331331,8.150999211574783,Freestyle_1526810816300.csv,4,validation,39.0000000121875,40.96666667946875,39.98333334582813,1.0,1
-9.217388337080958,8.632491489952907,12.628545327181012,-49.17852107989498,8.303324065971855,57.481845145866835,-4.453152356940991,8.15370293966205,9.290502545200805,-24.58763941598222,14.598112602780596,39.18575201876281,5.782430157035628,8.183190407918659,10.020035118363957,-7.9943729970971535,51.32635850793829,59.32073150503544,15.613451468032213,10.12002132664244,18.606308027018553,4.55126760411313,75.21618193807397,70.66491433396084,-1.1693060086218565,3.082937799398306,3.297238544109001,-11.195214166751636,3.179332077566291,14.374546244317928,-0.16887337101892388,2.754963335685343,2.7601342714458306,-7.380132227225743,4.723989808553821,12.104122035779564,-0.7843268449689164,3.377373007985455,3.4672492028707156,-11.088117519639418,3.5378077313127996,14.625925250952218,4.311372243795261,3.4531159296217213,5.523761422072415,0.3419489352473782,12.36034818360455,12.018399248357172,0.4999999998437801,0.5424858870135475,1,1,3.4590429382580563,11.483260797725325,Freestyle_1526810816300.csv,4,validation,40.0000000125,41.96666667978125,40.983333346140626,1.0,1
-9.396710410256183,7.757810537022826,12.185310454090175,-28.472880759565992,8.303324065971855,36.776204825537846,-3.6620156806398803,7.254786322482253,8.12664035319196,-19.750476081317103,21.03320014623545,40.783676227552554,6.1784998009567405,5.659019407463801,8.378446183181845,-8.024114106834705,15.60859597348774,23.632710080322447,15.402063862217187,6.891941926724645,16.87372023998151,4.55126760411313,35.02295957026424,30.471691966151113,-1.2262957950557858,2.8824973200651076,3.1325057345764,-9.162739603150344,4.102632746267857,13.2653723494182,-0.34431615440351443,3.2426651499598176,3.2608941854876474,-9.419012732182876,4.4878609206025795,13.906873652785457,-0.376520259505172,3.153374128904467,3.175773276331585,-9.076012604778342,4.918092336082083,13.994104940860424,4.394769571692943,3.3492625129250255,5.525536984652534,0.3419489352473782,12.71717628685607,12.375227351608691,0.4999999998437801,0.5249701870253135,2,1,3.582925126728445,10.339967449380673,Freestyle_1526810816300.csv,4,validation,41.0000000128125,42.96666668009375,41.98333334645312,1.0,1
-9.267409972357392,7.669026011917115,12.029083405114896,-28.472880759565992,6.527685731533796,35.00056649109979,-3.913091838313211,7.417188675500205,8.3861180282084,-20.516586540688223,21.03320014623545,41.549786686923674,6.176719290027124,5.4959106139630824,8.267822849122087,-8.024114106834705,14.549745613158416,22.573859719993123,15.422118778166668,6.748405012062981,16.833975104375014,6.752517169284294,35.02295957026424,28.270442400979945,-1.1140287907703095,2.7702625822249614,2.9858692069715422,-9.162739603150344,4.102632746267857,13.2653723494182,-0.3536521240773501,3.2789668008229387,3.297983187610791,-9.419012732182876,4.4878609206025795,13.906873652785457,-0.45452146679659633,3.1278355375292017,3.1606874115624786,-9.076012604778342,4.918092336082083,13.994104940860424,4.257823729469292,3.413647613518718,5.4572935545482455,0.31679850971459017,12.71717628685607,12.400377777141479,0.4999999998437801,0.5106342696787102,1,1,2.394295894351958,13.69079407795721,Freestyle_1526810816300.csv,4,validation,42.000000013125,43.96666668040625,42.983333346765626,1.0,1
-8.87467569326203,7.421846285814274,11.56908254576961,-32.12186252850308,6.527685731533796,38.64954826003687,-3.698185848609702,6.543145231224974,7.515938270619257,-25.75425893694508,8.461813479988134,34.216072416933216,6.945322583155276,6.783691641590021,9.70855180097758,-6.987980325445505,25.29828835810319,32.28626868354869,15.19716600690893,7.323600376133787,16.869765176517877,6.555927710963056,41.155658969607444,34.59973125864439,-1.3150230414072226,2.4836050274400745,2.8102632495475435,-8.110648959783804,1.941393972523673,10.052042932307478,-0.436813887923037,3.250985333672499,3.280199995798447,-10.204683630231385,4.271781345774334,14.476464976005719,-0.11166653765572293,3.7914212078592713,3.7930652764007466,-9.17167543533639,7.16340579808655,16.33508123342294,4.528987149663996,3.540185183490986,5.7484463757810875,0.31679850971459017,12.100778876358447,11.783980366643856,0.4999999998437801,0.5016665749941978,1,1,4.866151924759785,9.943007526478313,Freestyle_1526810816300.csv,4,validation,43.0000000134375,44.96666668071875,43.98333334707813,1.0,1
-8.916169726610248,7.636418272763124,11.739376756468445,-32.12186252850308,6.350952665362591,38.47281519386567,-3.2807155790864075,6.066946521800908,6.897168608150188,-25.75425893694508,8.322601871205185,34.076860808150265,7.315036386933755,6.721229975546993,9.934016797164997,-6.987980325445505,25.29828835810319,32.28626868354869,15.158105296814067,7.368882885255919,16.85433449193175,6.555927710963056,41.155658969607444,34.59973125864439,-1.428315012761351,2.4304761415250207,2.819095253836204,-8.110648959783804,2.241188014566832,10.351836974350636,-0.7170766370059364,3.0818714770032227,3.1641951115735214,-10.204683630231385,3.9174482674831617,14.122131897714546,-0.14762475362341843,3.7773339958074335,3.780217610636315,-9.17167543533639,7.16340579808655,16.33508123342294,4.344685829214809,3.656935736855728,5.678862028441306,0.38302228655360077,12.100778876358447,11.717756589804846,0.4999999998437801,0.4350764404271303,0,2,0.0,7.71236393298112,Freestyle_1526810816300.csv,4,validation,44.00000001375,45.96666668103125,44.98333334739063,1.0,1
-8.391431777289663,7.05139258542005,10.96076022302393,-27.554023841758255,6.350952665362591,33.90497650712085,-3.433582154770049,6.2001804618464655,7.087434244705062,-22.404342425039275,8.322601871205185,30.72694429624446,7.182127455617869,5.696604259245178,9.167019956081164,-5.407796562903607,21.339828435693715,26.74762499859732,14.592610732745198,6.438940574147388,15.95005466181329,2.518137254958963,35.241876958277594,32.72373970331863,-1.056027896564099,1.9222935561656327,2.193264105026458,-6.351560267840371,2.241188014566832,8.592748282407204,-0.47082945157103856,3.2793031253594274,3.31293063019116,-11.35386040584996,4.299742221063296,15.653602626913257,0.02987540459897815,3.5040963980087154,3.5042237523219897,-9.012923808971616,6.600446578631093,15.613370387602709,4.037610389287433,3.4297526507770333,5.297688260099296,0.38302228655360077,13.281133612653806,12.898111326100205,0.4999999998437801,0.4951409007667607,1,1,5.311958184655255,7.753770905824123,Freestyle_1526810816300.csv,4,validation,45.0000000140625,46.96666668134375,45.98333334770312,1.0,1
-9.516705816838163,7.5945523870632385,12.175586867337822,-40.048010052015464,-1.6098252416953498,38.43818481032012,-3.6227309149694396,5.88062922425473,6.906951524039684,-22.404342425039275,9.149855778743412,31.554198203782686,7.002136691370936,7.741082957032117,10.438116860444525,-10.289483011991084,40.40863514157356,50.69811815356465,15.27949748425745,8.452344949207289,17.461534254234927,2.518137254958963,57.05861045884536,54.54047320388639,-1.4809848131312437,2.2548548548839835,2.6977187461481704,-8.364760703925512,4.122559958838973,12.487320662764485,-0.6074486236485576,3.238266899232924,3.294748297069162,-11.35386040584996,4.299742221063296,15.653602626913257,-0.10580367691678899,3.5711824096152345,3.572749392385979,-9.012923808971616,6.600446578631093,15.613370387602709,4.3188899235753615,3.4992543238800162,5.558560154856092,0.17112889657953842,13.281133612653806,13.110004716074267,0.4999999998437801,0.4902358017673457,1,2,1.714781560303775,8.219818477930396,Freestyle_1526810816300.csv,4,validation,46.000000014375,47.96666668165625,46.98333334801562,1.0,1
-10.1485681714005,7.527156670151338,12.63532838776132,-40.048010052015464,-1.6098252416953498,38.43818481032012,-3.507311260191029,5.956520818588866,6.912407144992645,-21.917201341853666,9.149855778743412,31.067057120597077,6.294119277979825,7.214375771932965,9.574087698788363,-10.289483011991084,40.40863514157356,50.69811815356465,15.209949482215357,8.231250695809228,17.29439363692185,4.753585042781297,57.05861045884536,52.30502541606406,-1.3407896689905006,2.496737865186602,2.8339754593023923,-9.483416819086994,4.122559958838973,13.605976777925967,-0.2186756015053551,2.935868190344056,2.944000857637071,-8.361286985838762,4.9905668533104635,13.351853839149225,-0.6195797602152371,3.553721775040461,3.6073283096587,-12.34871459540592,4.0032236206175895,16.35193821602351,4.131461155995248,3.5556158684345425,5.450814204076407,0.17112889657953842,13.741488256109099,13.57035935952956,0.4999999998437801,0.5467788304547679,2,3,4.831738272330403,3.1871932330012753,Freestyle_1526810816300.csv,4,validation,47.0000000146875,48.96666668196875,47.98333334832813,1.0,1
-10.55393225888852,6.9982913798321436,12.663394819804074,-26.204943482270593,5.502054612718745,31.706998094989338,-2.543921165756617,6.55843486113186,7.034529317963939,-21.917201341853666,15.200219901436633,37.117421243290295,5.550916749713283,5.734808392942817,7.981272083196692,-10.598916525784515,17.12432286071173,27.723239386496246,15.156762281309906,6.619624785545699,16.539252557281714,6.641339409840485,35.5692840355411,28.92794462570062,-1.2842328103846785,2.8855198462270577,3.1583981215544616,-9.483416819086994,5.455794390261291,14.939211209348285,0.1042664447855883,3.0374363386420136,3.0392253951971426,-8.361286985838762,4.9905668533104635,13.351853839149225,-0.6207091077366972,3.71473337839281,3.766234707101105,-12.34871459540592,4.0032236206175895,16.35193821602351,4.885389233979127,3.087048039558788,5.779004548018882,0.8286928777939881,13.741488256109099,12.91279537831511,0.4999999998437801,0.6356942216609665,0,1,0.0,12.377408097168878,Freestyle_1526810816300.csv,4,validation,48.000000015,49.96666668228125,48.98333334864063,1.0,1
-9.842293762839777,6.831196120495652,11.980650522851823,-29.070484319349102,5.502054612718745,34.57253893206785,-3.0694482029862495,6.467317354797435,7.1587503126229795,-22.28447387336357,15.200219901436633,37.484693774800206,4.451214882923937,5.651424270915118,7.193880053479628,-10.598916525784515,16.68900112583939,27.287917651623907,14.352749105153894,6.366647181801844,15.70145226445762,6.641339409840485,36.78160676061911,30.14026735077863,-1.5658714923846995,2.946011280151501,3.3363057404025445,-9.127012916483112,5.455794390261291,14.582807306744403,-0.2481827135607245,2.7973708499871544,2.808358654386619,-6.938378232694918,5.05121630341024,11.989594536105159,-0.8217478240967443,3.52086526551166,3.615489137626364,-10.601773211845556,3.607952396307827,14.209725608153382,4.8378591351131695,2.946980661322275,5.6647661937105065,0.8286928777939881,11.855648096672368,11.02695521887838,0.4999999998437801,0.6451622473063165,1,2,7.404001762829523,4.493207952867699,Freestyle_1526810816300.csv,4,validation,49.0000000153125,50.96666668259375,49.983333348953124,1.0,1
-9.67901553953286,7.584727356487943,12.296805718835087,-42.52234688126127,7.95439626724253,50.4767431485038,-3.4867062535430597,6.315833049669089,7.214351503065858,-22.28447387336357,12.578485012905425,34.862958886269,5.500690618273748,7.535020838112827,9.329208771849805,-5.635583175490406,43.737736523993746,49.37331969948415,14.685289409784238,8.639138253101525,17.037970383978347,6.0205216381113384,62.587369219915956,56.566847581804616,-1.4356550883026302,2.81204453205915,3.1573248142775867,-9.127012916483112,5.193105101721393,14.320118018204505,-0.23420120472134037,2.786953101004884,2.796776321319541,-6.938378232694918,5.05121630341024,11.989594536105159,-0.6392795770543618,3.361534953095009,3.4217825206342773,-10.601773211845556,3.607952396307827,14.209725608153382,4.518091863359983,3.014315727840277,5.431321514407422,0.8879692582309838,11.855648096672368,10.967678838441385,0.4999999998437801,0.5970256404946539,1,2,1.9790681236211318,6.062621081847316,Freestyle_1526810816300.csv,4,validation,50.000000015625,51.96666668290625,50.98333334926562,1.0,1
-9.713367636026334,7.444138852276931,12.237839436950571,-42.52234688126127,7.95439626724253,50.4767431485038,-3.1448241720975094,6.364369544320279,7.09895194870907,-21.391099670048227,12.578485012905425,33.96958468295365,5.914004453094295,7.895809615471791,9.865052364533902,-6.3350778715837315,43.737736523993746,50.07281439557748,14.94147032952649,8.61577363917707,17.24758217866084,3.8718105469686512,62.587369219915956,58.7155586729473,-1.3435641378815493,2.530070133237641,2.864684881745726,-7.18996412316265,5.193105101721393,12.383069224884043,-0.25378727196519274,3.020774096355504,3.0314161905987014,-8.308413980536807,4.461380561110209,12.769794541647016,-0.27829589818985606,3.264942343161071,3.2767815171468793,-10.192439124858524,4.128835104795597,14.32127422965412,4.396051000223628,2.967816757630886,5.304073972282238,0.8879692582309838,12.539152070247127,11.651182812016144,0.4999999998437801,0.6186640501128102,1,2,8.052457000981768,5.153248440552524,Freestyle_1526810816300.csv,4,validation,51.0000000159375,52.96666668321875,51.983333349578125,1.0,1
-9.753893601192203,6.663402204334632,11.812678329663848,-26.082843876235724,3.752109908052043,29.834953784287766,-2.8709680674939646,6.386849652244434,7.002450008743003,-21.391099670048227,13.213526806897653,34.60462647694588,5.026232826708762,6.353092406622794,8.100913501289403,-7.551006061886843,27.012513646247008,34.56351970813385,14.487850598984949,6.655874099013532,15.943602949158878,3.8718105469686512,39.8068829329473,35.93507238597865,-1.468878517162075,2.365546106810865,2.7844950137553304,-6.263735188045933,3.716058982575468,9.979794170621402,-0.18050856281920596,3.049682054112521,3.0550194716935963,-8.308413980536807,4.461380561110209,12.769794541647016,-0.41480238803384367,3.275014362347119,3.3011785917605976,-10.192439124858524,4.128835104795597,14.32127422965412,4.441996305441984,2.8728044436044664,5.290022358058026,0.8613206594634116,12.539152070247127,11.677831410783716,0.4999999998437801,0.6474094797812373,0,1,0.0,12.516110252028358,Freestyle_1526810816300.csv,4,validation,52.00000001625,53.96666668353125,52.98333334989063,1.0,1
-10.031170404865186,7.10660190919747,12.293419800334338,-26.111260009509596,3.752109908052043,29.863369917561638,-3.355375360900001,7.236602717886166,7.976651096108708,-27.379354133774367,13.213526806897653,40.59288094067202,4.7598030583720865,6.880027425817976,8.366032663962997,-9.726180899407284,27.012513646247008,36.73869454565429,15.089945399778282,7.552428977654189,16.874407711999858,3.834627226863559,39.813475321876936,35.978848095013376,-1.7780520573378784,2.573033947820218,3.1276145566931293,-8.04031642213788,3.716058982575468,11.756375404713348,-0.18863711948166495,2.9960776717260327,3.0020102228109797,-8.823542848953831,5.118848393960018,13.94239124291385,-0.5827652446134398,3.4866653244265673,3.535031883150134,-11.026072793667838,4.588664794354673,15.61473758802251,4.711461765718939,3.0153965971588113,5.593790182692622,0.8613206594634116,13.141736516870916,12.280415857407505,0.4999999998437801,0.5678071531041634,2,2,4.27303489344791,5.639079677744839,Freestyle_1526810816300.csv,4,validation,53.0000000165625,54.96666668384375,53.983333350203125,1.0,1
-8.79878335518912,7.295889185868043,11.430161308748854,-26.111260009509596,3.5266508216769425,29.637910831186538,-3.6110250509470263,7.340075267294353,8.18023268911791,-27.379354133774367,8.816236007626735,36.1955901414011,5.283021088067951,6.376741245129736,8.280890092514777,-9.726180899407284,22.01782621829162,31.744007117698906,14.657465853143146,7.162166563295258,16.31373455455378,3.834627226863559,39.813475321876936,35.978848095013376,-1.467910700052088,2.4070025504274812,2.819294787902076,-8.04031642213788,2.119653041614016,10.159969463751896,-0.25845905757739546,2.961370213278465,2.972627562365783,-8.823542848953831,5.118848393960018,13.94239124291385,-0.45183846531487437,3.4526277553034244,3.4820678361326713,-11.026072793667838,4.588664794354673,15.61473758802251,4.280664063455521,3.253559484149426,5.376777300675398,0.23352581514059106,13.141736516870916,12.908210701730324,0.4999999998437801,0.5551701072292501,1,1,4.013393277880178,12.35377860180686,Freestyle_1526810816300.csv,4,validation,54.000000016875,55.96666668415625,54.98333335051562,1.0,1
-8.59413265353056,7.180613970276636,11.199121977039638,-26.232336518525404,3.5266508216769425,29.758987340202346,-3.772795965702053,6.922521596246614,7.883862926847374,-20.348818982600207,8.816236007626735,29.165054990226942,5.937100767583427,5.835042343041195,8.324475038675015,-6.304610592035813,22.01782621829162,28.32243681032743,14.54545561940071,6.730693366919805,16.02724281888354,5.972866275639196,34.61658924382211,28.643722968182917,-1.1062389132501729,2.5918440428938005,2.818052532489947,-7.977809732072649,3.913441441723936,11.891251173796585,-0.23774168047943706,3.116412171900323,3.1254673141477056,-8.333918113688046,4.563773615334388,12.897691729022434,-0.3610627656016185,3.34990681647677,3.3693088311672192,-10.137934267061691,4.92215325901033,15.06008752607202,4.320667666949051,3.2239787405070053,5.3909375814843274,0.23352581514059106,12.721014223284559,12.487488408143967,0.4999999998437801,0.6161846222238283,1,2,7.198397815779181,5.633756412451927,Freestyle_1526810816300.csv,4,validation,55.0000000171875,56.96666668446875,55.983333350828126,1.0,1
-9.529072218153038,8.64964235420115,12.869325164683909,-51.311457386803546,5.995660599286572,57.30711798609012,-3.7865212180818015,6.323992606830682,7.370931109855309,-20.348818982600207,7.659456633809107,28.008275616409314,6.626961036933661,8.391064281654797,10.692360467357046,-7.782824210550003,50.896915561748635,58.67973977229864,15.43675611818855,9.79710613048912,18.283236255775375,3.590407759583114,72.31727145293,68.72686369334689,-1.3955691503913814,2.486432569739636,2.8513085026678837,-7.977809732072649,3.913441441723936,11.891251173796585,-0.458761314597866,3.0375534310688592,3.072001430723912,-8.333918113688046,4.563773615334388,12.897691729022434,-0.4648460046260823,3.3577584171746357,3.3897822048214175,-10.137934267061691,4.92215325901033,15.06008752607202,4.256732902301982,3.307264936823118,5.390526538649066,0.41207624207780785,12.721014223284559,12.308937981206752,0.4999999998437801,0.5379103560214576,0,1,0.0,11.853584525360507,Freestyle_1526810816300.csv,4,validation,56.0000000175,57.96666668478125,56.98333335114063,1.0,1
-9.160231303577856,8.40086590923746,12.429174773895319,-51.311457386803546,5.995660599286572,57.30711798609012,-4.517931866939706,6.684710814928546,8.068275344429685,-23.52050171252654,4.687861598699802,28.20836331122634,6.168366932201319,8.373384153105313,10.400111191028195,-8.657572418202424,50.896915561748635,59.55448797995106,15.365533428593041,9.573094997653968,18.103694799109867,3.590407759583114,72.31727145293,68.72686369334689,-1.2623442506078872,2.315426206507543,2.6371787055155558,-7.919628527700581,2.2905142243634193,10.210142752064002,-0.5183488664219119,3.1363608406624683,3.1789062380261965,-8.906896187558264,4.148223400629776,13.05511958818804,-0.35807103917769095,3.1955842354433357,3.215582913705035,-10.227787650315555,3.906078175486843,14.133865825802399,4.091085965173282,3.265447212168728,5.234513336490636,0.41207624207780785,12.822406879383633,12.410330637305826,0.4999999998437801,0.5452230251982165,1,3,6.129266771231088,2.5581090877162738,Freestyle_1526810816300.csv,4,validation,57.0000000178125,58.96666668509375,57.983333351453126,1.0,1
-9.472515980826836,9.71442059470271,13.568291215101628,-67.4731541170253,5.420147605471881,72.89330172249718,-4.902507164424521,7.1848041162776495,8.698044992210262,-25.720559013919576,6.125430626355691,31.845989640275267,6.046128471811813,10.397782382304834,12.0278654784389,-10.995630541579096,69.84827628004791,80.843906821627,15.653052286195864,12.625609501222455,20.110297390932345,4.794289507589401,100.46370181205883,95.66941230446943,-1.353582688907344,2.496451023433009,2.8397981984833627,-7.919628527700581,2.2905142243634193,10.210142752064002,-0.5590904591688263,3.1215109926246054,3.171184797297354,-8.906896187558264,4.148223400629776,13.05511958818804,-0.3530855472708127,3.1969348356250107,3.2163740060702275,-10.227787650315555,3.906078175486843,14.133865825802399,4.180546223455887,3.3149603085394825,5.335347090269147,0.43476844612979715,12.822406879383633,12.387638433253837,0.4999999998437801,0.5663613450642806,0,2,0.0,6.8591448450931045,Freestyle_1526810816300.csv,4,validation,58.000000018125,59.96666668540625,58.98333335176562,1.0,1
-10.15953941618036,9.837611931857227,14.141953530921464,-67.4731541170253,5.420147605471881,72.89330172249718,-4.556238723669938,7.309974936262096,8.613654559816611,-25.720559013919576,6.125430626355691,31.845989640275267,6.192099680689122,10.712673984752739,12.373499196233395,-10.995630541579096,69.84827628004791,80.843906821627,16.230936748312608,12.800393321224757,20.67107585264444,4.565683938837819,100.46370181205883,95.89801787322101,-1.4917816949010883,2.282827487513289,2.727033913061625,-7.649611938435859,2.2838498168211965,9.933461755257056,-0.47721079718350123,3.302508980527623,3.3368092111198258,-10.324818916056602,4.446704475731741,14.771523391788342,-0.1449019741209288,3.2777366933809327,3.2809380386163824,-10.27649037120488,4.634360929260525,14.910851300465403,4.218326693194656,3.397246531696466,5.416231539330849,0.43476844612979715,13.934369334958049,13.499600888828251,0.4999999998437801,0.5679580402349308,1,2,7.880717137042914,3.9510500595795186,Freestyle_1526810816300.csv,4,validation,59.0000000184375,60.96666668571875,59.98333335207812,0.95,1
-9.960972923750406,9.64932235831807,13.868323747390153,-60.91032845034322,4.45390479541855,65.36423324576177,-4.769291215888068,6.957580675489579,8.43528704656179,-23.886143346988636,6.769703009894298,30.655846356882932,6.369662476754125,10.937063196535341,12.656695912945738,-9.924278380076604,71.62509551594957,81.54937389602617,16.638997045405098,12.116938552130094,20.583401627357325,4.565683938837819,94.72782022044464,90.16213628160682,-1.5461732667331096,2.3566729495146554,2.818609437601145,-7.4827650617105235,2.1342159939526866,9.61698105566321,-0.6547076581527989,3.214339489877469,3.28033846940063,-10.324818916056602,4.446704475731741,14.771523391788342,-0.45269444865733105,3.3734124060315125,3.403651498760189,-10.27649037120488,4.634360929260525,14.910851300465403,4.264155919323386,3.47951109443205,5.503637266442656,0.38279788949156207,13.934369334958049,13.551571445466488,0.4999999998437801,0.5233014614636975,0,1,0.0,11.671827632882696,Freestyle_1526810816300.csv,4,validation,60.00000001875,61.96666668603125,60.98333335239063,0.45,0
-8.59623828508099,9.756841958204744,13.00351020498991,-60.91032845034322,4.45390479541855,65.36423324576177,-3.0987884384271096,6.388237629657957,7.10014575900435,-26.688036693615025,8.420761402814529,35.10879809642955,4.974810325423223,11.14492671260883,12.204840400568921,-9.924278380076604,71.62509551594957,81.54937389602617,14.57611786151699,12.489926530644961,19.195350391533452,4.132219326488789,94.72782022044464,90.59560089395585,-0.9572341645529973,2.137687317210192,2.342222088519528,-7.4827650617105235,2.1342159939526866,9.61698105566321,1.0091378850427117,1.8388206005603145,2.097527227969514,-2.6383783023362044,4.82212739693522,7.460505699271424,-0.14273832772080855,1.9618814701457037,1.9670671399577597,-6.696359328333147,3.348966384774677,10.045325713107824,2.928798258424758,2.2753282573228772,3.708770405016177,0.14288488225517235,10.35058829450665,10.207703412251478,0.4999999998437801,0.766260949824846,2,2,3.1090832606553485,1.8181581272548133,Freestyle_1526810816300.csv,4,validation,61.0000000190625,62.96666668634375,61.98333335270313,0.0,0
-7.981866441742391,6.7535781601756115,10.455668790632874,-24.839079396573663,4.7809858110292,29.620065207602863,0.633618187097015,8.291198281870466,8.31537377129326,-26.688036693615025,19.333035238554093,46.02107193216912,-2.31897891629155,6.5592620402798865,6.95712453009585,-14.195147931475171,13.74943089204338,27.94457882351855,13.187264013633872,7.277643875438302,15.062139042745143,4.132219326488789,38.15857448904853,34.026355162559746,-1.4956468060811416,3.192590506374233,3.5255628642716896,-17.03629461643133,2.6665745241417045,19.702869140573036,1.6261397906134494,1.947534332151412,2.5371678291994795,-1.713432414739833,5.488188333782432,7.201620748522265,0.12974250572121898,2.013568644817208,2.017744236810461,-4.52898817186158,3.348966384774677,7.877954556636257,3.8847057576220947,2.8012795443039904,4.7893742710961975,0.14288488225517235,17.090582454113488,16.947697571858317,0.4999999998437801,0.8228274017270977,3,2,2.1791045405770757,4.131427357485359,Freestyle_1526810816300.csv,4,validation,62.000000019375,63.96666668665625,62.983333353015624,0.0,0
-3.3660634565171113,5.8959213078510455,6.789128903008979,-20.542968101789658,5.4725096268575335,26.01547772864719,6.160737581296451,5.220879619687717,8.07541154052653,-15.142717293572408,19.333035238554093,34.4757525321265,-2.865375584581363,5.419335089843441,6.130217782161039,-14.195147931475171,8.660745685674513,22.855893617149682,11.270735475166413,4.674894086082559,12.201807770460258,4.545399640841858,27.235654144586544,22.690254503744686,-0.9657911917853915,3.3092163536341475,3.447269281806968,-17.03629461643133,3.919987627636837,20.956282244068166,0.2925870482603417,1.763205465649202,1.7873166185387852,-2.415295593583665,5.488188333782432,7.903483927366096,0.3714242681134872,1.628387527744168,1.6702101446992839,-3.9342893520680766,3.1428448069755848,7.077134159043661,3.3267407507225286,2.607789121292853,4.22702828517284,0.541473773676171,17.090582454113488,16.549108680437318,0.4999999998437801,0.4568609063485899,3,3,3.2963798344690804,2.020206174772706,Freestyle_1526810816300.csv,4,validation,63.0000000196875,64.96666668696875,63.98333335332812,0.0,0
-2.3305630332063187,3.9066829237381846,4.549032371656127,-12.228832445735769,5.4725096268575335,17.701342072593302,5.197065746005796,3.697754634217506,6.3783133901670155,-1.1470237896966438,13.002007668353968,14.149031458050612,3.3633959273551586,5.247157677738758,6.232583401704471,-6.557605036776328,11.611664563802028,18.169269600578357,9.790370206198965,2.0905320629765405,10.011077518467294,5.097870768646747,13.951903832182165,8.854033063535418,-0.6282663448710075,1.498305386847898,1.6246961661661556,-3.264368512225274,3.919987627636837,7.1843561398621105,-0.3482881827136699,0.8803342714697631,0.9467275678579288,-2.415295593583665,2.596078849589378,5.011374443173043,0.41032296277900876,1.0342705263172605,1.1126906377750854,-0.8723334567894381,3.1428448069755848,4.015178263765023,1.9482104948598027,0.9891850399230896,2.184951069358195,0.23502382203137973,4.866531521678192,4.6315076996468125,0.4999999998437801,0.6481269972200214,2,2,1.1319387316090466,2.2062387955736553,Freestyle_1526810816300.csv,4,validation,64.00000002,65.96666668728125,64.98333335364063,0.0,0
-7.4177565581025995,6.283462749935902,9.721369064339969,-22.42123789101924,-1.3005303043167542,21.120707586702483,-0.3579379969003412,7.215629519892674,7.224501988232241,-23.4707165482198,8.821894013806038,32.29261056202584,6.637387549384246,3.13870471075113,7.342096481388157,-1.6894052543122808,14.713048332424412,16.402453586736694,13.093472438737015,5.400537538164537,14.16350331680302,7.75211666714178,30.069357486597458,22.317240819455677,-1.290517827302976,2.0668407661421857,2.4366507782556797,-7.677380705810955,3.795814720457277,11.473195426268232,-0.017501856626499574,2.7053981011789348,2.7054547124001096,-9.001921934017432,4.6399494316065955,13.641871365624027,0.4097808766639138,1.7155766962408894,1.7638377951399755,-5.142739690791876,4.202844787567103,9.34558447835898,3.1263159601246704,2.567883272474817,4.045723171892291,0.23502382203137973,10.11333571340726,9.87831189137588,0.9999999996875601,0.402231319528939,1,1,5.7169791308009605,2.5764367711572866,Freestyle_1526810816300.csv,4,validation,65.0000000203125,66.96666668759374,65.98333335395313,0.05,0
-8.304770940305412,7.306553037952227,11.061416621181491,-29.768111862743854,0.179627283194584,29.94773914593844,-3.9885805670920487,6.847173407265819,7.924175579159799,-23.4707165482198,8.821894013806038,32.29261056202584,6.5718964416331955,5.302405382021577,8.444248082265373,-12.120611444809438,20.672357421436207,32.792968866245644,14.900042942535567,5.868691699360367,16.014144433954165,7.102666335647655,36.35119985496431,29.248533519316652,-0.8956794174766998,2.8673524225130826,3.0039892699180943,-9.447400907821958,3.795814720457277,13.243215628279234,-0.5034729309852887,3.116601177886015,3.157006159993263,-9.001921934017432,4.6399494316065955,13.641871365624027,-0.5189186433840162,3.069706400791343,3.1132577704891147,-9.6028016247695,4.202844787567103,13.805646412336603,4.116550675486023,3.425934020042545,5.35565246945032,0.38114576831872204,11.684340978767812,11.30319521044909,0.4999999998437801,0.46222762000749584,1,1,5.018621977562595,9.377109253706246,Freestyle_1526810816300.csv,4,validation,66.000000020625,67.96666668790625,66.98333335426562,0.55,0
-7.7833751427036075,7.041402526785625,10.495821938098958,-29.768111862743854,0.179627283194584,29.94773914593844,-3.72763862664881,6.840434369197893,7.790175356831706,-24.274588024908844,8.926899633411184,33.201487658320026,6.0089671792611465,6.673522702433953,8.980177716578833,-12.120611444809438,22.094122278227974,34.21473372303741,13.958753449259964,7.526347335233704,15.858521433847685,3.5390115980319266,39.8171512089255,36.278139610893575,-0.9884146413074798,2.3839476588736908,2.5807305057677654,-9.447400907821958,3.779730581351776,13.227131489173734,0.10576065787458735,2.2582099421841306,2.2606851748382213,-6.314857168035703,4.481795229467103,10.796652397502806,-0.04596028901850877,3.5087639151765155,3.509064912567377,-9.6028016247695,5.715710059842698,15.318511684612197,3.786821238594617,3.1216003701104813,4.907586368444794,0.3781634535554891,11.684340978767812,11.306177525212323,0.4999999998437801,0.5594789350118246,1,0,6.628257538021716,0.0,Freestyle_1526810816300.csv,4,validation,67.0000000209375,68.96666668821875,67.98333335457812,1.0,1
-9.696082885681152,7.491030969857034,12.252737176539622,-31.11856845240887,-1.182794505081869,29.935773947327,-3.9463030614245014,7.226891483803874,8.234152559388571,-24.274588024908844,8.926899633411184,33.201487658320026,6.157581195082992,7.441892179257599,9.659066486039688,-14.070986341402678,22.094122278227974,36.16510861963065,15.644028535632515,8.154310102436146,17.64166664661751,3.5390115980319266,39.8171512089255,36.278139610893575,-1.3438303363089672,2.0048588943988697,2.4135739390444475,-7.992379323834029,1.5971512143396147,9.589530538173644,-0.3437246292514722,3.1776704509631615,3.1962065195600995,-10.488540295954632,4.481795229467103,14.970335525421735,-0.1195486953544841,3.6256555587483614,3.6276259621471256,-9.932098049448726,5.715710059842698,15.647808109291425,4.193722997529289,3.407848707931563,5.403771404876124,0.3781634535554891,13.2921238024671,12.91396034891161,0.4999999998437801,0.5288348462444925,1,1,4.811347959676922,11.312103026824046,Freestyle_1526810816300.csv,4,validation,68.00000002125,69.96666668853125,68.98333335489062,1.0,1
-9.239421445155298,7.308625477820492,11.78061607116718,-31.11856845240887,-1.2664838372773355,29.852084615131535,-4.570249964430763,6.057281277133464,7.5880064053538465,-23.47846859414922,7.520669696646054,30.999138290795273,5.843819554925081,6.942931805411104,9.07493961660979,-14.070986341402678,20.581801339454447,34.652787680857124,14.993761523340527,7.3418254303844925,16.694768200518606,5.252015239677779,36.33761304387955,31.08559780420177,-1.2051537497290765,2.0472195134835225,2.3756058799543673,-7.992379323834029,2.4519588089729387,10.444338132806967,-0.35296321877997217,3.1356725560466328,3.1554754653705586,-10.488540295954632,4.0088165193840855,14.497356815338717,-0.37726996236485216,3.4318211759932615,3.452496083777439,-9.932098049448726,5.394355737713351,15.326453787162077,3.9477459819413827,3.454787921131126,5.245975401956042,0.4734427902167195,13.2921238024671,12.81868101225038,0.4999999998437801,0.4266761622615978,1,1,3.699282992995654,7.259481900545781,Freestyle_1526810816300.csv,4,validation,69.0000000215625,70.96666668884374,69.98333335520311,1.0,1
-9.349868938310488,6.460786705042817,11.364937923791809,-23.80753223801819,-1.2664838372773355,22.541048400740856,-4.044988428329264,6.6891178101921955,7.817047298305677,-23.47846859414922,12.09066930924304,35.56913790339226,5.612107553608417,6.768726347374774,8.792690575638046,-11.07427373992958,19.77273939675261,30.84701313668219,14.927352744889076,6.68981240874182,16.357855911900664,5.252015239677779,35.8325607632017,30.58054552352392,-1.4591761895231776,2.5072604318726053,2.900956743094489,-9.696815913824524,3.4299236813219576,13.126739595146482,-0.40999270226168194,3.112371871539486,3.139259894092562,-9.373810658594632,4.0088165193840855,13.382627177978717,-0.15967283187861242,3.4480109264009107,3.4517060653856673,-8.661953951931222,5.394355737713351,14.056309689644573,4.281275592806045,3.4431753902795714,5.494067479544061,0.26780254589125446,12.675525566385469,12.407723020494215,0.4999999998437801,0.5467578581854524,1,1,4.639002880908214,9.835800846189592,Freestyle_1526810816300.csv,4,validation,70.000000021875,71.96666668915626,70.98333335551563,1.0,1
-8.654751160775328,6.8557405201419,11.04110029546229,-23.49384429030442,-1.0534417801071303,22.440402510197288,-3.6383336077414112,6.505093830113482,7.453436601984426,-19.832185076058938,12.09066930924304,31.922854385301978,6.646181478003787,6.386094876572321,9.217045948195326,-11.07427373992958,19.77273939675261,30.84701313668219,14.82728248147441,6.524204406666341,16.19918358823686,4.846527684771468,33.34870308761838,28.502175402846916,-1.1385985423119567,2.478893541560813,2.7278782654192657,-9.696815913824524,3.4299236813219576,13.126739595146482,-0.43185720962179375,3.1466273752083,3.176124129802328,-9.373810658594632,4.266486905942244,13.640297564536876,-0.5608252812739567,2.93206322801212,2.985216871380849,-8.661953951931222,3.9793700178632303,12.641323969794453,3.7943953124088137,3.470326829162682,5.142042793291036,0.26780254589125446,12.675525566385469,12.407723020494215,0.4999999998437801,0.4615649879786297,1,2,4.054069084016512,5.526462853282101,Freestyle_1526810816300.csv,4,validation,71.0000000221875,72.96666668946875,71.98333335582814,1.0,1
-9.28459836597036,6.894329432077771,11.564408551041135,-23.49384429030442,6.710137219059678,30.203981509364098,-2.5563589990557447,6.0084383569789335,6.529647986045571,-19.832185076058938,6.869655126246694,26.701840202305632,5.4331303865968605,5.077311179221059,7.436262139570208,-7.387871197827795,14.116615213357871,21.504486411185667,13.981684924552905,6.015174913167333,15.220704404378518,4.846527684771468,33.34870308761838,28.502175402846916,-1.040397242217521,1.9786145006771572,2.235473498814902,-6.181592258719053,2.2253020431827775,8.40689430190183,-0.22730548807457243,2.9559159604152114,2.964642803095544,-8.936674253781096,4.266486905942244,13.20316115972334,-0.3597445628749043,3.465632541668976,3.48425387484796,-10.98259320307788,4.083738535297792,15.066331738375672,4.04813200159586,3.0885435201561364,5.091804569918505,0.4812125920763258,12.70315072255794,12.221938130481615,0.4999999998437801,0.5444990201141103,1,3,4.661813330713192,4.76192169290064,Freestyle_1526810816300.csv,4,validation,72.0000000225,73.96666668978125,72.98333335614063,1.0,1
-10.358462952073513,6.402194072661883,12.177267496179367,-23.180094405261663,6.710137219059678,29.89023162432134,-3.0058084691058107,6.5138712753778965,7.173939193019515,-21.536092122098825,11.182521857239708,32.718613979338535,4.374009153141207,5.795706576035737,7.261003428402092,-7.387871197827795,16.665270760130852,24.053141957958648,14.742658350309792,5.926840876213559,15.88941213531561,7.252311320164532,31.68745044280231,24.43513912263778,-1.2441719834615796,2.5236775701746086,2.8137008374440122,-6.754715945373949,6.482010278071243,13.236726223445192,-0.10253635277640243,2.9871294567058273,2.988888772564202,-8.936674253781096,4.57270253395737,13.509376787738466,-0.30234844388376547,3.459997222125833,3.4731823100202233,-10.98259320307788,4.083738535297792,15.066331738375672,4.4772077617173265,2.9779144572081,5.377114826375841,0.8614164379029193,12.70315072255794,11.84173428465502,0.4999999998437801,0.6114593723752841,1,2,4.333153895475249,5.7949507483001526,Freestyle_1526810816300.csv,4,validation,73.0000000228125,74.96666669009375,73.98333335645313,1.0,1
-9.621071240746222,5.995312772485363,11.336171622705796,-23.66259997281576,0.7272952420536392,24.389895214869398,-3.0340246560096173,6.184137352469001,6.888313320942696,-21.536092122098825,11.182521857239708,32.718613979338535,4.805302559502208,5.798152666189265,7.53057149416936,-6.560781202857339,16.665270760130852,23.22605196298819,14.08305980468427,5.859571744880272,15.253430909002505,7.27635106594097,31.68745044280231,24.411099376861337,-1.419084628185876,2.7689155639014604,3.111381458768627,-7.788649501893877,6.482010278071243,14.27065977996512,-0.16037028493731723,3.0379333064148817,3.042163276767987,-8.350493326262319,4.57270253395737,12.923195860219689,-0.35720188836221195,3.1776585313969656,3.1976721112724253,-10.227111176933432,3.7859935765098913,14.013104753443324,4.502638535309027,2.981074493541643,5.400051751205202,0.7856704554957877,12.102869182469105,11.317198726973317,0.4999999998437801,0.5955384067277287,1,1,4.718351313718203,9.284227104529801,Freestyle_1526810816300.csv,4,validation,74.000000023125,75.96666669040626,74.98333335676563,1.0,1
-9.775150618258966,6.075150191867488,11.5091711023599,-23.66259997281576,0.7272952420536392,24.389895214869398,-2.777613144101643,5.976431728333912,6.590361976532283,-21.821330005680796,13.006831440706556,34.828161446387355,4.238873284184405,5.992578893266543,7.340234908461443,-6.59107763147788,16.11486931129539,22.70594694277327,13.866112996596929,6.124038644727876,15.158263058692269,6.081454499471284,31.75578820639305,25.674333706921765,-1.4607344312537225,2.709087013350518,3.077807259162692,-7.788649501893877,5.9537436476311845,13.74239314952506,-0.18160631065959879,3.0881183378993535,3.0934536881843977,-8.350493326262319,4.8791938810714335,13.229687207333752,-0.3931968128940182,3.121568311116285,3.1462346471036433,-10.227111176933432,3.7859935765098913,14.013104753443324,4.426582003936099,3.057207461485182,5.379697547272673,0.7856704554957877,12.102869182469105,11.317198726973317,0.4999999998437801,0.6673210446839933,1,1,5.9499907594969805,8.334133729353733,Freestyle_1526810816300.csv,4,validation,75.0000000234375,76.96666669071875,75.98333335707812,1.0,1
-9.463529287621903,6.032342891031521,11.222635489610095,-23.063476633762537,2.4418189151291947,25.50529554889173,-2.649735406835797,5.8644361230285815,6.4352706832985485,-21.821330005680796,13.006831440706556,34.828161446387355,4.185219515848246,5.872570559716824,7.211320778795641,-6.59107763147788,17.94659397264197,24.53767160411985,13.556772262259308,5.964673444867228,14.810921763167464,6.081454499471284,31.75578820639305,25.674333706921765,-1.3798377346121795,2.5732644178284954,2.9198701919643444,-6.486961532564892,5.9537436476311845,12.440705180196076,-0.388331230114994,3.0409095315428503,3.065604658678411,-7.248893353368024,4.8791938810714335,12.128087234439459,-0.4457202282213856,2.8510226191519275,2.8856535649245285,-8.853817017246502,2.74727605256886,11.601093069815363,4.354434980335082,2.69990117597451,5.123531043918278,0.30951418589380425,10.71818117337846,10.408666987484656,0.4999999998437801,0.7510206416483847,1,1,4.996808094341063,7.89314749673946,Freestyle_1526810816300.csv,4,validation,76.00000002375,77.96666669103125,76.98333335739062,1.0,1
-8.804526468836336,6.272547737582172,10.810390439789252,-27.09871811008306,2.4418189151291947,29.540537025212252,-2.9783419549236,6.027306568991732,6.723016084843842,-24.054947524107124,12.134411544878592,36.189359068985716,5.248652894046672,5.247825813066484,7.422131295421241,-7.854028676797941,17.94659397264197,25.800622649439912,13.460764155889867,5.996611380082748,14.736061879085176,6.417020937433303,33.985848705157366,27.568827767724063,-1.246965292057482,2.390010715987691,2.6957510386035275,-6.233125828272309,5.303908988143072,11.537034816415382,-0.34340260189661753,3.0063050634631274,3.025854504366231,-7.248893353368024,4.694199936243321,11.943093289611346,-0.6158675108135081,2.7721184432421877,2.839706578898446,-8.853817017246502,2.7392475674630035,11.593064584709506,4.127512042042094,2.7295506847761644,4.9484141498023915,0.30951418589380425,10.71818117337846,10.408666987484656,0.4999999998437801,0.6294667424080662,2,1,3.2972803945691167,6.225093884419244,Freestyle_1526810816300.csv,4,validation,77.0000000240625,78.96666669134375,77.98333335770312,1.0,1
-9.99706726504795,6.871576520115464,12.130948758184392,-29.555395164991992,2.185335851568297,31.74073101656029,-4.3384396505237826,6.685249183572434,7.9696057146946,-24.054947524107124,12.134411544878592,36.189359068985716,4.350107577433399,8.04897606213152,9.14928694401972,-7.854028676797941,47.03086464678483,54.884893323582766,15.251764515728137,7.859240660660156,17.157621764259694,6.417020937433303,55.58340002431796,49.16637908688466,-1.6186353278944148,2.6976450565643124,3.1459925581465917,-8.524099538779657,5.303908988143072,13.82800852692273,-0.24968516884484038,2.9285641225127383,2.9391887491635993,-7.43475975750618,4.694199936243321,12.1289596937495,-0.7042912604268629,3.242274067765268,3.3178859700141596,-10.768912526212825,3.059163641460662,13.828076167673487,4.486075383660938,3.069135813425625,5.4354822223184955,0.45198919737229354,12.387167040165492,11.935177842793198,0.4999999998437801,0.6629370341151298,2,1,4.217165899970596,9.059237452085618,Freestyle_1526810816300.csv,4,validation,78.000000024375,79.96666669165624,78.98333335801561,1.0,1
-8.640658419204044,7.442685924530582,11.404146249876288,-29.555395164991992,2.185335851568297,31.74073101656029,-4.530309123339532,6.68650594473273,8.07669873784825,-22.596164354642845,8.210735717997972,30.806900072640815,5.7471888348632145,7.6470341307284215,9.56594535318396,-7.643915537967443,47.03086464678483,54.67478018475227,14.87684496840472,8.091625824065265,16.93502065811048,3.6349474948333884,55.58340002431796,51.94845252948457,-1.3468879840954504,2.6768055664034947,2.996563912555419,-8.524099538779657,4.669393697094632,13.19349323587429,-0.46257968421337653,2.8028002882705425,2.8407163568678206,-7.43475975750618,4.069109428501253,11.503869186007433,-0.9324157108941861,3.2694494037987485,3.399808591953715,-10.768912526212825,3.059163641460662,13.828076167673487,4.16464738384268,3.3561101490237855,5.348622548294853,0.2877089536825261,12.387167040165492,12.099458086482967,0.4999999998437801,0.5432600248821258,2,1,3.3672313521097843,7.72117003767458,Freestyle_1526810816300.csv,4,validation,79.0000000246875,80.96666669196875,79.98333335832812,1.0,1
-9.57560846870216,7.307214028630068,12.045233680011714,-25.483003220487987,1.8341655990947152,27.3171688195827,-4.449772234837452,6.893217651888886,8.204689057986466,-22.596164354642845,9.75722609844637,32.35339045308922,5.984815345077927,6.126109879076298,8.564300144506639,-9.980380719436074,18.972925836540487,28.95330655597656,15.352884457179506,7.073948879800004,16.904195157106056,3.6349474948333884,35.126946411820455,31.491998916987068,-1.2185639743516634,2.5739703139520502,2.847845033827181,-7.947057085638626,2.600560561538995,10.54761764717762,-0.24187789719612182,3.1172009000106753,3.1265710240100706,-9.382786817288252,4.069109428501253,13.451896245789506,-0.29998709416238767,3.5177061671096523,3.5304743215020378,-8.945634597686835,5.854662175184187,14.800296772871022,4.34180982045506,3.39095917443115,5.509075842612696,0.2877089536825261,12.361251013286594,12.073542059604069,0.4999999998437801,0.5298896283358493,1,1,4.429212974153827,10.852814657146201,Freestyle_1526810816300.csv,4,validation,80.000000025,81.96666669228125,80.98333335864064,1.0,1
-9.391995269401043,7.137121958986726,11.796104653566875,-25.483003220487987,1.8341655990947152,27.3171688195827,-4.360380966439047,6.853809149682346,8.123276557692305,-22.94545846226746,9.75722609844637,32.702684560713834,5.816122845148877,6.524362652303319,8.740400046258356,-9.980380719436074,18.972925836540487,28.95330655597656,15.397399737327044,6.667111918083387,16.778864681476172,4.624409807387702,33.255439849901116,28.631030042513416,-1.303005062985333,2.38063178251416,2.7138957014008405,-7.947057085638626,2.600560561538995,10.54761764717762,-0.3748210794538336,3.1140367082869678,3.1365132651021375,-9.382786817288252,4.285389747331215,13.668176564619468,-0.04331480860716917,3.449622016313878,3.449893944468743,-8.945634597686835,5.854662175184187,14.800296772871022,4.159830715907065,3.4351887842332416,5.394878457233836,0.4168199815610227,12.361251013286594,11.944431031725571,0.4999999998437801,0.4429187850396761,2,2,1.9142931983265046,6.748678255789459,Freestyle_1526810816300.csv,4,validation,81.0000000253125,82.96666669259375,81.98333335895313,1.0,1
-9.859628054155591,8.590014614130938,13.076720400669089,-47.73634262363888,7.948195786885121,55.684538410524006,-5.437052314467741,7.476308392114984,9.244280666675369,-22.94545846226746,7.1781682330496945,30.123626695317157,5.092089348740681,6.565621300224728,8.308836079350883,-8.510032002246424,17.885144940421583,26.39517694266801,16.066140444236243,8.208119742129895,18.041454998837153,4.624409807387702,51.9787748600386,47.3543650526509,-1.4811624510501233,2.7068621078607817,3.085602806158518,-10.224171472237002,2.1851322649517884,12.40930373718879,-0.45711331982322484,3.2009045175687465,3.2333793958878094,-9.131658406876028,4.285389747331215,13.417048154207244,-0.34018959938334653,3.6137600207063,3.6297369671621937,-11.04282737948568,4.954312623162898,15.997140002648578,4.353871542404783,3.7675562422008686,5.757662498437099,0.4168199815610227,13.60963756292039,13.192817581359368,0.4999999998437801,0.54749716790916,1,1,4.953731378476485,9.894062097211908,Freestyle_1526810816300.csv,4,validation,82.000000025625,83.96666669290624,82.98333335926563,1.0,1
-9.920485722309387,8.697260562978787,13.193118595195394,-47.73634262363888,7.948195786885121,55.684538410524006,-5.898594754262217,8.195907928886754,10.097837731603658,-32.22790417460215,7.1781682330496945,39.40607240765185,5.914636589672844,6.688170399612234,8.928300469974456,-8.510032002246424,18.151929836036857,26.661961838283283,16.583764420215257,8.98432034478054,18.8610512539157,5.622970661519431,51.9787748600386,46.35580419851917,-1.4029523343483208,2.9114714035551237,3.2318633922510775,-10.224171472237002,2.1851322649517884,12.40930373718879,-0.48083197318478477,3.1568850154526746,3.193293345000801,-9.131658406876028,4.032548836608009,13.164207243484036,-0.6365629739776302,3.729048385737263,3.7829901246248228,-11.04282737948568,4.954312623162898,15.997140002648578,4.497542064891245,3.83734192259978,5.912112791245443,0.4451349689415903,13.60963756292039,13.164502593978801,0.4999999998437801,0.5433998142505567,1,1,2.9531728206159964,11.647170711083213,Freestyle_1526810816300.csv,4,validation,83.0000000259375,84.96666669321876,83.98333335957813,1.0,1
-9.623534902739339,7.19679435331848,12.016916118047883,-32.156532369608065,-0.7145058500864594,31.442026519521605,-4.189924337451399,7.335958162348449,8.448180165769097,-32.22790417460215,9.409825198372332,41.63772937297448,7.018317339123748,7.4465780035687335,10.232707473385465,-10.060598468503414,38.39676101019658,48.45735947869999,15.750452505357877,8.509381247413817,17.9021318098536,5.958396482339335,50.959774728463294,45.00137824612396,-1.4537602700339332,2.5278339202356577,2.916052683170026,-8.089364122148497,2.2772093905605555,10.366573512709053,-0.6072981526217786,3.202641968117007,3.25971265944135,-9.250847067010994,4.032548836608009,13.283395903619002,-0.04692631791555679,3.9239800466259913,3.9242606291672364,-7.704631855185915,8.028666934280023,15.733298789465938,4.6880058932216375,3.542811327730639,5.876130645142035,0.4451349689415903,11.957227879128352,11.512092910186762,0.4999999998437801,0.579620103857375,2,2,4.0370298566035165,5.554381145814466,Freestyle_1526810816300.csv,4,validation,84.00000002625,85.96666669353125,84.98333335989062,1.0,1
-8.905535329656862,7.394853936590139,11.575509675658743,-32.156532369608065,8.122462267355598,40.27899463696366,-3.240713740703947,5.824920481733116,6.6657275797696185,-22.63477977711043,9.409825198372332,32.04460497548276,6.429845743743878,7.3445336468014295,9.761408237408144,-10.060598468503414,38.39676101019658,48.45735947869999,14.909885584610159,7.1697106671151145,16.54416631916852,5.4899180254751885,50.959774728463294,45.4698567029881,-1.2986383106324555,2.4192872146477953,2.745798989146985,-8.089364122148497,2.628556518152674,10.717920640301172,-0.5771066530408103,3.2670764424392664,3.3176558847664683,-9.250847067010994,4.875980596949903,14.126827663960897,0.2755311976779883,3.7183336829443827,3.7285282376042974,-7.704631855185915,8.028666934280023,15.733298789465938,4.465534505447729,3.5365487495289107,5.696330000723166,0.32225339627635713,11.957227879128352,11.634974482851995,0.4999999998437801,0.5522302119222712,1,1,1.6847985430779402,11.397607968741518,Freestyle_1526810816300.csv,4,validation,85.0000000265625,86.96666669384375,85.98333336020312,1.0,1
-9.261798442763345,7.656000479874153,12.016457620372437,-38.94867309585937,8.122462267355598,47.071135363214964,-4.1125953709194025,6.487929642841127,7.681580028572526,-23.650744285444546,5.781963149108426,29.432707434552974,5.775001458134502,6.113154603210868,8.409595771748714,-5.995631081319943,32.81063718935872,38.806268270678665,14.617830956751874,7.774461051520647,16.55666713205846,5.4899180254751885,56.15064339751894,50.66072537204375,-1.1874282902606432,2.1868541312304464,2.488436644922065,-6.411477771801985,3.364210771546569,9.775688543348554,-0.4294777979256369,3.1111757879517055,3.1406792199216986,-8.221699521074582,4.875980596949903,13.097680118024485,-0.3888229048203611,3.307386801978184,3.330163766125087,-10.682941561566842,4.217381761080797,14.90032332264764,4.053379117049391,3.2735747037327996,5.210198998834054,0.32225339627635713,12.498386891934594,12.176133495658236,0.4999999998437801,0.6484275760907128,1,1,5.353149703138288,7.503728582033197,Freestyle_1526810816300.csv,4,validation,86.000000026875,87.96666669415625,86.98333336051562,1.0,1
-10.133316306068268,7.205784850942153,12.434123800127473,-38.94867309585937,7.266264417274076,46.21493751313345,-3.6389394558197137,6.769200543499218,7.685307824754424,-23.650744285444546,9.58476893940954,33.23551322485409,5.450654548752425,6.4233994824528455,8.424351365001996,-5.995631081319943,32.81063718935872,38.806268270678665,14.940297595992515,7.837639612939554,16.87130958044274,6.559095115343706,56.15064339751894,49.59154828217523,-1.259367976793113,2.4951370262716606,2.794944808192778,-6.411477771801985,4.802136061123075,11.21361383292506,-0.30838372185366075,3.109446616604307,3.124701390759809,-8.221699521074582,4.566328987726036,12.788028508800618,-0.44911737125783074,3.306851448831399,3.33721034964892,-10.682941561566842,4.217381761080797,14.90032332264764,4.510529152892006,2.8926760864250327,5.358399777924742,0.5264535754788877,12.498386891934594,11.971933316455706,0.4999999998437801,0.6701938343281376,1,2,2.175819145515069,6.704716684070103,Freestyle_1526810816300.csv,4,validation,87.0000000271875,88.96666669446876,87.98333336082813,1.0,1
-9.128375719297345,5.954080692229225,10.898546699548257,-23.102981644866126,7.266264417274076,30.369246062140203,-3.3718662288493024,6.081796611360951,6.953972381827237,-22.048530065260483,9.58476893940954,31.63329900467002,4.504726819013507,5.5666885329234495,7.161046357657586,-6.584225178113927,15.86498801500846,22.44921319312239,13.733576944427664,5.459441482189916,14.778925434075752,5.877860638758378,31.935648197540782,26.057787558782405,-1.3842500142702912,2.4516491517911803,2.8154451984518745,-7.482402568703025,4.802136061123075,12.284538629826098,-0.28617021840004886,2.8568432166774267,2.8711402889052553,-7.412122913117959,4.566328987726036,11.978451900843995,-0.5888725401332437,3.2199692397533304,3.2733733018830313,-10.118992745016858,3.3002170792301815,13.419209824247039,4.351908446313331,2.8188728017503695,5.185089295040278,0.5264535754788877,11.8910057257983,11.364552150319412,0.4999999998437801,0.6704134303406114,2,2,4.329177543521823,4.547689351569701,Freestyle_1526810816300.csv,4,validation,88.0000000275,89.96666669478125,88.98333336114062,1.0,1
-9.41123015040853,6.047819852233893,11.1869288863849,-29.83800834488666,1.248830761158036,31.086839106044696,-3.443045850350048,6.381006897903187,7.250642299734605,-22.050996126659967,17.126812141578124,39.177808268238095,4.704412609034495,6.289627403052687,7.854356171276805,-7.933265807615896,30.602508191043047,38.53577399865894,14.020665677620055,6.544542496570305,15.47288281261794,5.496529279971446,46.08252506226803,40.585995782296585,-1.3804032157001145,2.6637599247983563,3.00018832323522,-7.482402568703025,6.5740475034045645,14.05645007210759,-0.3536748700207415,2.813380774073719,2.8355241655841734,-7.412122913117959,4.4533547771171635,11.865477690235123,-0.47254055157010905,3.249283532178176,3.2834643359358218,-10.118992745016858,3.3002170792301815,13.419209824247039,4.442314025008389,2.8439956781023805,5.274700495179916,0.5843564547609786,11.8910057257983,11.30664927103732,0.4999999998437801,0.642545800174667,0,2,0.0,5.851686791346488,Freestyle_1526810816300.csv,4,validation,89.0000000278125,90.96666669509375,89.98333336145313,1.0,1
-9.499353771709718,6.1047065962778335,11.29181848537842,-29.83800834488666,1.248830761158036,31.086839106044696,-3.780409723554145,6.711973653397617,7.703381595237672,-23.053499646416228,17.126812141578124,40.180311787994356,4.6715599781295944,6.349602746635714,7.882951710453768,-7.933265807615896,30.602508191043047,38.53577399865894,14.16764520424026,6.947374305785907,15.779359314557933,5.496529279971446,46.08252506226803,40.585995782296585,-1.3889850173293488,2.731400647878888,3.0642827672391175,-8.93943862065735,6.5740475034045645,15.513486124061915,-0.2756421675898539,2.919189290707165,2.932174060238074,-7.885043895868003,4.4533547771171635,12.338398672985168,-0.4658881591368272,3.280203686878473,3.313123602317763,-10.335939458741093,3.374274285677005,13.710213744418098,4.4888742155139365,2.9688836081363674,5.381845557182655,0.8972069909380226,12.173025456599687,11.275818465661665,0.4999999998437801,0.6449179714898606,1,2,5.455879988303844,4.476380289051835,Freestyle_1526810816300.csv,4,validation,90.000000028125,91.96666669540625,90.98333336176563,1.0,1
-9.218733675922998,5.651377876082775,10.81309957809853,-21.52502635350435,4.738934670214968,26.263961023719318,-3.47823702650124,5.902874787104526,6.851427848613637,-23.053499646416228,12.209884725197954,35.26338437161418,4.18982544994146,5.234033805419529,6.704457261945338,-6.754005532493109,10.910036783197532,17.66404231569064,13.423885556671701,5.349227027269042,14.450430209093591,6.962618399972187,33.022626150263264,26.060007750291078,-1.4630903202951728,2.5952034726113786,2.9792137133135634,-8.93943862065735,3.3618815349890374,12.301320155646387,-0.38347494902843265,2.85472455986054,2.8803654888231307,-7.885043895868003,4.279266638291462,12.164310534159466,-0.48488307428300564,3.257567838352197,3.2934571224160103,-10.335939458741093,3.374274285677005,13.710213744418098,4.393562688787455,2.9522341397129046,5.293305159915839,0.6156100839843683,12.173025456599687,11.557415372615319,0.4999999998437801,0.6342608890941933,1,2,3.2612897564859704,6.785312156806054,Freestyle_1526810816300.csv,4,validation,91.0000000284375,92.96666669571874,91.98333336207813,1.0,1
-9.732170754966102,6.312683493003131,11.60022070853187,-23.77635351713216,4.738934670214968,28.51528818734713,-4.362620830363534,7.083629829131917,8.319271125867294,-26.888887621474726,12.209884725197954,39.09877234667268,3.7553444902093527,5.735596900711572,6.855631557165097,-9.552128888069989,10.910036783197532,20.46216567126752,14.565373210871307,6.214899824451828,15.835879407217613,3.564027153795582,36.08179426268928,32.51776710889369,-1.6488501184986821,2.900383536709787,3.3363050479970044,-10.593680527782723,3.3618815349890374,13.955562062771762,-0.21266003596580638,2.8658966174406566,2.8737758633468227,-7.498585693850077,4.279266638291462,11.777852332141538,-0.6259691304270856,3.52604948855258,3.581181697145448,-11.652942587475062,3.63809435220607,15.291036939681131,4.713248100947875,3.1622260787182612,5.675771439550276,0.6156100839843683,13.38161477671241,12.766004692728043,0.4999999998437801,0.6243526592382462,2,3,3.9343344014226105,4.091742370402865,Freestyle_1526810816300.csv,4,validation,92.00000002875,93.96666669603125,92.98333336239062,1.0,1
-8.463394229114604,7.061581856274202,11.022476136978995,-28.727737324122295,0.4450337440768247,29.17277106819912,-4.109191143373974,7.013640884383233,8.128752075680199,-26.888887621474726,14.641794403282288,41.53068202475701,5.035440992135945,6.649740312128198,8.341145736889258,-9.552128888069989,30.980324347993047,40.532453236063034,14.327698554790832,7.201621819091655,16.035781948572772,3.227049625252206,43.80980994007711,40.5827603148249,-1.4323261310219833,2.640518095170489,3.003979686437841,-10.593680527782723,2.388169924616389,12.981850452399112,-0.4580467285543813,2.7015156100671174,2.740071786828893,-7.498585693850077,3.8762294207700494,11.374815114620127,-0.6965093628371554,3.495724803191886,3.564437850793694,-11.652942587475062,3.63809435220607,15.291036939681131,4.176353474923973,3.4344106041893268,5.407134596593434,0.20164778327511698,13.38161477671241,13.179966993437294,0.4999999998437801,0.57649352552944,0,1,0.0,10.869277805326934,Freestyle_1526810816300.csv,4,validation,93.0000000290625,94.96666669634375,93.98333336270312,1.0,1
-8.438038713338289,7.247151970625486,11.123026072662803,-28.727737324122295,1.6952189406020113,30.422956264724306,-3.9605128033001455,6.668999128508502,7.756365839821606,-26.526869128592605,14.641794403282288,41.16866353187489,6.372045550024725,6.359231111531407,9.0023766207296,-6.868222712320544,30.980324347993047,37.84854706031359,14.507251733912629,7.380064498677222,16.276538479533873,3.227049625252206,43.80980994007711,40.5827603148249,-1.0753621666868618,2.214187208464328,2.4615094522809606,-8.93472325528346,2.388169924616389,11.32289317989985,-0.4798721453137688,3.353358673206467,3.38751998769263,-9.390320502525508,5.193041764040745,14.583362266566255,0.054876819638966415,3.0089332346064617,3.0094336137640565,-8.56170433787783,5.219810853247586,13.781515191125415,4.051806264975086,3.189651566777667,5.156647275734359,0.20164778327511698,12.101205823619736,11.899558040344619,0.4999999998437801,0.606583684350091,1,3,7.462442925259026,4.432189697837368,Freestyle_1526810816300.csv,4,validation,94.000000029375,95.96666669665625,94.98333336301562,1.0,1
-8.338155383946624,6.793833579244056,10.755510676360382,-26.287739017730367,3.335261648840415,29.623000666570782,-4.227371629518396,5.983861989378749,7.3264776804402265,-26.526869128592605,4.3367295209870225,30.86359864957963,5.856834006801706,5.936975086033683,8.33967491904892,-9.13328840405944,16.49856008745157,25.631848491511008,14.15013373475532,6.219499831597707,15.456664027748825,5.577021799632554,34.1860351146563,28.609013315023745,-1.238729222612085,2.089696777317391,2.429255587229106,-8.93472325528346,1.6028985201093904,10.53762177539285,-0.6501752476745065,3.2555077219176787,3.319797942669741,-9.390320502525508,5.193041764040745,14.583362266566255,-0.11172038789110401,3.0159091292988394,3.0179776873361113,-8.56170433787783,5.219810853247586,13.781515191125415,3.80665978091161,3.39703866947179,5.1020123882147415,0.2271807728812626,12.101205823619736,11.874025050738474,0.4999999998437801,0.5184894853282451,1,2,2.014245940807342,7.3807575393800064,Freestyle_1526810816300.csv,4,validation,95.0000000296875,96.96666669696874,95.98333336332811,1.0,1
-8.142877450153543,6.574835551101571,10.465892971564738,-26.03403212049651,3.335261648840415,29.369293769336924,-4.6031369850122426,6.307717087733735,7.808723644852322,-25.337906486904583,6.98504994747129,32.322956434375875,6.17257071117495,5.825738602174841,8.487629789601154,-9.13328840405944,16.23983589503122,25.373124299090662,14.072632372563579,6.671728277285014,15.57404700452804,5.8245770242574775,38.343336143377016,32.51875911911954,-1.038926489885897,2.112527605034835,2.354175255460147,-6.691876690833485,4.86890408933362,11.560780780167105,-0.24740777051054436,2.870321562922822,2.8809645050726864,-9.069007961610524,4.270832839003685,13.339840800614208,0.22775917339337204,3.033429535844856,3.04196794690555,-8.651516431485607,5.62446011770901,14.275976549194617,3.6435476402309392,3.1337241736116277,4.805795106213989,0.2271807728812626,12.235530661239874,12.008349888358612,0.4999999998437801,0.5353179187208855,2,2,3.522215961002695,2.0430001171592598,Freestyle_1526810816300.csv,4,validation,96.00000003,97.96666669728125,96.98333336364063,1.0,1
-8.29735241363762,7.228125225044793,11.004174269113829,-30.463317739345417,1.8335091938750976,32.296826933220515,-5.203214877184616,6.645953619776522,8.44050617998565,-25.337906486904583,19.87434289402773,45.21224938093231,6.049203947645795,5.900525883021702,8.450388990834831,-11.545382998845234,16.23983589503122,27.785218893876454,14.672393942679053,6.961603695030368,16.24016841094406,5.8245770242574775,38.343336143377016,32.51875911911954,-1.3384471063517782,2.8083399356296277,3.1109827788905657,-10.42546224166554,4.86890408933362,15.29436633099916,-0.7328053976176577,3.0887634635583536,3.174502084515077,-9.069007961610524,4.270832839003685,13.339840800614208,-0.24634952302151059,3.2698700288254496,3.279136790819175,-8.651516431485607,5.62446011770901,14.275976549194617,4.277995587707715,3.4938759536654174,5.523442353102648,0.42103122174083957,12.235530661239874,11.814499439499034,0.4999999998437801,0.5641468867321381,1,1,1.6090347513852499,10.262742770673393,Freestyle_1526810816300.csv,4,validation,97.0000000303125,98.96666669759375,97.98333336395314,1.0,1
-7.777624368617469,7.462525338436572,10.77871630789679,-30.463317739345417,2.123276364240865,32.58659410358628,-3.7814493691722464,6.90592884526076,7.873449850441533,-22.52247468801055,19.87434289402773,42.39681758203828,6.553392115063103,5.589258230802657,8.61317338641029,-11.545382998845234,17.87741787345922,29.422800872304453,14.36627834922931,6.780025071514824,15.885801634727299,5.426565721715942,32.40923512087945,26.98266939916351,-1.5864997039222557,2.853644445200961,3.265006574292264,-10.42546224166554,3.5308688343747128,13.956331076040254,0.12622376538484223,2.0937090071548337,2.097510392248202,-6.997334722702767,3.353173790492843,10.35050851319561,0.3628550988600372,3.233421798449472,3.2537179271499466,-6.526921479494198,7.861433501380094,14.388354980874292,3.8794606782587633,3.2551932309867446,5.064237171106608,0.41875592819011903,11.341580348998098,10.922824420807979,0.4999999998437801,0.4625951551390958,2,1,5.197846233328547,1.6090347513852499,Freestyle_1526810816300.csv,4,validation,98.000000030625,99.96666669790625,98.98333336426563,1.0,1
-9.436923186679614,8.74050891290516,12.862815216268398,-48.11457369770741,5.539405250444895,53.6539789481523,-4.7406521208322925,7.23622403204016,8.650821970924337,-22.52247468801055,11.019198043845831,33.54167273185638,7.432826806185996,8.752018100904715,11.482366270474081,-8.118984727654034,57.07091399276179,65.18989872041583,16.348552249388582,10.24003469617294,19.290761292126703,5.426565721715942,77.00341568105635,71.57684995934041,-1.5023106064391833,2.5137333812734335,2.9284454357812497,-8.377404048803644,3.248496794823801,11.625900843627445,-0.509097769421813,3.0282792715480187,3.0707744764664278,-9.551108292829367,3.353173790492843,12.90428208332221,-0.1882083871920303,4.021127711684416,4.025529837261894,-8.962618695002742,7.861433501380094,16.824052196382837,4.541120971490745,3.686266315479449,5.848960508188739,0.31315719308957574,13.160068678469944,12.84691148538037,0.4999999998437801,0.5234475081386628,1,2,3.075037965326851,6.488724576632144,Freestyle_1526810816300.csv,4,validation,99.0000000309375,100.96666669821875,99.98333336457813,1.0,1
-9.219393462168613,8.306522839804368,12.409493845377778,-48.11457369770741,5.539405250444895,53.6539789481523,-4.554235993404138,6.577522412747781,8.000304155081679,-27.83779010451129,11.019198043845831,38.85698814835712,6.3738133557459316,8.773780756357215,10.844571243461376,-8.118984727654034,57.07091399276179,65.18989872041583,15.24647691707444,10.156282348571837,18.319528638226352,4.606295519769428,77.00341568105635,72.39712016128692,-1.2086873480612992,2.322098835665088,2.6178365319401844,-7.715126417404511,3.599131089951084,11.314257507355595,-0.41839452276339567,3.106785792211801,3.1348320426089047,-9.551108292829367,4.601560780720066,14.152669073549433,-0.360374991968586,3.252007276597676,3.2719140364442025,-8.962618695002742,4.336768273276476,13.299386968279219,3.933187166673818,3.4519125448251313,5.233131137780585,0.31315719308957574,13.160068678469944,12.84691148538037,0.4999999998437801,0.5631159981504368,1,0,9.114315744068112,0.0,Freestyle_1526810816300.csv,4,validation,100.00000003125,101.96666669853126,100.98333336489063,1.0,1
-9.361083474143893,6.327294532232404,11.298873391073464,-28.937566038071843,3.8264283465267073,32.76399438459855,-3.4022323722667145,6.25895924775625,7.123886297518586,-27.83779010451129,7.905914835830584,35.74370494034187,5.515546472269436,5.317298256854394,7.661260577745061,-4.699339516304349,24.77942503171899,29.47876454802334,13.851329746077887,6.726802642638587,15.398350870388414,4.606295519769428,39.849610199197926,35.2433146794285,-1.2642430806348914,2.0381841843386193,2.39843810347928,-6.1779468477500785,3.667361628324035,9.845308476074113,-0.17816481046834912,2.919726248613317,2.9251571011709463,-8.131576374152207,4.601560780720066,12.733137154872272,-0.24300441876586837,3.40682476211807,3.4154803626021017,-9.903296614709944,4.336768273276476,14.24006488798642,4.184395029976254,2.9095349702628948,5.096523865349075,0.44692380026654754,11.983514512792516,11.536590712525967,0.4999999998437801,0.6022654365319231,2,1,4.056021578891177,9.191549414831165,Freestyle_1526810816300.csv,4,validation,101.0000000315625,102.96666669884375,101.98333336520312,1.0,1
-9.605458529016683,6.375693459281992,11.528846457447097,-28.937566038071843,3.8264283465267073,32.76399438459855,-3.6637558634921863,6.735298153783437,7.667290802338981,-25.29063051091314,10.820624909546984,36.111255420460125,4.147156015788955,6.047205771613687,7.332639406348331,-7.743451641343643,24.77942503171899,32.52287667306263,14.166813049499515,6.691087921338736,15.667458298988857,5.632302253124661,39.849610199197926,34.21730794607326,-1.6590382731486277,2.6821752425368275,3.1538027876596013,-9.684249471864804,4.0111053381169235,13.695354809981728,-0.312437522706637,2.9950967527536796,3.01134882800892,-8.131576374152207,4.389713128432411,12.521289502584619,-0.524380457861529,3.1368235987254804,3.1803517343382226,-9.903296614709944,2.9049256547773425,12.808222269487286,4.5178130996861645,2.9527437643338437,5.397159525297386,0.44692380026654754,11.983514512792516,11.536590712525967,0.4999999998437801,0.6692453128297385,2,1,5.8998350941795135,2.720318278245112,Freestyle_1526810816300.csv,4,validation,102.000000031875,103.96666669915625,102.98333336551562,1.0,1
-9.650641196042642,6.315898495596068,11.53366590904332,-29.27666334041984,4.166125884795791,33.442789225215634,-3.6529657555366555,6.434353310458711,7.398990561889809,-25.29063051091314,10.820624909546984,36.111255420460125,4.143670540481788,6.0185366786790375,7.307036971349025,-7.743451641343643,25.17930277591214,32.92275441725579,14.048017963586897,6.619402634057233,15.52943334243153,5.632302253124661,39.25678746019259,33.62448520706793,-1.3841270085421906,2.700880077303966,3.0348905693209813,-9.684249471864804,4.0111053381169235,13.695354809981728,-0.25824158016769855,2.868735516823385,2.8803354282464118,-7.318095599359247,4.389713128432411,11.707808727791658,-0.6414131908818607,3.306708961768367,3.3683430703057082,-11.365801360425342,2.9049256547773425,14.270727015202684,4.479541755224781,2.9641750369097726,5.371464231123703,0.7966738726697753,12.698003954454508,11.901330081784733,0.4999999998437801,0.710505806965046,2,1,3.7813494069887086,8.472164433628983,Freestyle_1526810816300.csv,4,validation,103.0000000321875,104.96666669946875,103.98333336582812,1.0,1
-9.816018951309745,6.427515479730825,11.733165953597156,-29.27666334041984,4.166125884795791,33.442789225215634,-3.3985957036951238,6.129535082647286,7.008684119474841,-21.941455679647433,9.432280160757754,31.37373584040519,4.353174294740439,5.963912712204339,7.383656362479326,-7.334537442957087,25.17930277591214,32.51384021886923,14.057376081324723,6.6104005452477175,15.534066359469815,6.4323214033028755,39.25678746019259,32.82446605688972,-1.1885657128183778,2.4749682888060325,2.7455703386150785,-7.266981737219606,5.2322032184762675,12.499184955695874,-0.12105416303248275,2.825227265507555,2.8278195154844643,-7.318095599359247,4.985841303539134,12.303936902898382,-0.6193883277777259,3.322865606751494,3.380100256075145,-11.365801360425342,2.795173074550984,14.160974434976326,4.288364442994844,2.9274097495250797,5.192282488227789,0.7966738726697753,12.698003954454508,11.901330081784733,0.4999999998437801,0.6639775775348566,2,1,5.441217185887704,2.4188094299942717,Freestyle_1526810816300.csv,4,validation,104.0000000325,105.96666669978126,104.98333336614063,1.0,1
-9.439802812897653,5.818455837853056,11.088927156557427,-24.103233394663373,0.3810269400492878,24.484260334712662,-3.085785347650194,5.96522144179415,6.716095447610413,-21.941455679647433,9.432280160757754,31.37373584040519,4.175682291801761,5.677889101345714,7.048031444967258,-7.334537442957087,21.262842689065355,28.597380132022444,13.56356573232195,5.8115983532139435,14.756184831930554,6.4323214033028755,32.16344546850961,25.731124065206732,-1.3590139445842293,2.5153792976041305,2.8590298900833186,-7.266981737219606,5.2322032184762675,12.499184955695874,-0.23353499677019363,2.7974357238737184,2.807166760974725,-6.458047796004076,4.985841303539134,11.44388909954321,-0.5704817759580503,3.155521618442884,3.2066752472242412,-9.96505923652116,2.795173074550984,12.760232311072144,4.3514625462431065,2.720620698685371,5.131959009722487,0.28608033799478094,11.347709527871976,11.061629189877195,0.4999999998437801,0.723769252348083,2,1,3.950032990157339,7.295747003861308,Freestyle_1526810816300.csv,4,validation,105.0000000328125,106.96666670009375,105.98333336645312,1.0,1
-8.993749465594108,5.970994632790063,10.79538356681605,-24.805909831152466,0.3810269400492878,25.186936771201754,-3.4181760986011644,5.631752216162505,6.587910204708286,-22.034661521606175,8.009340204126925,30.0440017257331,4.88272743823688,5.744125166525977,7.5389655235203445,-7.941476133073298,21.262842689065355,29.204318822138653,13.529172762652586,5.808472496544116,14.72334433424723,4.904874504431746,33.33625935181643,28.431384847384685,-1.115735339095868,2.235806592452518,2.4987389751155504,-5.89569812258135,4.136103696321597,10.031801818902947,-0.1338419342796332,2.740970999072995,2.7442368121448495,-6.458047796004076,5.172737021552274,11.63078481755635,-0.6455418138178539,3.175875229740686,3.2408189872727697,-9.96505923652116,3.707203145064656,13.672262381585817,4.1488205523171,2.6579555827423778,4.927214208369689,0.28608033799478094,11.347709527871976,11.061629189877195,0.4999999998437801,0.6190381893908575,2,1,4.655230554016468,2.3933249703832553,Freestyle_1526810816300.csv,4,validation,106.000000033125,107.96666670040625,106.98333336676563,1.0,1
-9.673883235687784,7.020745845266733,11.953028448119383,-30.577127133740102,4.230369486032312,34.807496619772415,-4.032164579261807,5.960885697534274,7.19656233859766,-22.034661521606175,9.469513080817496,31.50417460242367,5.102198493315158,7.715494465877117,9.24993428723512,-7.941476133073298,41.724153053459766,49.66562918653307,14.946004581830353,7.539471462440024,16.739972607296625,4.904874504431746,52.09435294825618,47.189478443824434,-1.5607481595559098,2.6308336960943697,3.0589574619570508,-10.439411919642074,4.136103696321597,14.57551561596367,-0.3912146244517411,2.975406134319461,3.001014919411564,-8.253509814532526,5.172737021552274,13.4262468360848,-0.49138034707062495,3.3193728761425847,3.355546294772036,-10.56606356574687,3.707203145064656,14.273266710811527,4.498100483986375,3.064326071571594,5.442701740583611,0.444244441426743,12.813084554715662,12.368840113288918,0.4999999998437801,0.6835508228281004,1,1,5.182278268741326,8.946118474397164,Freestyle_1526810816300.csv,4,validation,107.0000000334375,108.96666670071875,107.98333336707813,1.0,1
-8.817922420968834,7.3516705353031755,11.480540731249105,-30.577127133740102,4.230369486032312,34.807496619772415,-3.908268022487292,6.088967103042778,7.235335466827636,-24.032469949070368,9.960800499093114,33.993270448163486,6.7454949042484555,6.69040841538889,9.500698198971925,-6.464469624450681,41.724153053459766,48.188622677910445,14.723625466769379,7.591509348058009,16.565511192455002,3.221589469339892,52.09435294825618,48.87276347891629,-1.2489079335286373,2.460727264629834,2.7595198309349755,-10.439411919642074,2.842247325614266,13.281659245256341,-0.379962772597221,2.9366262720186467,2.9611054641923684,-8.253509814532526,4.014909352907895,12.26841916744042,-0.5253212474975582,3.521889581924901,3.560852235117816,-10.56606356574687,5.673120888014805,16.239184453761673,4.265851164724956,3.2962520759419442,5.390989140012882,0.31509626420804276,12.813084554715662,12.49798829050762,0.4999999998437801,0.5588959291570046,1,2,3.6616565016071716,4.5831074938396,Freestyle_1526810816300.csv,4,validation,108.00000003375,109.96666670103124,108.98333336739063,1.0,1
-9.332500263676128,7.592395654378209,12.030795191679397,-37.42929312132773,9.004045512120154,46.43333863344789,-3.4990438589552593,6.0163482410025795,6.959867389821974,-24.032469949070368,9.960800499093114,33.993270448163486,6.416080865399333,6.227417388042084,8.94129861911749,-10.958896086152336,16.947408390772072,27.906304476924408,15.041614981917396,6.846636163842349,16.526542530858528,3.221589469339892,38.77266887023208,35.55107940089219,-1.3933123802192016,2.25790091950528,2.6531935382053993,-7.5686137602068255,2.6956578040885275,10.264271564295353,-0.42844354159637543,3.3136025560436257,3.3411862815105806,-10.20540490391026,4.014909352907895,14.220314256818156,-0.17210197962825058,3.2834154808858957,3.2879227958565456,-8.903766941867122,5.673120888014805,14.576887829881926,4.280029432096568,3.2702822647027943,5.386408639385105,0.31509626420804276,12.58353130706792,12.268435042859878,0.4999999998437801,0.5669591979011004,1,2,4.2553326507686595,6.599336386886118,Freestyle_1526810816300.csv,4,validation,109.0000000340625,110.96666670134375,109.98333336770312,1.0,1
-8.131708927792936,7.437925047443719,11.020318466257589,-37.42929312132773,9.004045512120154,46.43333863344789,-3.7250867829533663,6.000565683311205,7.062794068940843,-22.80925784753395,8.99691480889942,31.806172656433368,7.0683013711505245,5.916991828447213,9.218008275724179,-10.958896086152336,16.947408390772072,27.906304476924408,14.543472455654767,6.692500628385067,16.009439581987976,5.440588232526896,38.77266887023208,33.33208063770518,-1.2526489478023095,2.1193348182204383,2.4618508196378777,-7.5686137602068255,1.596744704537149,9.165358464743974,-0.5951212410261605,3.2441557456300663,3.2982898285967965,-10.20540490391026,3.971203333953373,14.176608237863633,-0.545695647102892,2.838809886830587,2.890782820073853,-8.903766941867122,4.92410371276558,13.8278706546327,3.7527648032224517,3.3485529555474653,5.029517925647637,0.4323963321081427,12.58353130706792,12.151134974959778,0.4999999998437801,0.44885667677202284,1,1,3.146068117866472,11.398649293076252,Freestyle_1526810816300.csv,4,validation,110.000000034375,111.96666670165625,110.98333336801562,1.0,1
-9.140915465337772,6.414316599593442,11.166906150956551,-26.35995148433907,-0.1029013242652443,26.257050160073828,-3.6886929336697096,6.515268260708812,7.487000472011769,-22.80925784753395,8.169152490828155,30.978410338362103,5.383710023620291,6.3639750314750145,8.335737029181464,-11.039349590939263,18.194908884555627,29.23425847549489,14.557422098577545,6.190391160152076,15.818959538220039,5.4036595539002565,31.631154285292475,26.22749473139222,-1.477882795936492,2.3242554257170704,2.754324026417426,-7.593090350150002,2.1733617038356567,9.76645205398566,-0.4004197523356406,3.2477607933154187,3.272351776422781,-9.45874374093274,3.971203333953373,13.429947074886112,-0.12152532125379811,3.2921304097598902,3.2943726320153375,-8.72345622638703,5.094481179274801,13.817937405661832,4.295334091329523,3.270715987913299,5.398840433808847,0.4323963321081427,12.490382515324598,12.057986183216455,0.4999999998437801,0.5629840304351943,1,1,4.438820860713591,10.885652463968308,Freestyle_1526810816300.csv,4,validation,111.0000000346875,112.96666670196875,111.98333336832812,1.0,1
-7.562319701333924,6.464537827520404,9.948815436454002,-26.35995148433907,-0.1029013242652443,26.257050160073828,-3.546227704125347,5.31005340897365,6.385326783780045,-20.28239054261462,8.169152490828155,28.451543033442775,5.861392188929086,6.326170655481896,8.624172630155263,-11.039349590939263,18.194908884555627,29.23425847549489,13.681593403716947,5.190537757725331,14.633102209682107,5.325881398509744,27.655307641417885,22.32942624290814,-1.1982427916996587,2.24088064242445,2.5411280647485692,-7.593090350150002,2.1733617038356567,9.76645205398566,-0.7436882135688153,3.0342978726150824,3.124105590206194,-9.45874374093274,3.2572097043524173,12.715953445285157,-0.025927365383777014,3.2114968547116174,3.211601512656631,-8.72345622638703,5.094481179274801,13.817937405661832,3.841623098798236,3.4312802017743453,5.1508981601569985,0.5021983503332947,12.490382515324598,11.988184164991303,0.9999999996875601,0.4488364853140748,1,2,1.9746003256835518,6.87198026868901,Freestyle_1526810816300.csv,4,validation,112.000000035,113.96666670228124,112.98333336864061,1.0,1
-7.663901571828437,6.849603812210237,10.27873823418611,-24.049189174239626,2.605855436148403,26.65504461038803,-4.815130258228209,6.881559981050572,8.39888963950007,-27.66106409761179,10.702024691458938,38.36308878907073,5.399623727694431,6.982008058436146,8.826345389160114,-18.516914772270884,17.652319853728073,36.16923462599895,14.286146794318741,7.0713640525251735,15.940457326945454,3.0619377013085365,35.8945092549552,32.832571553646666,-1.5098566281336374,2.247533422070548,2.7075955238630502,-6.836023875357451,1.7527749166619009,8.588798792019352,-0.4884128662265668,2.991477267675485,3.0310861701566387,-9.970336798123816,3.2572097043524173,13.227546502476233,0.06932117175148798,3.873202956223094,3.873823249058779,-7.948811986151859,8.068447973228167,16.017259959380027,4.406705430565752,3.4793692970032213,5.614718466379805,0.5021983503332947,12.10240061726859,11.600202266935295,0.4999999998437801,0.46665916549156977,1,2,3.8049013070004003,6.877623233411217,Freestyle_1526810816300.csv,4,validation,113.0000000353125,114.96666670259376,113.98333336895313,1.0,1
-7.073820333784541,6.964448823916722,9.926856578777524,-24.049189174239626,2.605855436148403,26.65504461038803,-4.567107109987659,6.821520053151821,8.209238892226992,-27.66106409761179,20.01792948076221,47.678993578374,6.32438186923358,7.115747875907869,9.520066904249036,-18.516914772270884,17.652319853728073,36.16923462599895,14.557065855614066,6.682633632181532,16.017670198460472,3.0619377013085365,35.8945092549552,32.832571553646666,-1.5891430771751576,2.2363177276375157,2.743445406542574,-6.836023875357451,2.073404183126563,8.909428058484014,-0.8709105272766031,2.743670388913104,2.8785781819363176,-9.970336798123816,2.911915738519369,12.882252536643184,-0.29582661562414214,3.8418949934050857,3.8532675130157648,-7.948811986151859,8.068447973228167,16.017259959380027,4.243947422874115,3.5565834514238803,5.537181193988693,0.5689677953854799,12.10240061726859,11.53343282188311,0.9999999996875601,0.3919583743228263,2,2,2.320298758004557,6.968279421397011,Freestyle_1526810816300.csv,4,validation,114.000000035625,115.96666670290625,114.98333336926564,0.6,0
-1.8725105387941423,3.334785460357406,3.8245378524086133,-15.742275511172402,2.3735912778932433,18.115866789065645,-3.378943052365388,6.524163117183342,7.347241695408132,-28.09077195394594,20.01792948076221,48.10870143470815,8.897289285975834,2.3004845221979555,9.189884965287256,-0.3568960763170572,13.71166937775151,14.068565454068567,11.727067109731031,3.941945331220032,12.371864693346058,7.508056775476695,28.732782935278596,21.2247261598019,-0.34724252359325747,2.3287844409364666,2.354530599193645,-10.679492874107044,2.6158510946161155,13.29534396872316,0.36875853771389094,0.9297400583265337,1.0001996976573797,-0.782035707338308,2.5030575360916343,3.2850932434299422,-0.22918046490339525,1.3563624751807184,1.3755881831317474,-5.197287309489578,2.2645122686750065,7.461799578164585,2.047646166787841,2.0600004376076866,2.9045579056553166,0.4483544542315618,10.712937980537117,10.264583526305556,0.4999999998437801,0.8733087559397896,2,3,2.0050146402020133,1.7773042432569197,Freestyle_1526810816300.csv,4,validation,115.0000000359375,116.96666670321875,115.98333336957813,0.1,0
-2.5672143570682824,3.841131700447642,4.620052196168492,-10.104288347337995,3.252367960426521,13.356656307764517,-2.7907785050812874,9.904930129904008,10.290582371406584,-31.09356850603398,14.216641628880875,45.310210134914854,7.383192094457141,3.7349012774597465,8.27411705597793,-6.046152821158984,18.717824144861567,24.76397696602055,12.823230929908087,5.591666067667018,13.9893524115325,2.4710430398899557,32.013996406454694,29.54295336656474,0.23682350939886038,4.060707426332779,4.067607426593448,-10.679492874107044,9.981820000740278,20.661312874847322,1.2670075020549403,0.7917861528183097,1.4940660367126748,-0.245119075669894,2.8039195911487207,3.049038666818615,-0.10094979922388561,2.685144794691801,2.6870417619426417,-5.926484037847918,3.9241001056284626,9.85058414347638,4.395939669855283,2.583325637304157,5.098809363896665,0.4483544542315618,10.712937980537117,10.264583526305556,0.9999999996875601,0.389342851418185,2,2,2.1507340345886674,1.8688146369618575,Freestyle_1526810816300.csv,4,validation,116.00000003625,117.96666670353125,116.98333336989063,0.0,0
-4.001517734992638,3.7435438919008113,5.479622710921665,-12.66740440467429,3.252367960426521,15.919772365100812,-3.899756347510681,10.272347914154851,10.987685435950164,-31.09356850603398,18.192546023726923,49.2861145297609,7.847292663678887,4.253371636257684,8.925870961735322,-6.046152821158984,18.717824144861567,24.76397696602055,14.07231563259958,5.691801248768548,15.179811221454294,2.4710430398899557,32.013996406454694,29.54295336656474,0.2456837756369016,3.9591343487698114,3.966749968074641,-10.38219976264214,9.981820000740278,20.364019763382416,0.91368423264487,1.3214823724891738,1.6065909677897048,-1.6095910815286807,4.225677505430611,5.835268586959292,-0.3291717673629238,2.8303897878719426,2.8494666875958754,-5.926484037847918,3.9241001056284626,9.85058414347638,4.631221185178094,2.2332690354455385,5.141565933713408,1.2931205239142707,10.504364616719004,9.211244092804733,0.4999999998437801,0.6347463861054427,2,3,3.037468049318408,1.049558909496242,Freestyle_1526810816300.csv,4,validation,117.0000000365625,118.96666670384376,117.98333337020313,0.0,0
-2.0348427947870857,3.3989288778826086,3.961477340134769,-12.66740440467429,1.8537490849121705,14.52115348958646,-0.9842526096882771,7.8191638044532885,7.880867706068325,-27.764157202142265,18.192546023726923,45.95670322586919,8.358089213736518,2.932438640761289,8.85758723844189,2.536258683134737,18.39827401853225,15.862015335397512,11.692302681174779,4.421344616217281,12.500329203807414,7.843070236034615,28.830906536774215,20.987836300739602,0.3370089438949263,2.1901921947925422,2.2159686095239137,-7.594419413126743,4.746157336034558,12.3405767491613,-0.05930295057029757,1.1691690435732471,1.1706720686837646,-1.6095910815286807,4.225677505430611,5.835268586959292,-0.4494312920739372,1.6129818680205774,1.674424973792018,-5.87844623952585,2.9138431464163466,8.792289385942198,2.435272485720552,1.7759889875622872,3.014081777863712,0.4859809629328325,8.674260490846484,8.188279527913652,0.4999999998437801,0.4862341366996115,2,3,2.499097940152723,1.2505252696040337,Freestyle_1526810816300.csv,4,validation,118.000000036875,119.96666670415625,118.98333337051562,0.0,0
0.31044762624605293,1.6661998528332396,1.6948745317053173,-9.788330645794233,4.055763429169987,13.84409407496422,6.239987530238627,5.064818117588945,8.036779637503495,-2.4716492135577113,31.20938424190829,33.681033455466,6.402446721416546,2.2480807253434407,6.785660687673542,1.4945633315425515,12.474053908322457,10.979490576779906,9.952391067008444,3.802305831674088,10.653995381463814,3.0866179349450777,35.00627233080099,31.91965439585591,0.624293710686922,1.0128671531176148,1.189807760551186,-1.777511244150812,3.94192320301406,5.719434447164872,-0.29338384297338005,0.5189208540947366,0.5961148648811233,-1.2719431512452983,1.8186307391655956,3.090573890410894,-0.4269653385473127,0.43432826269590574,0.6090487994383251,-1.2334395978514934,1.376028140475655,2.6094677383271483,1.2313910865717816,0.7909563017062953,1.4635354041830806,0.4052556882249316,4.554078364200546,4.148822675975614,0.9999999996875601,0.6239722392797299,4,2,1.024950688682252,1.2221667233487423,Freestyle_1526810816300.csv,4,validation,119.0000000371875,120.96666670446875,119.98333337082812,0.0,0
0.18008497094475023,2.521640566843382,2.528062844375192,-11.882371834069382,9.395161135148854,21.277532969218235,8.606037426006939,4.439088831792913,9.683459600493036,-7.373956470809084,31.20938424190829,38.58334071271737,4.9132240546732895,1.5471255494378635,5.151055045050834,1.354262627672033,12.474053908322457,11.119791280650423,10.464961393210078,4.144688491944517,11.25583669287338,3.0866179349450777,35.00627233080099,31.91965439585591,0.05290323885762202,1.0822827770986698,1.0835749915377504,-2.15414960738464,3.94192320301406,6.0960728103987,-0.08746128570764147,0.4977188689353798,0.5053449801788353,-0.8674078498516553,1.8186307391655956,2.686038589017251,-0.16297640273868824,0.3753640036588467,0.4092180874453642,-1.7561943019430808,1.376028140475655,3.132222442418736,0.8603559283879955,0.9256108420162629,1.2637118953188755,0.057053190915523605,4.554078364200546,4.497025173285023,0.4999999998437801,0.537959390956243,3,2,1.4572624509920484,1.5539377079833065,Freestyle_1526810816300.csv,4,validation,120.0000000375,121.96666670478125,120.98333337114062,0.0,0
0.2416091484722177,2.029045830598695,2.043380033986683,-11.882371834069382,9.395161135148854,21.277532969218235,7.946571485297891,2.648958359415239,8.376453829686248,-7.373956470809084,17.013163507290685,24.38711997809977,4.957933690833172,0.9595157861582858,5.049928417966495,1.354262627672033,7.631881793278842,6.277619165606809,9.792827308478879,1.9856210758996011,9.992104770805117,7.244316147572618,19.48206386772018,12.23774772014756,-0.11022272841526472,0.7571797761890563,0.7651602860375168,-2.15414960738464,3.3932876865179864,5.547437293902626,-0.018444317046681907,0.2666257559780657,0.26726295400259564,-0.4915617206552476,1.547173746760292,2.0387354674155396,-0.03212449093472069,0.25765797120748896,0.25965287027986833,-1.7561943019430808,0.323046491320509,2.07924079326359,0.5196292335976368,0.6740213813719228,0.8510695406109786,0.05352442326806844,4.122179805917764,4.068655382649696,1.4999999995313402,0.5680712140257287,2,2,1.040718107811517,0.8381346557518015,Freestyle_1526810816300.csv,4,validation,121.0000000378125,122.96666670509374,121.98333337145311,0.0,0
0.595082392707425,0.4116151675448442,0.7235676196896625,-0.0803999691222595,2.185061889479325,2.2654618586015847,7.364110735459587,0.9728118570412161,7.428087898868127,4.359823377977583,9.044464967176433,4.68464158919885,5.370342976191588,0.6337766532469473,5.407610981582462,3.825401168758445,6.466190595490785,2.64078942673234,9.175467407227556,0.8678100717383457,9.216414512255062,6.048156995965124,10.445841525070653,4.397684529105529,-0.10151954295498346,0.39707566918431964,0.4098479043010516,-1.7190317510303117,0.7579891305404737,2.4770208815707853,-0.06303875270687155,0.15742311970719366,0.1695757145383251,-0.6358394850619784,0.5779088044154645,1.213748289477443,-0.023300861829265957,0.1422896657822814,0.14418487836947352,-0.5107243602599564,0.4657093405850699,0.9764337008450263,0.36193724999896193,0.29414610967129295,0.46639093770308976,0.05352442326806844,1.795755747505676,1.7422313242376075,1.4999999995313402,0.526024821024371,2,3,0.5425501099679144,0.4210909830725651,Freestyle_1526810816300.csv,4,validation,122.000000038125,123.96666670540625,122.98333337176562,0.0,0
2.1039302089008767,1.375948451899139,2.51391258125841,0.6343523207081034,5.875526286782128,5.241173966074024,7.8458837441410845,1.4591893216872625,7.980421367515844,3.4306118870157825,10.362916034878683,6.932304147862901,4.1429050032062085,1.0554594578856789,4.275237599576352,2.4553910130422496,6.360907789399773,3.9055167763575236,9.343650556198694,0.990319385749865,9.395985217216136,6.367713328659621,11.566064768254085,5.1983514395944646,-0.1346986852520349,0.48161852866688626,0.500100132937278,-2.664677082102171,0.9081792798112232,3.572856361913394,0.2017197354566479,0.4434083311871445,0.4871363257229628,-0.6853226523005085,1.6398046003452929,2.3251272526458013,0.20328978074039736,0.4301553290844363,0.47577341465577766,-0.4589547614262964,1.5004811127960191,1.9594358742223155,0.6262982150093969,0.567021014400713,0.844844532973949,0.07593697810023103,2.669786591608896,2.593849613508665,1.4999999995307007,0.35397948352101694,2,1,1.0044924751454918,1.0983883456365797,Freestyle_1526810977061.csv,4,test,0.0,1.96666666728125,0.983333333640625,0.0,0
3.3891148054035916,1.6243609482901453,3.7582772189576277,0.6343523207081034,6.098141262937324,5.463788942229221,6.157882661925449,1.8016748276337102,6.416038580196585,3.4306118870157825,10.362916034878683,6.932304147862901,5.83165523387114,1.4747628748036998,6.015241333781706,2.4553910130422496,7.999427769107376,5.544036756065126,9.49766016511623,1.1259566637784835,9.564168914272836,6.367713328659621,11.566064768254085,5.1983514395944646,-0.17853769897633173,0.3493521464656448,0.3923297493128918,-0.7489377330640661,0.9081792798112232,1.6571170128752892,0.10681674311465884,0.4969566041559164,0.508306682057007,-0.6853226523005085,1.6398046003452929,2.3251272526458013,0.3567837220925034,0.4096262844307753,0.5432203210914915,-0.4589547614262964,1.5004811127960191,1.9594358742223155,0.7452820805542225,0.38979642490822336,0.8410627993595144,0.176226548208431,1.9298674059706502,1.7536408577622191,0.4999999998435669,0.44062631027740834,1,1,2.0158068509534055,1.0983883456365797,Freestyle_1526810977061.csv,4,test,1.0000000003125,2.96666666759375,1.9833333339531252,0.0,0
4.820927159370868,1.3442548766261724,5.004833648513497,1.5598466422563415,6.465980296308448,4.906133654052106,4.194952687593622,1.346139425106139,4.405646309336921,2.4283451372699334,8.619496792514045,6.191151655244112,6.89855868195036,0.5561029030012855,6.920936520951419,5.635713527832992,7.999427769107376,2.3637142412743835,9.585486523562627,0.6898475816478443,9.610277913739337,8.106058838018296,11.177197294317013,3.0711384562987174,-0.12206791524585078,0.2947033324120938,0.3189837457728235,-0.7489377330640661,0.4654304796006535,1.2143682126647195,-0.06118634967518828,0.19723559116660755,0.20650822697756033,-0.3760022506081125,0.2519398803928162,0.6279421310009287,0.2773912374418786,0.1846625036376376,0.33323586070418226,-0.0678290525414019,0.7026384998444518,0.7704675523858537,0.46625042091148244,0.19507168358272683,0.505413114922767,0.14610727337491447,0.8787449023300523,0.7326376289551378,0.4999999998435669,0.6403145486554979,2,2,0.25153070878317435,0.3952594914365424,Freestyle_1526810977061.csv,4,test,2.000000000625,3.96666666790625,2.983333334265625,0.0,0
6.270665325775838,0.8544810963249302,6.328616086623051,4.681790946601996,8.165377850670893,3.483586904068897,2.981202596616037,0.46702684726835647,3.017562426552203,1.7363030547319989,3.901938782480692,2.1656357277486933,6.6686400352020705,0.7984224279527364,6.716266693078664,4.159909440420446,8.066037775821815,3.9061283354013696,9.670929727904792,0.8593142966859302,9.709032025004422,7.210816824209348,11.86055705390308,4.649740229693731,0.14162349402230165,0.29224165551414105,0.3247497486938686,-0.5506560882636182,0.7326659524257484,1.2833220406893666,-0.07081869538817795,0.3254578858651464,0.333073750224022,-1.3120882348959293,0.3622612025199831,1.6743494374159125,0.10917323625658666,0.23170627046003783,0.25613783649675165,-0.7557095507973758,0.4882461637772708,1.2439557145746467,0.44978300437803437,0.28231606865874775,0.5310434197410431,0.05384774063201417,1.577463718614679,1.5236159779826648,0.9999999996871338,0.5151337796722579,3,1,0.45646949447467167,0.5718060305768755,Freestyle_1526810977061.csv,4,test,3.0000000009375,4.96666666821875,3.9833333345781248,0.0,0
6.866501985917785,1.1680594948209846,6.96514267664736,4.0329211377358005,9.636392425718396,5.603471287982596,3.3250455014495137,0.815021432670073,3.423475941557239,1.7363030547319989,5.3735320194878815,3.6372289647558826,5.794564591327489,1.0756573023713443,5.893557281914812,3.9268808619712097,8.066037775821815,4.139156913850606,9.681661297895708,1.110338676492488,9.745122752622805,6.87564897703706,11.86055705390308,4.984908076866019,-0.15230434675880675,0.4574032842088357,0.48209374445916203,-0.952764837798892,0.7326659524257484,1.6854307902246404,-0.2560804059261177,0.39463838633426523,0.4704430148995711,-1.3120882348959293,0.3622612025199831,1.6743494374159125,-0.13440016623128004,0.3575806135643716,0.3820043191903309,-0.9635327655542836,0.4882461637772708,1.4517789293315544,0.6700983557426741,0.3881063027386785,0.7743760769771506,0.05384774063201417,1.6909185651986038,1.6370708245665897,0.4999999998435669,0.48119387235591626,1,3,0.6821273527040423,0.766205753124304,Freestyle_1526810977061.csv,4,test,4.00000000125,5.96666666853125,4.9833333348906255,0.0,0
7.0974363322759375,1.175871514060235,7.194183505324899,4.0329211377358005,9.636392425718396,5.603471287982596,3.5136759154960555,0.7397640691446129,3.5907059636141803,2.3734854865695136,5.3735320194878815,3.000046532918368,5.267134737858768,0.5382672377244175,5.294567023465283,3.9268808619712097,6.115246496559563,2.1883656345883535,9.59046333878909,0.8395823597073014,9.627143168738549,6.87564897703706,11.49890276232768,4.623253785290619,0.04697997233245199,0.5808949947380027,0.5827916546348464,-0.952764837798892,1.0407975582202265,1.9935623960191184,0.03269818886243571,0.4665657555408306,0.4677101407905002,-1.0805356981985337,0.764472003763136,1.8450077019616695,0.05296160387401166,0.4655528170993793,0.46855560715252986,-0.9635327655542836,0.7295010754181653,1.6930338409724488,0.8272365259491564,0.305978717625815,0.882010910082391,0.14737042509818807,1.6909185651986038,1.5435481401004159,0.4999999998435669,0.5814267974225045,2,1,0.3713150537263954,0.3842268308589895,Freestyle_1526810977061.csv,4,test,5.0000000015625,6.96666666884375,5.983333335203126,0.0,0
6.682313985237248,0.8458525012840705,6.7356355788615705,5.455401886602465,8.522549408844911,3.067147522242446,3.4522464282763523,0.5912920088073854,3.502517900200697,2.3734854865695136,4.893635217249368,2.520149730679854,5.838707396031916,0.6004267692250099,5.869498816907606,4.563568281320105,6.888744143504752,2.325175862184647,9.586689294291514,0.4275780967828351,9.596219810640644,8.50149654957105,10.289276433818959,1.7877798842479091,0.4600870281095636,0.2341635603421593,0.5162486284987172,-0.1094245866706867,1.0407975582202265,1.1502221448909131,0.3785856697935722,0.2173646618468114,0.4365484000575724,-0.1557505197047226,0.764472003763136,0.9202225234678585,0.44929401214545805,0.23040537226116625,0.5049274650051923,-0.1351087197586859,0.757552297755834,0.8926610175145199,0.8040810049853288,0.25591528746439934,0.8438239727195492,0.19219518637150362,1.296964529431797,1.1047693430602934,0.4999999998435669,0.47161216826028207,2,2,0.5209311374213363,0.37835759589974305,Freestyle_1526810977061.csv,4,test,6.000000001875,7.96666666915625,6.983333335515625,0.0,0
6.190849446150858,0.4928380597009642,6.210435267998225,5.373123765737873,7.874533288696657,2.5014095229587845,3.5699139462340757,0.5023491875522167,3.6050853373742657,1.912646031150265,4.607966171572037,2.6953201404217717,6.392606154294753,0.6115594378792201,6.421792459273836,5.375079757214502,8.088107009345576,2.7130272521310737,9.614772125592895,0.6014331805406746,9.63356449595545,8.01219541406733,11.232761651479006,3.220566237411676,0.210493914548138,0.2693004796334962,0.34180467579105756,-0.376704831356784,0.8295614491422111,1.206266280498995,0.15740677908685996,0.3255214374951781,0.36158138830894865,-0.4985990323653798,0.6706474792756819,1.1692465116410617,0.25145115075201996,0.3224713122138192,0.4089198312816554,-0.5248964952170284,0.757552297755834,1.2824487929728625,0.5747091715995017,0.2906825300201039,0.6440395680231721,0.04889872286247925,1.2192141243801375,1.1703154015176582,0.4999999998435669,0.4647238409469444,2,2,0.5229081877702879,0.7908787974200131,Freestyle_1526810977061.csv,4,test,7.0000000021875,8.96666666946875,7.983333335828125,0.0,0
5.941296381767601,0.770636476112757,5.9910669562541425,3.659172398608362,7.874533288696657,4.215360890088295,3.4784195907332776,0.7155059446111203,3.5512464862314066,1.912646031150265,5.642622704338488,3.729976673188223,6.685199443311193,0.8254583441233413,6.735968607017934,5.081289104588601,8.72034613489406,3.639057030305459,9.661815188318231,0.7258341558548277,9.689040610660186,7.916211786901966,11.232761651479006,3.3165498645770395,0.04695947890506279,0.2482149049866964,0.2526179560454675,-0.4052695194129221,0.5704575365363359,0.975727055949258,0.09125031923706269,0.2981265022260576,0.311778819181819,-0.4985990323653798,0.7492808759936926,1.2478799083590724,0.11936751297993362,0.23857583838647992,0.2667715011331353,-0.5248964952170284,0.5933283000577239,1.1182247952747524,0.4543596576719098,0.16045622176808996,0.48185983192607523,0.04889872286247925,0.831505345063936,0.7826066222014568,1.4999999995307007,0.47283538908301287,2,2,0.7926335341499582,0.642965289329132,Freestyle_1526810977061.csv,4,test,8.0000000025,9.96666666978125,8.983333336140625,0.0,0
5.552160117983034,0.6764652554754791,5.593217966214698,3.659172398608362,6.884461022900203,3.2252886242918404,3.3060970799290703,0.7627720329926396,3.392948434066049,1.95836552018176,5.642622704338488,3.684257184156728,7.161807246975517,0.9001836394533527,7.21815860365859,5.081289104588601,9.351956500919856,4.270667396331255,9.709126944610691,0.7942631143539751,9.741560445913613,7.916211786901966,11.958903450238315,4.042691663336349,0.0953888248863183,0.2869577044569756,0.30239667997583847,-0.4052695194129221,0.6893789962017862,1.0946485156147083,0.11220738555449197,0.37899525029286113,0.3952567483516542,-0.8529454329802587,0.7492808759936926,1.6022263089739512,0.35161192987698464,0.2698453359797812,0.4432239327719777,-0.0445545686117175,0.8577117325775496,0.9022663011892671,0.6271528228056756,0.22538509402057577,0.6664226164828074,0.15248590110543278,1.2924118962416218,1.139925995136189,0.9999999996871338,0.5552955429067783,3,3,0.5146019249516064,0.5341824613672425,Freestyle_1526810977061.csv,4,test,9.0000000028125,10.96666667009375,9.983333336453125,0.0,0
6.726339487211517,1.2705623106926338,6.845288268770973,4.814457542310933,8.42925810880028,3.614800566489347,2.3933399093693084,0.790341079225915,2.5204592722938166,0.986031309817641,3.9266860935490304,2.9406547837313894,6.042924629478873,1.9711303715649036,6.356279809705356,1.7447035589027302,9.351956500919856,7.607252942017126,9.63194806962161,0.9157269403298438,9.67538006721872,7.5067976006552435,11.958903450238315,4.452105849583072,0.14593756877326708,0.6057115304816392,0.6230443259815964,-1.1362819022859374,1.4846799968144857,2.620961899100423,0.018231749395305752,0.5231500201060527,0.5234676114364447,-1.1236735877269872,0.892403282448834,2.016076870175821,0.23656854903172586,0.3826271186013986,0.44985352091562514,-0.5272214720899631,0.8577117325775496,1.3849332046675127,0.8571805366496856,0.36029472689727243,0.9298229738186851,0.2769801404017252,1.6950442699152517,1.4180641295135266,0.4999999998435669,0.6032391484191979,3,2,0.6642612249488067,1.0690183512673437,Freestyle_1526810977061.csv,4,test,10.000000003125,11.96666667040625,10.983333336765625,0.0,0
7.0161375642229284,1.0536054625542426,7.094805902265699,4.0781553891028715,8.42925810880028,4.351102719697408,1.9739608032217844,1.205392300997535,2.3128968528579312,-2.8760688233505016,4.286737965939255,7.162806789289757,5.731836419058717,1.857142047716492,6.02519089492146,1.7447035589027302,9.872176626300606,8.127473067397876,9.548161492170744,0.9062560799556252,9.591073347807782,7.26423288445633,11.681367644309095,4.417134759852765,-0.2585969715850173,1.016486972212363,1.048865176459968,-3.8141177603271808,2.231735453342255,6.045853213669435,0.04530891322592285,0.5617356645950778,0.5635599830504185,-1.1236735877269872,1.1534486376862076,2.277122225413195,-0.20511495759811524,0.4668920592649065,0.5099611169835417,-1.0471022532613603,0.7457221679299378,1.7928244211912983,1.1237989222403302,0.6440918692956474,1.2952908375037975,0.2769801404017252,3.881627909345748,3.6046477689440226,0.9999999996871338,0.6253877614133234,2,1,1.0395926108540392,1.4678914661708933,Freestyle_1526810977061.csv,4,test,11.0000000034375,12.96666667071875,11.983333337078125,0.0,0
1.3559197954547315,5.4605959507336514,5.626422187222956,-7.121127491540439,7.449130294728305,14.570257786268744,-0.23364607818276983,2.793544108912055,2.8032979110839142,-5.371667244807819,4.286737965939255,9.658405210747073,7.153018027279361,1.3793067707527376,7.284789225943869,3.523016067057146,10.700808081875712,7.177792014818566,9.573017179171575,0.9698463594178136,9.622019531968853,7.26423288445633,11.904115219052114,4.639882334595784,-0.3371546735592601,0.9345267042998838,0.9934854981087814,-3.8141177603271808,2.231735453342255,6.045853213669435,0.5710712773058962,1.2476493871484327,1.3721338845082311,-1.0930032623914203,3.3942993633148757,4.487302625706296,0.0537162526927539,0.8958921333881721,0.897501058757126,-1.0471022532613603,2.687761168036509,3.7348634212978693,1.5979308418277605,1.0591930924878086,1.917100149297961,0.49107229858926066,4.223735504297381,3.7326632057081204,0.4999999998435669,0.7325406578514793,1,0,3.969787547036935,0.0,Freestyle_1526810977061.csv,4,test,12.00000000375,13.96666667103125,12.983333337390626,0.0,0
-1.6319144293085233,4.8203401928375085,5.089088747435056,-7.121127491540439,10.064753268881644,17.185880760422084,-1.0044591165960868,2.606725193813643,2.793555861796174,-5.371667244807819,5.75465522378046,11.126322468588278,8.544557512507454,1.653659832039811,8.703105992957314,4.933800615484112,11.463813317569857,6.530012702085744,10.334717489079157,1.624945223020391,10.461684021078796,7.8276951062315945,14.456787616802423,6.629092510570828,0.16191491422936763,0.5923386798340372,0.6140696630492615,-1.6825128036196717,1.2682117556411512,2.9507245592608227,0.13003588056247536,1.4960681709388708,1.5017087941175664,-1.6750808109164528,3.3942993633148757,5.069380174231329,0.22879991721882742,0.7762595133296606,0.8092763645097661,-0.5897532624324526,2.687761168036509,3.277514430468962,1.5014373932061074,1.0162799032963616,1.8130469071597717,0.2598240493814116,4.223735504297381,3.9639114549159697,0.4999999998435669,0.8423165547988115,1,1,2.5836217714312117,1.9298945489760246,Freestyle_1526810977061.csv,4,test,13.0000000040625,14.96666667134375,13.983333337703126,0.0,0
-0.5577740236445712,3.7820358648389076,3.8229448262276087,-6.982010262472889,10.064753268881644,17.046763531354532,0.3944873799127795,1.9638298474691391,2.003059650315265,-3.2013165857388493,5.75465522378046,8.955971809519308,9.552111231216802,1.026939446229788,9.6071553333836,6.624231605504445,11.63442482499182,5.010193219487375,10.410988831203635,1.5924510238671974,10.532074283200936,7.1168678246063335,14.456787616802423,7.339919792196089,0.09830100622917994,0.547870454916279,0.5566193701227435,-1.248386810923843,1.2682117556411512,2.516598566564994,-0.33153122201064195,0.6657432926209649,0.7437251393073069,-1.6750808109164528,0.8928797010989662,2.5679605120154188,-0.01547086601151385,0.26955406036015034,0.269997665085811,-0.5897532624324526,0.5445420259167799,1.1342952883492325,0.8270569457288006,0.501824425179814,0.9673938935021776,0.11897284488558829,1.7892450568109197,1.6702722119253315,0.4999999998435669,0.7578745952090581,1,2,1.0157140551179598,0.5088127699394833,Freestyle_1526810977061.csv,4,test,14.000000004375,15.96666667165625,14.983333338015626,0.0,0
-1.3461135848840027,0.6866750517339761,1.5111401027314177,-5.296241845845061,-0.1754113976852637,5.120830448159797,-0.42573013264859794,0.9187073235550042,1.0125558217691468,-1.9959191634121909,2.0283738842032837,4.024293047615474,9.552957378030495,0.9012706578479867,9.59537823460675,6.624231605504445,11.63442482499182,5.010193219487375,9.729938007893187,0.8416671135326096,9.766273453444086,7.1168678246063335,11.872976647324933,4.756108822718599,-0.19187037826521317,0.4264261622897679,0.46760401403411356,-1.248386810923843,0.6581109716492668,1.9064977825731098,0.10369520437507723,0.18696263611451217,0.21379364516579188,-0.1228343540189936,0.8928797010989662,1.0157140551179598,0.012965261283232377,0.14280352415353875,0.14339088015216592,-0.1836284840767287,0.5445420259167799,0.7281705099935086,0.4507991713906049,0.28583612129758684,0.5337810236088435,0.038204705744775386,1.2585344137136696,1.2203297079688942,0.9999999996871338,0.31277314735347994,3,2,0.2738737397199343,0.30287855791315466,Freestyle_1526810977061.csv,4,test,15.0000000046875,16.96666667196875,15.983333338328125,0.0,0
-1.5101706316551688,0.4728477960568422,1.5824665478137556,-2.312236161930642,-0.2149091159892029,2.0973270459414395,-2.106627807687458,1.2841839415988037,2.467186477747944,-5.095725796287255,-0.0820141917929662,5.013711604494288,9.500278422711032,0.44294840712401223,9.510599003238575,8.424856547648902,10.89406387398308,2.4692073263341783,9.94266019980796,0.43152177522024154,9.952020040742205,8.52883630486084,11.03626553506331,2.5074292302024688,-0.2480894462501502,0.29277447586482513,0.383751569454288,-1.126520571676007,0.4942174757519056,1.6207380474279125,-0.042890063256318736,0.2057549506284614,0.21017768015241683,-0.8730633516505446,0.2168224914987513,1.089885843149296,-0.0892879781795524,0.15829701357906778,0.18174236587940581,-0.517591111899729,0.172601143043818,0.690192254943547,0.3937169509590017,0.26354729058723353,0.4737828741610704,0.038204705744775386,1.4889703084686416,1.4507656027238662,0.4999999998435669,0.36378872271378965,2,1,0.21082178628804554,0.2143987698113686,Freestyle_1526810977061.csv,4,test,16.000000005,17.96666667228125,16.983333338640627,0.0,0
-5.894438255601597,7.255163828009298,9.34782351782243,-25.62561017917265,1.7233131599627682,27.348923339135418,-3.320649529465002,5.097824344582476,6.083956471388818,-20.208849085011284,5.084769430271817,25.2936185152831,6.846934547231377,4.002961738773268,7.9312177738449,-5.069879291224617,10.905059174713406,15.974938465938024,12.286670740119934,6.028123121348962,13.68577897827746,3.5935852192932733,33.96263179527563,30.369046575982352,-0.8086602470739381,2.0948964336486684,2.2455561589306985,-8.289046853200361,3.5526385259807016,11.841685379181062,0.6716367896352582,1.6986794321772312,1.8266383852567853,-2.8373294500874673,4.835213553988939,7.672543004076406,0.39016807066581227,1.5465278006123475,1.5949856931753168,-3.2020887711553496,3.858002333893648,7.060091105048998,2.228151835462851,2.4409934479556847,3.305012801009862,0.14999529746776008,9.422709404959289,9.27271410749153,0.4999999998435669,0.5078806509739365,1,1,5.938078312620826,1.2166304346918917,Freestyle_1526810977061.csv,4,test,17.0000000053125,18.96666667259375,17.983333338953123,0.45,0
-8.329511593073011,7.691525262945818,11.337562535645455,-26.453794446778534,1.8914764639936552,28.34527091077219,-4.131667528604757,6.134736324360912,7.396327895405948,-20.208849085011284,5.1600170051509915,25.368866090162275,5.174096152099785,5.0559965938946245,7.234249964484766,-8.333304745054662,14.0021202874032,22.335425032457863,13.807002639339604,6.704255458434486,15.348627402301467,3.5935852192932733,33.96263179527563,30.369046575982352,-0.9480283092296579,2.9339034190092246,3.0832688736428526,-8.289046853200361,4.060185282821738,12.3492321360221,-0.5599243393541298,3.231711426562552,3.279858840007619,-8.3609552802345,4.835213553988939,13.196168834223439,-0.3639931033578692,2.765246517545068,2.7891000846307437,-8.064425785444163,3.858002333893648,11.92242811933781,4.211444491553801,3.210426067393446,5.295573645946037,0.2691072625671666,10.487771405765862,10.218664143198696,0.4999999998435669,0.5711650508464405,1,1,5.938078312620826,9.233315660997354,Freestyle_1526810977061.csv,4,test,18.000000005625,19.96666667290625,18.983333339265627,0.95,1
-7.908831637578447,6.959938237867448,10.535196160797918,-26.453794446778534,1.8914764639936552,28.34527091077219,-4.932404925842181,6.5505171234313,8.199871519532419,-26.829054652220613,5.1600170051509915,31.989071657371603,5.5091233352069215,5.363182348810189,7.688573653748178,-8.333304745054662,14.53049863218242,22.863803377237083,13.670095497079155,7.104287790706186,15.405921456129805,4.729877712349681,38.104612694547676,33.37473498219799,-0.7966446773127487,2.4771058486211506,2.6020561345143665,-7.54112920537085,4.060185282821738,11.601314488192589,-0.5386564164059396,3.094551993474647,3.141083057681411,-8.3609552802345,4.477285769589386,12.838241049823885,-0.37284491899100414,2.803326504824528,2.828012168691838,-8.064425785444163,4.72913926727271,12.793565052716872,3.8504305551593463,3.131922136417419,4.963340783049876,0.2691072625671666,10.487771405765862,10.218664143198696,0.4999999998435669,0.5006465851714076,1,1,4.320430697630926,3.4357681127865263,Freestyle_1526810977061.csv,4,test,19.0000000059375,20.96666667321875,19.983333339578124,1.0,1
-9.127720539961766,7.101421357404155,11.564837549703663,-29.38451946646102,-0.3669196500621874,29.017599816398832,-3.994651207286545,6.700223612727935,7.800656044746033,-26.829054652220613,7.507146264146446,34.33620091636706,6.209377266546825,6.281328710993534,8.832409434229158,-9.867905609163312,18.535496849923287,28.4034024590866,14.853338497203065,7.210096683182147,16.51081944342342,4.975860666782325,38.104612694547676,33.12875202776535,-1.329205373829852,2.399629611401112,2.743175021345012,-9.186181108743368,3.1845365761271935,12.370717684870561,-0.5481865993347187,3.3387138613891842,3.383418211797419,-10.266378305060384,4.477285769589386,14.74366407464977,0.15236072387790683,2.921689482529464,2.925659450876655,-8.223970554869673,4.72913926727271,12.953109822142384,4.080868790969644,3.2982603182659025,5.247095502862279,0.18769923153651147,12.133141967529914,11.945442735993403,0.4999999998435669,0.5845383939081761,1,1,5.132480255586006,11.101232577737107,Freestyle_1526810977061.csv,4,test,20.00000000625,21.96666667353125,20.983333339890628,1.0,1
-9.383823468837642,8.101474750043419,12.397178550779172,-29.41500276589237,-0.3669196500621874,29.048083115830185,-3.0523569984120487,6.8056007082971135,7.458758894516513,-23.73858943446437,8.76623939783495,32.50482883229932,6.738398316207751,6.091802612376828,9.083835695125302,-9.867905609163312,18.535496849923287,28.4034024590866,15.382429433274575,7.431019844731205,17.083301531099337,4.654519626304162,39.690944181105664,35.0364245548015,-1.0990850038219795,2.5099701776642305,2.7400617033910333,-9.186181108743368,2.4555793951314113,11.641760503874778,-0.45585513637553204,3.4275321318441696,3.457713177836501,-10.266378305060384,4.33566353240982,14.602041837470203,-0.10730568781907407,3.1054295769650206,3.107282955916225,-8.223970554869673,6.143866699762506,14.367837254632178,4.212312650970324,3.3727359898422526,5.396195504862832,0.18769923153651147,12.133141967529914,11.945442735993403,0.4999999998435669,0.5706852507355981,1,2,3.845161211722521,5.991529450737228,Freestyle_1526810977061.csv,4,test,21.0000000065625,22.96666667384375,21.983333340203124,1.0,1
-9.249682675189522,7.8901779982405085,12.157776870613302,-30.570035007484165,5.813622517214659,36.383657524698826,-3.9706113155988434,7.0876707642971235,8.124089554075198,-23.73858943446437,11.861002339830296,35.599591774294666,5.672773963836656,6.019057637587022,8.270998687545399,-12.131814220809993,16.51292803814443,28.644742258954423,15.141786411784402,7.276544033229823,16.79945799148387,4.654519626304162,39.690944181105664,35.0364245548015,-1.406272101002318,2.9567828400794642,3.274166456587975,-9.879028341978485,3.729552711602056,13.60858105358054,-0.3103673294834338,3.123927495924024,3.139307388421978,-8.124566715060736,4.33566353240982,12.460230247470555,-0.4497456843885241,3.4499030076431536,3.4790949890411698,-9.230748964005109,6.143866699762506,15.374615663767614,4.586372432181639,3.41243413424235,5.716600284016547,0.1307863334708811,12.212213118491078,12.081426785020197,0.4999999998435669,0.6005632111684795,1,2,4.800117391463054,5.4341117043290925,Freestyle_1526810977061.csv,4,test,22.000000006875,23.96666667415625,22.983333340515625,1.0,1
-8.831603322091771,6.866118966461032,11.18663519117247,-30.570035007484165,5.813622517214659,36.383657524698826,-3.859982366839538,6.102601183719548,7.220886723931305,-21.59492532725776,13.242147696017804,34.837073023275565,5.975693170310799,6.022432928480465,8.484020700336893,-12.131814220809993,16.51292803814443,28.644742258954423,14.468322563822754,6.318881341910764,15.787989714462404,4.472382956075808,37.373966947348904,32.9015839912731,-1.133529058180404,3.16024818806765,3.3573883802628823,-9.879028341978485,5.264623024074044,15.143651366052529,-0.42268133052000817,3.03126148578208,3.060589110343947,-8.124566715060736,4.991187293933417,13.115754008994152,-0.729622840648332,3.242190073992287,3.3232733810942867,-9.230748964005109,5.107131408521181,14.337880372526289,4.505887400281993,3.373482939003843,5.6288016845302,0.1307863334708811,12.212213118491078,12.081426785020197,0.4999999998435669,0.5678589366817912,1,2,4.749372474458522,5.212798983753238,Freestyle_1526810977061.csv,4,test,23.0000000071875,24.96666667446875,23.983333340828125,1.0,1
-9.449039351392377,6.972874551752182,11.743309762525849,-27.225533396618264,2.188847067319778,29.41438046393804,-2.593192915043139,5.900910346032237,6.445571534514238,-21.59492532725776,13.242147696017804,34.837073023275565,6.31400866818569,5.5675453985506955,8.418091661822594,-5.138515456325523,22.95035093051198,28.088866386837502,14.270488599551308,6.831408269317408,15.821345828090042,4.472382956075808,37.373966947348904,32.9015839912731,-0.9568679047940847,2.7349805459682157,2.8975359832191248,-9.39831402388221,5.264623024074044,14.662937047956254,-0.24327713995966194,3.1034703407277267,3.1129908323995465,-9.499500720087006,4.991187293933417,14.490688014020424,-0.627654705065238,3.4843537295169775,3.5404337786759124,-10.862810304807676,4.176077629582985,15.038887934390662,4.520942463236043,3.1909524098538125,5.533633348699808,0.4475701666837878,13.370321777911034,12.922751611227246,0.4999999998435669,0.5238167104831808,1,2,5.214244461524084,6.412429097990057,Freestyle_1526810977061.csv,4,test,24.0000000075,25.96666667478125,24.983333341140625,1.0,1
-9.892618582481512,6.587225049318869,11.885093027352898,-27.225533396618264,2.188847067319778,29.41438046393804,-3.224349571485403,6.457758444226269,7.217968847474598,-24.265186763210806,12.806104254638017,37.07129101784882,5.274267225706763,5.642426391784533,7.723656540452271,-5.138515456325523,22.95035093051198,28.088866386837502,14.410231604912338,6.734582837830639,15.906268604132691,6.498251081132834,36.02984507788568,29.531593996752846,-1.4477168043670183,2.604286875178761,2.979629855179164,-9.39831402388221,4.652150815427182,14.050464839309392,-0.12166442055714356,3.1569508537539592,3.1592943712556063,-9.499500720087006,5.067091056967149,14.566591777054155,-0.34078221838214406,3.270807863429508,3.2885128249465225,-10.862810304807676,4.085827882885919,14.948638187693595,4.5019729419162,3.066902546253226,5.447352714664264,0.8320300049342959,13.370321777911034,12.538291772976738,0.4999999998435669,0.6176737641797173,1,1,5.179910320354184,11.197986266740006,Freestyle_1526810977061.csv,4,test,25.0000000078125,26.96666667509375,25.983333341453125,1.0,1
-10.054645165840007,6.695157047804688,12.079777204307975,-31.773579324567944,1.738855895776054,33.512435220343995,-3.725470184439395,6.663577558248998,7.634290665801675,-24.265186763210806,10.428171070618442,34.693357833829246,4.929270737536456,6.162163523666661,7.8911323202909935,-5.664095795438733,24.799471670459873,30.463567465898606,14.736115911054917,7.022839057529397,16.32401239193374,6.498251081132834,41.97424323812341,35.47599215699057,-1.2892116801960614,2.600373960261974,2.902414768699073,-6.057063406110451,4.652150815427182,10.709214221537632,-0.2194948347929433,2.9459635605533245,2.9541291919292902,-7.263038893586264,5.067091056967149,12.330129950553413,-0.6095362114437338,3.3779377751054303,3.432491515728102,-11.706950696533973,2.9800946669484345,14.687045363482408,4.4581483353091205,3.0096182811275605,5.378930077414718,0.47610511245161946,13.182675560244915,12.706570447793295,0.4999999998435669,0.689733589700128,1,1,5.101415712321518,8.196386470249516,Freestyle_1526810977061.csv,4,test,26.000000008125,27.96666667540625,26.983333341765622,1.0,1
-10.62604443512297,6.494820309868699,12.453734829146269,-31.773579324567944,1.738855895776054,33.512435220343995,-3.5162354208335764,7.129386004827155,7.94934313893607,-25.301806611080284,13.88384936440004,39.18565597548032,4.454482703078424,6.64039011314224,7.996073849505273,-6.391919160230423,24.799471670459873,31.191390830690295,15.192538774728622,7.170183409115152,16.799546557630148,7.126739404758076,41.97424323812341,34.84750383336533,-1.7125084067684,2.9042231624528516,3.371527431384785,-8.950252301331549,5.106991238004091,14.05724353933564,-0.3331695768426063,2.8682514430763506,2.8875367197047117,-7.263038893586264,4.310908154450734,11.573947048036999,-0.48403362996611554,3.482254239183664,3.5157336561876775,-11.706950696533973,3.1916532015155226,14.898603898049496,4.838329275009584,2.942111231082052,5.662636194342164,0.47610511245161946,13.182675560244915,12.706570447793295,0.4999999998435669,0.7414675359542876,1,1,5.303791503278111,6.928638199486004,Freestyle_1526810977061.csv,4,test,27.0000000084375,28.96666667571875,27.983333342078126,1.0,1
-9.772291756490011,6.01891747583437,11.47715355629901,-25.41069746834116,-1.7186731527886725,23.692024315552487,-4.088547141778527,6.953679178860738,8.06658985278579,-25.301806611080284,13.88384936440004,39.18565597548032,4.908473973784322,5.527192891057058,7.392088879759883,-6.391919160230423,24.51449274959015,30.906411909820573,14.341536546021986,6.764483211104835,15.856793610758876,6.456971511692394,35.748346005420956,29.29137449372856,-1.903438667252398,2.703476268351481,3.306336748356289,-8.950252301331549,5.106991238004091,14.05724353933564,-0.2192981293100526,3.026944783627612,3.034878315954249,-8.89384419857133,4.310908154450734,13.204752353022064,-0.5192544375406111,3.5428727918751566,3.580722383865423,-12.375509469706632,3.562661386598897,15.938170856305529,4.669946840254218,3.3399877822673347,5.741421590207029,0.626588191429156,13.853854667501071,13.227266476071915,0.4999999998435669,0.49216396474474555,1,1,4.527631313006518,9.999019170379293,Freestyle_1526810977061.csv,4,test,28.00000000875,29.96666667603125,28.983333342390623,1.0,1
-11.026403011725773,6.4376188730859285,12.768104797976376,-29.998911524090634,-1.7186731527886725,28.280238371301962,-4.1915130813873995,6.853033467187939,8.033234069404402,-22.794328716278933,8.1181114619221,30.91244017820103,3.9573976694779756,6.144878082178065,7.308934461275603,-8.150825044685512,24.51449274959015,32.665317794275666,15.288397798972957,6.8733372858843405,16.762394599375387,6.226786420344419,35.748346005420956,29.521559585076538,-1.7210884901734427,3.1041078385528773,3.5493141681700875,-8.766018770876792,5.243234564867389,14.00925333574418,-1.0044644904290203,3.8245283668095835,3.954233951230506,-9.419101787755745,5.247189265596633,14.666291053352378,-0.559678405483976,3.6247339476882527,3.667688115024061,-12.375509469706632,3.562661386598897,15.938170856305529,5.4506565774650975,3.460617891224361,6.456433482544809,0.626588191429156,13.853854667501071,13.227266476071915,0.4999999998435669,0.8119741665840586,1,1,14.141033464167963,6.026775734494847,Freestyle_1526810977061.csv,4,test,29.0000000090625,30.96666667634375,29.983333342703126,1.0,1
-9.26391562747158,8.35428200365047,12.474540494520436,-37.60580507465469,3.2577275819104714,40.86353265656516,-4.159223504329302,6.133430793894954,7.410675641428668,-22.794328716278933,8.113574103690103,30.90790281996904,4.9787994965244895,6.948922679411729,8.548448445831276,-8.150825044685512,33.16569234923236,41.31651739391787,14.93456938218464,7.782472756884074,16.840672339396953,5.775730326748642,50.17448302512865,44.39875269838001,-1.1768710272057452,3.077801125924476,3.2951305263097357,-8.766018770876792,5.243234564867389,14.00925333574418,-0.5363780830206063,3.372450281192986,3.4148385535869052,-9.419101787755745,5.247189265596633,14.666291053352378,-0.6726110605022735,3.1529878366963695,3.223932061484119,-11.299646616999278,3.1227379278038025,14.42238454480308,4.5147727481303,3.5397136186825926,5.736963087692567,0.2924735995383204,13.702608395914833,13.410134796376513,0.4999999998435669,0.628398435812711,2,1,2.965915400763958,10.39276143411432,Freestyle_1526810977061.csv,4,test,30.000000009375,31.96666667665625,30.983333343015623,1.0,1
-9.104779003875798,8.134378701116102,12.209222643665273,-37.60580507465469,3.2577275819104714,40.86353265656516,-3.535764855955916,7.115062059105838,7.945170937213394,-25.54962034302781,13.22372761273804,38.77334795576585,7.523123637323852,6.284371403406828,9.802587066607385,-5.606926952654388,33.16569234923236,38.77261930188675,15.633266582598377,7.992655875236991,17.557948968559728,5.775730326748642,50.17448302512865,44.39875269838001,-1.374558697027705,2.6968942576117825,3.026986991764899,-8.42360542145175,3.22550344886455,11.6491088703163,-0.1999679276131089,3.0880256551968235,3.0944934349950803,-10.453216176879495,4.262800764205638,14.716016941085133,-0.3816274332667296,4.0787318911545665,4.09654651355786,-11.299646616999278,6.943579151743712,18.243225768742988,4.742553170578403,3.609490632973212,5.959885334910783,0.2924735995383204,13.702608395914833,13.410134796376513,0.4999999998435669,0.5272058417166973,1,2,12.768172095184102,2.0833143162330456,Freestyle_1526810977061.csv,4,test,31.0000000096875,32.96666667696875,31.983333343328127,1.0,1
-9.54519027571624,8.62457465105295,12.864445005953929,-45.809825697419555,4.883494889014488,50.69332058643404,-4.464303804872557,7.403247859159814,8.645119277740125,-25.54962034302781,13.22372761273804,38.77334795576585,7.6621286160820725,9.481643790844219,12.190561262954157,-11.64593615748701,64.18804917833593,75.83398533582294,16.7588888438515,10.391412861725543,19.719072405754925,7.066773601981588,79.53204131950417,72.46526771752258,-1.4169193937424314,3.02791223402153,3.343039495025548,-10.820438827296774,3.22550344886455,14.045942276161325,-0.4756439902310172,3.4376112504997582,3.4703614098542244,-10.453216176879495,4.262800764205638,14.716016941085133,-0.19402668906914589,3.6360921625472655,3.6412652431000945,-8.223973946067927,6.943579151743712,15.16755309781164,4.716571879859829,3.772543393127555,6.0397130685914915,0.29597918115100896,12.995837493069928,12.699858311918918,0.4999999998435669,0.5303712634070967,1,2,1.9204566491235306,6.565642501649922,Freestyle_1526810977061.csv,4,test,32.00000001,33.96666667728125,32.98333334364062,1.0,1
-9.122528685436178,9.104947211766588,12.888777806513001,-45.809825697419555,4.883494889014488,50.69332058643404,-4.383296510684033,7.434360749753022,8.630353877915038,-23.144351857483453,17.64203677025716,40.786388627740614,6.704209904176866,9.432289655834722,11.572144079246073,-11.64593615748701,64.18804917833593,75.83398533582294,15.817966560962647,11.149441863645134,19.352470643164278,2.5778175015600877,79.53204131950417,76.95422381794408,-1.1481045921822128,2.9024875053031756,3.121310281441263,-10.820438827296774,3.052362455650397,13.872801282947172,-0.17577371276685388,2.98739062115363,2.992557287915557,-10.139936947815778,4.207339434082525,14.347276381898304,0.08122933835328754,3.481666405953045,3.4826138413196643,-8.223973946067927,6.323584460981418,14.547558407049344,4.295007946918846,3.5184489335704043,5.5521685999471195,0.29597918115100896,12.995837493069928,12.699858311918918,0.4999999998435669,0.5252162111755321,1,0,12.691791234976701,0.0,Freestyle_1526810977061.csv,4,test,33.0000000103125,34.96666667759375,33.98333334395312,1.0,1
-9.694047727910887,8.319894907968242,12.774788163826834,-33.1141742711243,0.4358867483208501,33.550061019445145,-4.0987956706772755,7.855455384750135,8.860491253410427,-23.144351857483453,17.64203677025716,40.786388627740614,6.588839678960284,7.483126403957397,9.970455811679114,-14.651791308124452,32.09711961336587,46.74891092149032,16.207899134479447,8.855366317753267,18.469258430566686,2.5778175015600877,47.0329794488036,44.45516194724351,-1.214169603470404,2.809728519297988,3.0608466440101085,-10.470509853019024,3.052362455650397,13.52287230866942,-0.4877237937265636,3.43022839113152,3.4647281732181776,-11.057822915222712,4.207339434082525,15.265162349305236,-0.03424114461144864,3.5891723955533923,3.5893357241956036,-8.835833942026332,6.323584460981418,15.159418403007749,4.556079380586286,3.6740434280534813,5.852901368844899,0.3561259106050084,13.73508630717162,13.378960396566612,0.4999999998435669,0.533976600190852,1,2,3.7622396952236814,7.030880544297742,Freestyle_1526810977061.csv,4,test,34.000000010625,35.96666667790625,34.983333344265624,1.0,1
-8.7733431107685,7.7650544471195895,11.716126488989474,-33.1141742711243,0.4358867483208501,33.550061019445145,-4.6010210447297535,7.056369984839555,8.423879867198407,-20.1493811159421,13.423287757954174,33.572668873896276,6.206731178435778,7.247341380095912,9.541879741487906,-14.651791308124452,32.09711961336587,46.74891092149032,15.36237405971124,7.9545147038345485,17.29961967570411,5.49838055381362,47.0329794488036,41.53459889498998,-1.1817083926063403,2.7879915804688324,3.0280904507496724,-10.470509853019024,4.044842912560622,14.515352765579646,-0.17814546954540925,3.325489404629301,3.3302575859265446,-11.057822915222712,4.465907985902487,15.523730901125198,-0.25369659048404314,3.535686103823048,3.544776182608802,-8.835833942026332,6.596225070348415,15.432059012374747,4.341397744525048,3.738669706615726,5.729344251424702,0.3561259106050084,13.73508630717162,13.378960396566612,0.4999999998435669,0.45964965914338346,1,1,4.481757210686077,2.385497282472757,Freestyle_1526810977061.csv,4,test,35.0000000109375,36.96666667821875,35.98333334457813,1.0,1
-9.828138547313182,8.048436928073997,12.703135214991944,-33.474534982865045,3.4944460706628524,36.9689810535279,-4.175612069764344,7.143164317205485,8.274088023447622,-20.1493811159421,9.52430286329959,29.673683979241687,5.780335451192607,6.794659912234331,8.920744433691523,-15.579697703819493,21.287811437518467,36.86750914133796,15.8469002980023,7.634501234955733,17.590049976090633,5.49838055381362,36.30676820825015,30.80838765443653,-1.373867880233263,2.8499822256692466,3.1638444397547856,-8.892759051291288,4.044842912560622,12.93760196385191,-0.13337126440504413,3.2440543582956853,3.2467948154674375,-10.357970368988164,4.465907985902487,14.823878354890653,-0.2545719140426107,3.7938387088194303,3.802370182919596,-9.633692137301765,6.596225070348415,16.22991720765018,4.682557173379637,3.617079697587601,5.916891685730737,0.23116764881190327,13.928624726464541,13.697457077652638,0.4999999998435669,0.5298612936243795,2,2,4.528738734386483,7.141446045239171,Freestyle_1526810977061.csv,4,test,36.00000001125,37.96666667853125,36.983333344890625,1.0,1
-9.446007900673145,8.27913786787692,12.560700183305586,-33.474534982865045,3.4944460706628524,36.9689810535279,-4.564177896247252,7.05957820276944,8.406507257452965,-26.35499328339892,11.971401979894228,38.32639526329315,5.747666581205337,7.004477299456858,9.060815270565396,-15.579697703819493,21.287811437518467,36.86750914133796,15.66339368304678,8.074467478521644,17.62211470657859,5.361576223137069,43.19771255144001,37.83613632830294,-1.2603220329748366,2.6381881581095854,2.923772970733444,-8.892759051291288,3.541939707079381,12.434698758370669,-0.3284067630391682,3.1922724867636276,3.2091205386768973,-10.357970368988164,4.776836856464618,15.134807225452782,-0.5297154915751666,3.1721663618729465,3.2160904728276796,-9.633692137301765,4.358189517031728,13.991881654333493,4.076553621458028,3.545680684570987,5.402790107487273,0.23116764881190327,13.928624726464541,13.697457077652638,0.4999999998435669,0.4908498300371529,2,1,4.827226353227806,9.437165774601075,Freestyle_1526810977061.csv,4,test,37.0000000115625,38.96666667884375,37.98333334520312,1.0,1
-9.574041502146759,7.903606947737853,12.414881129884353,-35.155936646996615,8.110992692396358,43.26692933939297,-4.076772417402883,7.289908484034151,8.352415162627517,-26.35499328339892,11.971401979894228,38.32639526329315,5.523071145924607,6.057138408391091,8.197148320077629,-7.298842885290088,22.374164445923817,29.673007331213906,15.090850311074497,7.959371205575403,17.061223669461697,5.361576223137069,43.475408437048955,38.113832213911884,-1.131799091521762,2.505309407329652,2.7490988359867923,-8.126169981260409,3.541939707079381,11.66810968833979,-0.27366019612364334,2.9720347454316753,2.98460724903555,-8.392644801632231,4.776836856464618,13.16948165809685,-0.5284045630458768,3.816173863496743,3.852582813994187,-12.897931546748776,4.358189517031728,17.256121063780505,4.4658378282689695,3.371069811099253,5.595339058511366,0.38819914159304236,14.44763323397121,14.059434092378169,0.4999999998435669,0.5915016917874696,2,1,3.450832180483932,10.37936091096608,Freestyle_1526810977061.csv,4,test,38.000000011875,39.96666667915625,38.983333345515625,1.0,1
-9.925962800601086,7.222433054834034,12.275515335434019,-35.155936646996615,8.110992692396358,43.26692933939297,-4.219202802664062,7.698975642168202,8.779288025159419,-28.7420772832247,15.349681371678296,44.091758654902996,4.049649549916068,6.749580853739372,7.87124533846459,-9.240613238279131,22.374164445923817,31.61477768420295,15.304992921532234,7.448346784980683,17.0211832184923,5.379100839238736,43.475408437048955,38.09630759781022,-1.6752361154186122,2.9692713537620556,3.409250418299423,-8.19370317584207,6.023667631768429,14.2173708076105,-0.29971678352551406,3.0175041122782327,3.0323524231103023,-8.392644801632231,4.5878906958226295,12.980535497454861,-0.3489384240432847,3.722095997024373,3.738416327114822,-12.897931546748776,3.839416688025154,16.73734823477393,4.9902524714204475,3.1450415798425464,5.898635966683856,0.6243950229713464,14.44763323397121,13.823238210999865,0.4999999998435669,0.7286720401201794,2,2,4.399280871321437,5.192327196217206,Freestyle_1526810977061.csv,4,test,39.0000000121875,40.96666667946875,39.98333334582813,1.0,1
-9.313604264815293,6.258108330821643,11.220835275588216,-29.861857812940553,7.794998150295795,37.656855963236346,-3.961808698090656,7.31635976710642,8.320159157251759,-28.7420772832247,15.349681371678296,44.091758654902996,4.699501282784371,7.228408093359457,8.621786118376889,-9.240613238279131,37.2130741824055,46.45368742068463,14.614082023488786,7.476362428725854,16.415461874553564,5.379100839238736,50.00098973071268,44.621888891473944,-1.8759421195523533,2.695170037548883,3.2837631411555592,-8.19370317584207,6.023667631768429,14.2173708076105,-0.14428888993342898,2.8994060929789,2.9029941398083103,-8.73318939343059,4.5878906958226295,13.32108008925322,-0.39108086439689443,3.4210793202136975,3.4433599808459237,-10.681185018784523,3.577895749347116,14.25908076813164,4.78597515023892,2.856859317845386,5.5737961301669845,0.5020593328991666,12.2054179083599,11.703358575460733,0.4999999998435669,0.637620736871535,1,1,5.098964952612768,9.763726816301057,Freestyle_1526810977061.csv,4,test,40.0000000125,41.96666667978125,40.983333346140626,1.0,1
-10.003600949078132,6.455634368911225,11.905765286341936,-29.861857812940553,7.794998150295795,37.656855963236346,-3.5757822390697056,7.231364110756524,8.067146058153643,-23.811011224725625,12.868327573951776,36.6793387986774,4.711629341812242,6.743498154996041,8.226434125492107,-5.966413379592814,37.2130741824055,43.179487561998315,14.800835816427773,7.445506707622955,16.56805091126019,6.352080170395305,50.00098973071268,43.64890956031738,-1.9388095631448556,2.87619142255637,3.468639448159578,-10.725073070466422,3.952748658988313,14.677821729454735,-0.4207931036903325,3.167014805521879,3.1948473538665554,-8.73318939343059,5.41731124624002,14.15050063967061,-0.5594837605235418,3.3589815506751077,3.4052575726463505,-10.681185018784523,3.2928448287432848,13.974029847527808,4.92642527763159,3.0926723647704324,5.816724883635311,0.5020593328991666,12.2054179083599,11.703358575460733,0.4999999998435669,0.7611154391515588,1,1,11.524754189742561,6.070764144722678,Freestyle_1526810977061.csv,4,test,41.0000000128125,42.96666668009375,41.98333334645312,1.0,1
-9.958401976013533,7.310408759227073,12.353616723164688,-37.04099367272761,6.402279073890301,43.44327274661791,-4.0927003310785555,7.711115190554715,8.729919443042656,-23.811011224725625,14.293839572578252,38.104850797303875,4.1871696652693124,6.189310799302664,7.472613865048569,-8.28865995294721,25.635600344446072,33.92426029739328,14.912428794825187,7.891943045933186,16.871967804645212,6.352080170395305,50.65976259408205,44.30768242368675,-1.355757258336229,3.1399775643194827,3.420166201803807,-10.725073070466422,4.8460569810684655,15.571130051534887,-0.11049324950019222,2.7095853460734576,2.711837293393748,-6.281517618510724,5.41731124624002,11.698828864750745,-0.6769673258366937,3.516470761628562,3.581040543981461,-12.02047202583972,3.0383403477155912,15.05881237355531,4.77324719214925,3.015221546434118,5.645834724063507,0.17014575625661205,12.688336475304817,12.518190719048205,0.4999999998435669,0.6596027635886568,3,2,2.9039431271126546,4.533702667972187,Freestyle_1526810977061.csv,4,test,42.000000013125,43.96666668040625,42.983333346765626,1.0,1
-10.690486926164313,7.774607744858586,13.21858677411868,-37.04099367272761,6.402279073890301,43.44327274661791,-4.362164946950092,8.127836365175357,9.22443532165883,-24.501560299998072,16.00547225576064,40.50703255575871,4.535725066703452,6.667444521728068,8.063970382574805,-8.570062610876645,25.635600344446072,34.205662955322715,15.92838726968961,8.434176938279512,18.02356406595033,4.794087386404032,50.65976259408205,45.865675207678024,-1.2637273547602608,3.319003058703079,3.5514487369029784,-9.301494580264457,7.663345105394777,16.964839685659236,-0.2984305116018639,2.891633062202643,2.9069920083616303,-7.230540736665813,5.3088081419575435,12.539348878623358,-0.6540242866656027,3.66878349931408,3.7266231540615586,-12.02047202583972,3.70564294255282,15.72611496839254,5.089712180094099,3.0076470410800575,5.911946447652911,0.17014575625661205,12.688336475304817,12.518190719048205,0.4999999998435669,0.6553572048876991,1,2,11.590325760468268,1.777487371535675,Freestyle_1526810977061.csv,4,test,43.0000000134375,44.96666668071875,43.98333334707813,1.0,1
-9.79858234456892,7.395287332322768,12.27609427671975,-32.32556169896495,3.1788804626197993,35.50444216158475,-4.486791974425249,7.747626981644485,8.953045630871792,-24.501560299998072,16.00547225576064,40.50703255575871,4.023762154240507,6.61170019054432,7.7398476266359415,-13.411452967848202,16.73332232783546,30.14477529568366,15.506786269271252,7.0925550855856185,17.051825651317394,4.794087386404032,40.43760599377976,35.64351860737573,-1.2967601970508227,3.1428957714396564,3.3999089456614215,-9.301494580264457,7.663345105394777,16.964839685659236,-0.2235271089087685,2.848988178349913,2.857743516971855,-7.696658892829927,5.3088081419575435,13.00546703478747,-0.7585823361873095,3.659987987887621,3.737774636365478,-12.145062555959116,3.70564294255282,15.850705498511935,4.643709795830783,3.4832452414301134,5.804914993334554,0.1143966178264536,13.029689694423185,12.91529307659673,0.4999999998435669,0.5727088707550596,2,1,4.690607541595636,9.616331949066815,Freestyle_1526810977061.csv,4,test,44.00000001375,45.96666668103125,44.98333334739063,1.0,1
-10.310775640130247,7.164117186002014,12.555344254773447,-31.011564656906124,3.1788804626197993,34.190445119525926,-4.236644149926953,7.166634566417316,8.325251026946741,-20.63614900658492,10.540990940110492,31.177139946695412,5.506214043280382,6.648848679317504,8.632820040454925,-13.411452967848202,21.84139149327702,35.25284446112522,16.10908153026469,6.478390858825644,17.362950667108127,6.267773637650772,36.21014493089112,29.942371293240345,-1.1619414404931663,2.6129968698461683,2.8596958846984424,-11.529880167149445,3.4953706646057845,15.02525083175523,-0.26826774569124445,3.2439198197289056,3.254993606784547,-10.102409783622305,4.236343886490047,14.338753670112352,-0.7503520285045417,4.034390172900122,4.103575542605979,-12.145062555959116,4.718038825522902,16.863101381482018,4.688443978337822,3.6919736224723017,5.967593833953803,0.1143966178264536,13.524697858692713,13.410301240866259,0.4999999998435669,0.5680738844082531,2,1,7.929200059188338,3.925397339056702,Freestyle_1526810977061.csv,4,test,45.0000000140625,46.96666668134375,45.98333334770312,1.0,1
-10.535609563541552,9.425559290471572,14.13648601363094,-58.46836652088781,8.106021728049717,66.57438824893752,-4.063688937568951,6.940796279070233,8.042898778977358,-20.63614900658492,8.1437900242964,28.77993903088132,6.883240948728708,10.281159787952145,12.37260088031857,-11.598291407575168,65.1749686982773,76.77326010585247,16.970529766296842,11.384675207372023,20.435501220330234,6.297289754547629,89.32389838436686,83.02660862981922,-1.1328098149298291,2.7795186162415817,3.0014965958392943,-11.529880167149445,3.4953706646057845,15.02525083175523,-0.3019263002362208,3.26378387658841,3.2777194333641186,-10.102409783622305,4.236343886490047,14.338753670112352,-0.4077838836032575,3.3950300421328072,3.419432216422903,-10.742441620411638,4.718038825522902,15.46048044593454,4.386292666522734,3.4936198741430653,5.607579083829182,0.3667759089546742,13.524697858692713,13.15792194973804,0.4999999998435669,0.5736613321563211,1,2,2.410434569814406,6.545273836813365,Freestyle_1526810977061.csv,4,test,46.000000014375,47.96666668165625,46.98333334801562,1.0,1
-9.95387058780093,9.353623805363897,13.659056262090678,-58.46836652088781,8.106021728049717,66.57438824893752,-3.9784806736356018,7.227728006226341,8.250355180383483,-23.230862397132153,10.449593485976791,33.68045588310895,6.978202674325082,9.864301481705398,12.083035888630516,-11.598291407575168,65.1749686982773,76.77326010585247,16.382459561321927,11.500128415849279,20.015942017786028,5.787318415428949,89.32389838436686,83.5365799689379,-1.3792500613185714,2.4951379898250057,2.8509725217748514,-8.637270525727269,2.155501678965864,10.792772204693133,-0.20768472702272087,2.9662889409370585,2.973550575820764,-10.008337560869611,3.965134302347342,13.973471863216954,-0.16959850205538018,3.7336361173543056,3.737486094785098,-10.742441620411638,6.969989415709604,17.71243103612124,4.4125761728891915,3.386446688498401,5.5622701890137645,0.3667759089546742,13.350501964894223,12.983726055939549,0.4999999998435669,0.5250461614260424,1,2,11.777394191514235,3.019584423260632,Freestyle_1526810977061.csv,4,test,47.0000000146875,48.96666668196875,47.98333334832813,1.0,1
-9.411651992026714,7.680773369953889,12.147982251370523,-36.41841529098805,2.7351683752950926,39.15358366628314,-3.9515130300245316,7.081458939813807,8.109347442471714,-23.230862397132153,11.633731723628342,34.86459412076049,6.407455766945463,7.044190300451981,9.522400243339094,-11.934085132054548,33.19988688959494,45.13397202164949,15.624582274368287,7.7384445380306595,17.435913945551583,5.787318415428949,49.34256309516846,43.55524467973951,-1.4652613692853793,2.541958118028692,2.934031689353752,-8.481402594227704,2.0858025910858564,10.567205185313561,-0.3845922756917116,3.2435966284612507,3.266317545292699,-10.023804140621625,3.965134302347342,13.988938442968967,-0.23421505500848688,3.627859473197699,3.635412087956868,-8.57685807305147,6.969989415709604,15.546847488761074,4.489155988650757,3.512986168438883,5.700315193924093,0.1486583354222763,12.990462995429827,12.84180466000755,0.4999999998435669,0.47643272247658713,2,2,1.9007485105971351,7.32259798016241,Freestyle_1526810977061.csv,4,test,48.000000015,49.96666668228125,48.98333334864063,1.0,1
-9.321693694034684,7.750918344916162,12.123147632317437,-36.41841529098805,-0.597701323435787,35.820713967552265,-3.2939206156216225,6.84638177766819,7.597555953568501,-21.9805870440944,11.724886044595436,33.705473088689835,6.6619157929468305,7.099782906000751,9.735914920779397,-11.934085132054548,33.19988688959494,45.13397202164949,15.566301505625335,7.561207692107748,17.305536811298946,4.955974663766199,49.34256309516846,44.38658843140226,-1.34953678519462,2.7631618479891387,3.0751118569535287,-8.651224957044821,2.812466262058173,11.463691219102994,-0.1536541259096426,2.994809459155369,2.9987486201840143,-10.023804140621625,4.122693043784784,14.146497184406408,-0.18482515174944641,3.639966758167802,3.644656134299342,-8.57685807305147,7.634277781463892,16.211135854515362,4.416508125034522,3.4966813607507317,5.633145174511086,0.1486583354222763,12.990462995429827,12.84180466000755,0.4999999998435669,0.4519681664927793,2,1,7.1707827008813085,1.7059438932090836,Freestyle_1526810977061.csv,4,test,49.0000000153125,50.96666668259375,49.983333348953124,1.0,1
-9.730996649428311,7.369191375131359,12.206444089680474,-36.0730793169634,-1.1668084540161283,34.906270862947274,-3.3838509347965897,6.917967668170018,7.701215735633528,-21.9805870440944,11.724886044595436,33.705473088689835,6.193835961909751,6.345735655083877,8.86746665780308,-13.091671406399165,17.229721508046616,30.32139291444578,15.534472243978636,6.754120086996646,16.939243372964278,4.955974663766199,36.67672637337658,31.720751709610383,-1.3879516790525444,2.723622355807178,3.056882169864815,-8.651224957044821,2.812466262058173,11.463691219102994,-0.32137867812543974,3.169663382448435,3.185914344860531,-9.810530344265391,4.122693043784784,13.933223388050175,-0.2681583506577054,3.8006640601518944,3.8101123604373854,-8.525185486405524,7.634277781463892,16.159463267869416,4.623072432468651,3.5551000402986777,5.831940930117801,0.3170328845838672,12.171708544868967,11.8546756602851,0.4999999998435669,0.4980105081054805,1,2,3.617913847666059,7.6188499839809944,Freestyle_1526810977061.csv,4,test,50.000000015625,51.96666668290625,50.98333334926562,1.0,1
-10.367277712047724,7.6712893096607875,12.896865000116787,-36.0730793169634,-1.1668084540161283,34.906270862947274,-3.1825423674644884,6.889819752751123,7.589347280636591,-25.495518045400267,9.971994222980218,35.46751226838049,5.7650776429610735,6.36569375409242,8.588258100468385,-13.091671406399165,16.820716882325357,29.91238828872452,15.680445530654778,7.197855523541219,17.25356473826798,6.037643809505568,40.67121518550112,34.63357137599555,-1.2800154341055026,2.815127474050159,3.092471860292399,-10.01597717142765,3.472379488576355,13.488356660004005,-0.4247012406242083,3.6586421854770164,3.683209712348698,-10.397513060576388,4.72818608938369,15.125699149960077,-0.6388261453785351,3.491490294053835,3.5494511290467616,-9.375078373342411,4.917707103877209,14.29278547721962,4.708104577646556,3.682630933894269,5.977291971230068,0.3170328845838672,14.27958863096763,13.962555746383764,0.4999999998435669,0.5403207890083346,1,1,14.538716433649082,2.858296444137384,Freestyle_1526810977061.csv,4,test,51.0000000159375,52.96666668321875,51.983333349578125,1.0,1
-10.904028871096521,7.522785084881754,13.247269192366625,-30.388023197575077,6.1949359938122175,36.582959191387296,-2.4237519968712165,7.046091549132782,7.451307258535083,-25.495518045400267,14.987174718347768,40.482692763748034,5.568043267262478,5.97058159910012,8.164003335228369,-3.8065386856626553,23.086211657074816,26.89275034273747,15.54276205128423,7.489033261436501,17.25291486600868,4.933413571625027,40.67121518550112,35.737801613876094,-1.3218585451123213,2.6957186811905376,3.00236726957348,-10.01597717142765,5.389260248376544,15.405237419804195,0.26441500286266,3.160717437042514,3.171758189169449,-10.397513060576388,4.72818608938369,15.125699149960077,-0.46418841559422686,3.8974973155754546,3.925042192141347,-12.412830986698332,4.917707103877209,17.33053809057554,4.804956181476701,3.3752942888210744,5.871985647296776,0.42028699386885854,14.836300289700679,14.41601329583182,0.4999999998435669,0.5843946558383077,1,2,3.8396301640606545,8.22006214912977,Freestyle_1526810977061.csv,4,test,52.00000001625,53.96666668353125,52.98333334989063,1.0,1
-10.409569874470993,6.994056306937145,12.54097159697371,-30.388023197575077,6.1949359938122175,36.582959191387296,-3.992184567463729,6.547306332611136,7.66842603366202,-24.032621184586784,14.987174718347768,39.019795902934554,4.686530564901208,6.00121485128871,7.614338344667997,-7.355500208450812,23.086211657074816,30.44171186552563,15.095752356837322,6.795376048311717,16.5547236418168,4.294827780431403,38.27935509197273,33.98452731154133,-1.4796429976543664,2.4292589596914,2.8444054728094836,-6.864488446276815,5.389260248376544,12.25374869465336,-0.554556902390793,3.2743315239526956,3.3209607475457537,-9.36997108612442,4.359038951878758,13.729010038003178,-0.9227123686157381,4.1020461836428215,4.2045429011885584,-12.412830986698332,3.5818569033552192,15.994687890053552,4.931219561727944,3.532800223966105,6.066102850135604,0.42028699386885854,14.836300289700679,14.41601329583182,0.4999999998435669,0.695032880664413,1,1,12.07294210863742,4.255503990574768,Freestyle_1526810977061.csv,4,test,53.0000000165625,54.96666668384375,53.983333350203125,1.0,1
-9.861830470827368,6.743610277424164,11.947049000030091,-25.822151654854565,1.026303019017048,26.848454673871615,-3.660455729774889,6.163103257957444,7.168178144960369,-24.032621184586784,8.53028244829814,32.562903632884925,5.202098817468248,6.21144054973271,8.102087743882334,-7.355500208450812,25.26155106634984,32.61705127480065,14.581199963852422,6.866381226725323,16.117027751312456,4.294827780431403,39.17144333266387,34.876615552232465,-1.5073148372344158,2.5549742337750945,2.9664610824687463,-6.864488446276815,4.580902767618354,11.445391213895169,-0.31012741705975694,3.1626600367160678,3.1778290581233337,-9.36997108612442,4.359038951878758,13.729010038003178,-0.3776668107085873,3.369901917463284,3.3909985481025373,-11.292784979646608,3.5818569033552192,14.874641883001829,4.524739416168121,3.1502528859542,5.513380091168049,0.5910992340848538,13.264174851716895,12.67307561763204,0.4999999998435669,0.661857291404198,0,2,0.0,7.663114727817568,Freestyle_1526810977061.csv,4,test,54.000000016875,55.96666668415625,54.98333335051562,1.0,1
-9.47397783954969,6.5231180938056195,11.50249215474685,-25.822151654854565,1.026303019017048,26.848454673871615,-4.056564753074036,6.887586956811335,7.993408014327821,-28.443614422722607,8.53028244829814,36.97389687102075,5.068801498000494,6.087986296722879,7.921889028206442,-7.359624528214194,25.26155106634984,32.621175594564036,14.358477439197177,7.265834353796982,16.09217894595852,5.355358116622611,39.17144333266387,33.81608521604126,-1.6224059690068156,2.7111287036862532,3.159496791614204,-9.31115334406455,4.580902767618354,13.892056111682905,-0.37521316134197896,2.953617449019388,2.9773546902571146,-7.808307084270189,4.252066072502401,12.06037315677259,-0.6766454018181557,3.7134786498615666,3.7746221907337083,-11.29561585713089,3.789948355000008,15.085564212130897,4.7330527692439555,3.2700221855742746,5.752810931240121,0.5910992340848538,12.757256931048449,12.166157696963595,0.4999999998435669,0.6797806017636417,1,2,8.057135966079455,3.868748981077184,Freestyle_1526810977061.csv,4,test,55.0000000171875,56.96666668446875,55.983333350828126,1.0,1
-9.860931146698062,7.8255904109042795,12.588797732871754,-45.41532275788593,7.434534460336307,52.84985721822224,-3.800349694494304,7.324822483087545,8.252010797932085,-28.443614422722607,14.6495414583836,43.093155881106206,5.2716476623274255,6.4580602152350215,8.336474723726068,-7.359624528214194,29.10291273450349,36.46253726271769,14.836190984583324,8.715374831677456,17.20669408653703,4.68434224685931,56.61900474170923,51.934662494849924,-1.4790719572031454,2.817109498493791,3.181785627770778,-9.31115334406455,4.502456911153079,13.813610255217629,-0.19997350124734226,2.9365872836968823,2.9433882305892562,-7.808307084270189,4.252066072502401,12.06037315677259,-0.39732612209317936,3.518055272618557,3.54042101288771,-11.29561585713089,3.789948355000008,15.085564212130897,4.685052332624151,3.061398315497327,5.596594947426236,0.6763905251638346,12.757256931048449,12.080866405884615,0.4999999998435669,0.6242530842728798,1,3,3.20486152965685,5.252118839135247,Freestyle_1526810977061.csv,4,test,56.0000000175,57.96666668478125,56.98333335114063,1.0,1
-10.32476126939033,8.200886651198482,13.18541759428605,-45.41532275788593,7.434534460336307,52.84985721822224,-3.8708002069486644,7.291121464554411,8.254910444880664,-23.33668999337701,14.6495414583836,37.98623145176061,4.872002112457431,6.762015982461296,8.334342489414006,-10.029372831326212,29.10291273450349,39.132285565829704,15.33653718488912,8.73216327699345,17.648230741906104,3.3754883180310222,56.61900474170923,53.24351642367821,-1.637483823448707,2.8403436753759785,3.2785523430783465,-9.392737629578033,4.502456911153079,13.895194540731111,-0.09421393091047028,2.9104039675245357,2.911928487954359,-8.402706622716417,5.578347293905918,13.981053916622336,-0.6658698864277716,3.6726216832306795,3.732496849802754,-11.867623335360024,4.056839586308598,15.924462921668622,4.76643863946609,3.23122707578047,5.758451677235136,0.6763905251638346,13.797943647087529,13.121553121923695,0.4999999998435669,0.5793553727972061,2,2,4.730000352182144,5.851732524979507,Freestyle_1526810977061.csv,4,test,57.0000000178125,58.96666668509375,57.983333351453126,1.0,1
-9.303670958994552,7.500171876613817,11.95035026649794,-26.57460656342931,2.37828944507983,28.95289600850914,-4.124284318908077,7.093157608346662,8.205035405166585,-23.33668999337701,11.444018108222773,34.780708101599785,4.574177693936332,6.235819749477795,7.7335987433847375,-13.378173426615133,16.949440501216625,30.327613927831756,14.875897940603846,6.974932793686617,16.42991256871766,3.3754883180310222,36.05680920782303,32.681320889792005,-1.3844394271141771,2.768507647000488,3.09536865637171,-9.392737629578033,3.123309723454762,12.516047353032794,-0.11052349817237274,2.8880074915400957,2.8901215744047817,-8.402706622716417,5.578347293905918,13.981053916622336,-0.5887348700229293,3.6065872641936427,3.654323527196887,-11.867623335360024,4.056839586308598,15.924462921668622,4.494953167054552,3.3292020517083865,5.5935847428203935,0.28834205265368784,13.797943647087529,13.50960159443384,0.4999999998435669,0.6261409163327776,2,1,2.887652051177305,11.775591241541303,Freestyle_1526810977061.csv,4,test,58.000000018125,59.96666668540625,58.98333335176562,1.0,1
-10.536505280931332,10.660706359494197,14.988949383410898,-68.3866189764962,2.37828944507983,70.76490842157602,-4.1473769780542185,6.723098072857992,7.89941665538418,-22.06870516136239,11.444018108222773,33.512723269585166,6.529765083756057,11.669611832138786,13.372272520474347,-13.378173426615133,81.27794114957577,94.6561145761909,16.839441293428994,13.502602578792237,21.584417052022697,5.331335876773189,106.35161186658763,101.02027598981444,-1.3799927095494904,2.8659977122648437,3.18093111605974,-8.568402548103064,3.123309723454762,11.691712271557826,-0.24683340197735673,3.0833031712439736,3.0931674985578876,-9.749203988297667,4.059872328153929,13.809076316451597,-0.3133035982455878,3.353874145821277,3.368476054639848,-8.929229451841447,5.338264204734034,14.267493656575482,4.56872729422671,3.1873766299139854,5.5706946487789075,0.28834205265368784,12.691831477223934,12.403489424570246,0.4999999998435669,0.5520336127974982,2,2,3.8180567967510477,6.297651492204029,Freestyle_1526810977061.csv,4,test,59.0000000184375,60.96666668571875,59.98333335207812,1.0,1
-10.393594772777272,10.375386785515234,14.685893341902874,-68.3866189764962,5.865857431545405,74.2524764080416,-3.8270012368065633,6.69279363021411,7.709696819146234,-22.06870516136239,10.77915618382456,32.84786134518695,7.237897689503581,11.429454675787962,13.528473570570059,-12.367087121490078,81.27794114957577,93.64502827106584,16.776860297744882,13.29178106923466,21.404076374431888,3.7655153699743065,106.35161186658763,102.58609649661332,-1.3800239577637208,2.5900138532954644,2.9347296100772664,-8.568402548103064,3.8439984831793255,12.41240103128239,-0.2693686421962474,3.156329831223848,3.167803256023362,-9.749203988297667,4.059872328153929,13.809076316451597,-0.3010513552132544,3.3482163197019976,3.3617234332994324,-8.929229451841447,5.338264204734034,14.267493656575482,4.358211383075101,3.309802612780043,5.472549661275903,0.4761777995679933,12.691831477223934,12.21565367765594,0.4999999998435669,0.5580786180433078,1,1,2.324164114128176,13.52734206612203,Freestyle_1526810977061.csv,4,test,60.00000001875,61.96666668603125,60.98333335239063,1.0,1
-9.584809237229473,7.2874037392800455,12.040549047836326,-27.435092510967507,5.865857431545405,33.300949942512915,-3.80052256343677,7.166801346592328,8.112152198813185,-21.08488535313248,10.779981275763689,31.86486662889617,5.995779973179353,6.499696933790746,8.842818426152796,-10.907838847211512,18.15460631174997,29.06244515896148,15.754933033719919,6.384305560589196,16.999331527679825,3.7655153699743065,32.400474927607355,28.63495955763305,-1.4260430882162731,2.2034436586581805,2.6246452800960274,-7.812949360757706,3.8439984831793255,11.656947843937031,-0.4165456280146124,3.2003116478659814,3.227306137273742,-10.530969237605907,3.7781380778243623,14.30910731543027,-0.16460556031634982,3.357447127989915,3.3614797645880286,-9.960728786744856,4.831678246244632,14.792407032989487,4.193685241682382,3.319159238639401,5.348253355792889,0.4761777995679933,13.78217594369839,13.305998144130395,0.4999999998435669,0.5091978655910089,2,2,4.148763667853334,6.957911504719938,Freestyle_1526810977061.csv,4,test,61.0000000190625,62.96666668634375,61.98333335270313,1.0,1
-9.940585707559018,6.856994650384235,12.076159151183981,-27.435092510967507,5.470819511137852,32.90591202210536,-4.408944993420159,7.168876834026764,8.41615060561836,-21.08488535313248,10.779981275763689,31.86486662889617,5.483713814220064,6.389399380415091,8.419949028273074,-10.907838847211512,18.15460631174997,29.06244515896148,15.68079231363111,6.4555019105147124,16.957616356666747,4.979081742455295,32.400474927607355,27.42139318515206,-1.5068154089430084,2.1491460481214366,2.6247516859284183,-7.812949360757706,1.5619128902163453,9.37486225097405,-0.25936498966196636,3.2328165680970584,3.2432041503465663,-10.530969237605907,4.505029629631088,15.035998867236994,-0.13193167929598873,3.3590499373842646,3.3616398453497496,-9.960728786744856,4.831678246244632,14.792407032989487,4.216543519144868,3.305915572819392,5.358014279885073,0.3632052699969301,13.78217594369839,13.418970673701459,0.4999999998435669,0.5141762730089595,1,1,2.498670486811215,13.97070066766017,Freestyle_1526810977061.csv,4,test,62.000000019375,63.96666668665625,62.983333353015624,1.0,1
-10.521323548510916,7.8852270234333135,13.148195861924684,-39.68593590514252,5.470819511137852,45.156755416280376,-3.823975223606165,7.075103579100722,8.042380068472124,-21.8810618056144,11.76425308212439,33.64531488773879,6.405140831157937,8.099522671401266,10.326088154354954,-12.326946620614873,43.07138188191764,55.39832850253251,16.267095967432137,8.919900052531634,18.552170443395585,4.157288277984661,60.09765206591995,55.94036378793529,-1.4008962188185878,2.4512140175681156,2.823288928859857,-7.979549064819511,3.0095832178637596,10.98913228268327,-0.38047195115681276,3.3270139633621927,3.34869837668669,-10.671074186976966,4.505029629631088,15.176103816608055,-0.22760356618482167,3.5485811201867743,3.555872797202688,-9.490735524688986,5.230306087216899,14.721041611905886,4.397763009300997,3.5339288416373953,5.641717162684849,0.3632052699969301,14.056623713948229,13.693418443951298,0.4999999998435669,0.5132350823150454,2,2,3.8113125215797568,6.606714225480884,Freestyle_1526810977061.csv,4,test,63.0000000196875,64.96666668696875,63.98333335332812,1.0,1
-10.811556743112472,8.097879216594363,13.507975681651626,-39.68593590514252,1.376726861946106,41.062662767088625,-4.80876520766894,7.571179520284239,8.969224166607654,-25.86331759812674,11.76425308212439,37.62757068025113,6.444247155760271,7.935759423638633,10.222749093780681,-12.326946620614873,43.07138188191764,55.39832850253251,16.692660359800527,9.421893563063023,19.168124274465256,4.157288277984661,60.09765206591995,55.94036378793529,-1.457071742117255,2.499517166584779,2.893206547712868,-7.979549064819511,3.0095832178637596,10.98913228268327,-0.2742883050051639,3.3749032805591677,3.3860310434772503,-10.671074186976966,4.239519481357934,14.9105936683349,-0.41866356849946446,3.549583160882657,3.5741879916437553,-9.490735524688986,5.230306087216899,14.721041611905886,4.430559087946826,3.602889995953589,5.710575291048238,0.21223830997042192,14.056623713948229,13.844385403977807,0.4999999998435669,0.554366351037909,0,2,0.0,8.44324792785174,Freestyle_1526810977061.csv,4,test,64.00000002,65.96666668728125,64.98333335364063,0.55,0
-5.845215488616298,5.981174878961156,8.363073420763198,-21.714869918690813,7.668455927491365,29.383325846182178,-2.955449122172924,6.777276913190072,7.393656867329714,-25.86331759812674,10.944751952929783,36.808069551056526,2.2814734722185914,7.765111475744042,8.093335371475035,-16.188923417223815,12.123165470187576,28.31208888741139,12.622878533338723,5.547267244385579,13.788010601535548,4.92138509836035,35.238860839666316,30.317475741305966,-1.7253461413571574,3.4134973805509317,3.824759296285729,-17.814486286837802,1.3849764083092149,19.199462695147016,1.0984386748139907,1.6625480732587428,1.9926448801087147,-1.475318968789554,4.43992817558566,5.915247144375214,0.3570056436959766,1.8296907607296886,1.8641945471249415,-4.31098391691934,4.110574388685583,8.421558305604922,3.4673928619421486,3.170461377028678,4.698365524549782,0.21223830997042192,17.88183337576522,17.669595065794795,0.4999999998435669,0.680616837631486,3,2,3.0120804132663466,1.530025911888937,Freestyle_1526810977061.csv,4,test,65.0000000203125,66.96666668759374,65.98333335395313,0.05,0
-4.909175940539001,6.125069022053132,7.849616483630388,-20.327034613475053,7.668455927491365,27.99549054096642,3.787010353514696,7.713122548456303,8.592654238658307,-16.326302904828847,16.08133627623403,32.407639181062876,-1.5305261845642002,6.0133404727598325,6.205060357721599,-16.188923417223815,10.189807790488963,26.37873120771278,12.223131361652827,4.9545958022791,13.18912278539337,6.036386061470167,26.494064931529905,20.457678870059738,-1.2251812867682097,3.9223469586461066,4.109242612629165,-17.814486286837802,6.600977482288504,24.415463769126305,0.995397633533678,1.8575645560589775,2.1074540395394235,-2.051736450277859,5.0537063094152295,7.105442759693089,0.47232114158974453,1.9846295971673982,2.0400592880466655,-4.31098391691934,4.110574388685583,8.421558305604922,4.025543095552162,3.046979170066016,5.048671040676336,0.2966016822054095,17.88183337576522,17.58523169355981,0.9999999996871338,0.6845818785797457,2,1,4.766749207389099,5.915247144375214,Freestyle_1526810977061.csv,4,test,66.000000020625,67.96666668790625,66.98333335426562,0.0,0
-3.64900912798995,4.818886026783472,6.044578575490849,-20.327034613475053,4.8863220449447695,25.213356658419823,6.21126711688928,4.906495585163419,7.915398797570352,-3.5620883720718495,16.08133627623403,19.643424648305878,3.8377311240203054,5.112216137930458,6.392412222407967,-5.8507196238991215,9.93806747963649,15.788787103535611,11.08730164471005,4.138253803267953,11.834416010139746,5.4574524798326,25.54059199313647,20.08313951330387,-0.237264448667614,2.2192369002327292,2.23188414528087,-3.071613555911409,6.600977482288504,9.672591038199913,0.1168579208720572,1.5763977789785166,1.5807231671734747,-2.051736450277859,5.0537063094152295,7.105442759693089,-0.04157368838584848,1.2295067720663306,1.2302094431937074,-3.6329160985159454,2.831785069034829,6.464701167550775,2.3944877658011774,1.8055016429642259,2.998901105958319,0.2966016822054095,7.514808267098221,7.218206584892812,0.4999999998435669,0.6088591342692428,1,2,3.572524584748672,1.3916269851262457,Freestyle_1526810977061.csv,4,test,67.0000000209375,68.96666668821875,67.98333335457812,0.05,0
-7.6014614359401245,5.9192927266478295,9.63432625282281,-20.656119375209343,0.3650070835385859,21.02112645874793,0.26494893310534995,7.031523317333881,7.03651320608181,-18.843219663419468,12.35018889238946,31.19340855580893,6.671005593882978,3.0443057315704403,7.332810717650541,-0.5643295514850853,14.444492903187516,15.008822454672602,13.191112560671296,4.700789601522822,14.003673570391634,5.4574524798326,27.44710621240296,21.98965373257036,-1.3550034073022996,2.0599390187087945,2.465640483647159,-7.767655828974117,3.173753872761242,10.94140970173536,-0.02122326892443024,2.6570452133272,2.657129972885938,-7.677548676514409,4.309992983959939,11.987541660474347,0.2613799390293928,2.1179115218681583,2.133979542307964,-7.46508658671384,4.4611399697867835,11.926226556500623,3.4381196171220503,2.4234118248366388,4.206375087221481,0.34590277457159213,10.512977055535067,10.167074280963476,0.4999999998435669,0.47141204628620437,1,1,5.890577871528369,1.5118098012454375,Freestyle_1526810977061.csv,4,test,68.00000002125,69.96666668853125,68.98333335489062,0.55,0
-8.9101646887051,9.905580022281288,13.323346064621509,-62.48307215632434,12.37999905878884,74.86307121511318,-3.3697272172182315,6.6268902891255586,7.434429125532637,-18.843219663419468,11.863577340702818,30.706797004122286,7.838723421918877,9.728146960783741,12.493295328933257,-13.050958401302116,72.86156810593816,85.91252650724027,15.958538857084879,11.58403006311236,19.71965301307756,8.176935836220435,96.59943637539641,88.42250053917597,-1.0209906214621858,2.744335830270787,2.9281053598567444,-9.048919081488098,3.4552256650156283,12.504144746503727,-0.3401300838164827,3.0019081890353965,3.0211158947175103,-7.677548676514409,4.309992983959939,11.987541660474347,-0.37317923823338844,3.125558993340702,3.1477582125540384,-9.333467424923734,4.4611399697867835,13.794607394710518,4.212704615847047,3.1404528068510995,5.254457537409354,0.46788990041485845,11.472470933818926,11.004581033404067,0.4999999998435669,0.547438684456852,1,1,4.195548153890728,8.502212380648935,Freestyle_1526810977061.csv,4,test,69.0000000215625,70.96666668884374,69.98333335520311,1.0,1
-8.74077592826553,10.07012927325613,13.334491644162375,-62.48307215632434,12.37999905878884,74.86307121511318,-4.710610322121098,7.174280653897934,8.582549301213946,-24.856405051910315,12.413655899939886,37.2700609518502,7.1042972892296365,10.28528437556792,12.500324582188142,-13.050958401302116,72.86156810593816,85.91252650724027,15.762727134302503,12.619959107128079,20.192249368905422,3.776748969689347,96.59943637539641,92.82268740570706,-1.429575556036736,2.874512928172679,3.2103754990109197,-11.341096972765822,3.4552256650156283,14.79632263778145,-0.45451875335998043,2.8785821395841023,2.9142447446102566,-7.53358761506914,4.63254782777029,12.16613544283943,-0.20263317993378324,3.077787391855876,3.084450588853235,-9.333467424923734,5.094638658691072,14.428106083614807,4.243631880336964,3.2101023621378406,5.321012000664458,0.46788990041485845,11.90508776493044,11.437197864515582,0.4999999998435669,0.5944853016347699,1,0,10.508906885943965,0.0,Freestyle_1526810977061.csv,4,test,70.000000021875,71.96666668915626,70.98333335551563,1.0,1
-8.743085976464567,7.326495325099648,11.406975328304975,-30.759824453296304,4.104229101933526,34.86405355522983,-5.455106104544479,7.020463910173396,8.890730910666768,-24.856405051910315,12.413655899939886,37.2700609518502,5.963102380558363,6.033474442489057,8.483006769370721,-12.782036737289577,19.21250999580231,31.994546733091887,15.087669435821166,7.313536566601775,16.76680011557463,3.776748969689347,38.69144982501775,34.914700855328405,-1.4495303048592227,2.732638686016116,3.0932914982292177,-11.341096972765822,2.383700664633064,13.724797637398886,-0.4458572663402137,3.002360290564707,3.035285162271933,-7.562818800827364,4.63254782777029,12.195366628597654,-0.4660624863300126,3.327918497810312,3.3603951805155527,-9.835688299537749,5.094638658691072,14.930326958228822,4.291460611462796,3.4142392855247903,5.48394603169629,0.21648638627388994,12.211181624889296,11.994695238615407,0.4999999998435669,0.5551571468425743,1,1,4.621511461106277,8.219752813726307,Freestyle_1526810977061.csv,4,test,71.0000000221875,72.96666668946875,71.98333335582814,1.0,1
-8.325725405311557,6.903930410959397,10.815819832265158,-30.759824453296304,4.104229101933526,34.86405355522983,-4.43387575642046,6.715299393220063,8.047018091439515,-26.097888155502,7.881788899491415,33.97967705499342,5.5470116714100355,6.599215693110758,8.620846028491545,-12.782036737289577,19.21250999580231,31.994546733091887,14.471874373133208,6.827905768475711,16.001732564161095,4.746156520648958,38.1071119373237,33.36095541667474,-1.2945423984508102,2.2863745248814324,2.6274224040708742,-7.522403664235315,2.3445889087294787,9.866992572964794,-0.04275404900745185,2.325745759551082,2.3261386989550665,-7.562818800827364,4.203073918390457,11.76589271921782,-0.1939410075616235,3.4839338129948336,3.4893277185931875,-9.835688299537749,5.277266863685273,15.11295516322302,3.8640507330610707,3.0917292242793315,4.948704645049316,0.21648638627388994,12.211181624889296,11.994695238615407,0.4999999998435669,0.5852458184105227,1,1,7.390399812997661,2.7587906701612845,Freestyle_1526810977061.csv,4,test,72.0000000225,73.96666668978125,72.98333335614063,1.0,1
-9.262125888572173,7.279611941154084,11.780480719798831,-33.30964781269521,7.036592628584127,40.346240441279335,-4.620695731282177,6.7104012197270375,8.147411464434791,-26.097888155502,7.881788899491415,33.97967705499342,5.560658954024063,7.180339933842708,9.081751459300364,-19.55414746705044,19.35861423458124,38.91276170163168,15.451503256235519,6.992088118109134,16.95990121223764,4.746156520648958,38.1071119373237,33.36095541667474,-1.5290912457655024,2.6183625015029763,3.0321514189026937,-11.071334341283588,2.560066124379403,13.631400465662992,-0.5949716814604477,3.2803560749842418,3.333875714603934,-10.72905380197808,4.203073918390457,14.932127720368538,-0.12823670744451351,3.335739068979231,3.338203077922408,-9.289515977711964,5.277266863685273,14.566782841397238,4.424486859512317,3.4461841690532125,5.608232279161603,0.21232752197454846,13.790926873927766,13.578599351953217,0.4999999998435669,0.5741547380302645,2,1,3.2149798082487773,11.405716140541,Freestyle_1526810977061.csv,4,test,73.0000000228125,74.96666669009375,73.98333335645313,1.0,1
-9.482435787244622,7.502692053262223,12.091607689025544,-33.30964781269521,7.036592628584127,40.346240441279335,-3.957623103033987,6.511867106991389,7.620183320943451,-22.300850533680045,7.979854807824647,30.280705341504692,5.737431731344698,6.5272823389399734,8.690427929859306,-19.55414746705044,19.35861423458124,38.91276170163168,15.320732405753839,6.713632884321969,16.72715480750283,4.855554674111278,33.52833544079161,28.67278076668033,-1.4907664351613439,2.968516207332723,3.3218177309119046,-11.071334341283588,4.432242687283292,15.50357702856688,-0.4176050909448409,3.5272398690047653,3.5518748718782027,-10.72905380197808,4.656346356035109,15.38540015801319,-0.31587003787335594,3.0254478734428254,3.0418922919370157,-9.289515977711964,3.754797692363583,13.044313670075548,4.495318322950795,3.5630759231272635,5.736148259819157,0.21232752197454846,13.790926873927766,13.578599351953217,0.4999999998435669,0.5494219240374459,2,1,6.402879429074946,5.1189207849869724,Freestyle_1526810977061.csv,4,test,74.000000023125,75.96666669040626,74.98333335676563,1.0,1
-10.158599398609528,6.4166101247563825,12.01540790961988,-24.64408282447543,0.0724707274001713,24.716553551875602,-3.5772286806761615,6.581453694388247,7.490800876089874,-22.300850533680045,7.979854807824647,30.280705341504692,4.9049993071890565,4.47746890964642,6.641290991996619,-4.665237098903635,12.680768427338094,17.34600552624173,14.327055103786645,6.27091405563983,15.63933729542784,4.855554674111278,33.28165992394114,28.426105249829863,-1.6809133378812782,2.424429203187101,2.950140100187383,-8.610187014339383,4.432242687283292,13.042429701622675,0.05261279726815856,3.0711907088278116,3.0716413326471983,-8.581669295801182,4.656346356035109,13.238015651836292,-0.41626248809087474,3.7931060853167504,3.8158784353617143,-12.727755402477662,3.754797692363583,16.482553094841244,4.664084627053709,3.3084059473257086,5.718324520400958,0.5830736657233073,14.532933808594098,13.94986014287079,0.4999999998435669,0.5749063098592332,1,1,5.1500466327643295,10.884300006127756,Freestyle_1526810977061.csv,4,test,75.0000000234375,76.96666669071875,75.98333335707812,1.0,1
-11.095981669496464,6.453042684794548,12.835987266337638,-24.64408282447543,0.0724707274001713,24.716553551875602,-4.999628812081634,7.458265334573375,8.978976002835498,-27.303731410080033,8.565014827747682,35.868746237827715,3.8189703977580876,5.412881283766257,6.624486296393073,-6.461605046484114,13.307219270864367,19.768824317348482,15.694648030968846,6.553351893205719,17.007892222500036,6.465923093756283,33.38439990793461,26.918476814178327,-1.4702666526084451,2.9460384441272587,3.2925410466762908,-8.453572957159235,5.106192223669302,13.559765180828537,-0.8174352263215916,3.5856878447056575,3.6776837369329805,-8.581669295801182,4.752511515520284,13.334180811321467,-0.9896969337037252,3.8342638601899672,3.959934263361126,-12.727755402477662,2.750455110910173,15.478210513387836,5.232403391314217,3.559384544223123,6.3282907315554775,0.5830736657233073,14.532933808594098,13.94986014287079,0.4999999998435669,0.7601101795389794,1,1,13.051238047338412,1.9663106027034587,Freestyle_1526810977061.csv,4,test,76.00000002375,77.96666669103125,76.98333335739062,1.0,1
-10.489585361421288,6.507701627329482,12.34429348018308,-22.300938663650108,5.067468294678855,27.36840695832896,-3.7988094325806214,7.877226950782876,8.745379210714855,-27.303731410080033,16.364437994462982,43.668169404543015,4.165893351546788,6.160096574609679,7.436494955621206,-6.461605046484114,21.664336988243004,28.125942034727117,15.47759916803637,6.678968504392993,16.857185301498994,5.351406907896059,33.38439990793461,28.032993000038548,-1.1731031068432825,3.3394410797542258,3.5394968038459123,-8.453572957159235,6.9402540249074685,15.393826982066702,-0.21202740598397732,3.2229804863044325,3.2299471878015975,-8.298726531818128,4.752511515520284,13.051238047338412,-0.49952819283771005,3.4296400815667085,3.4658273910465605,-11.32646748706831,2.750455110910173,14.076922597978484,5.002821365582864,3.153463865183663,5.913759883944519,0.9988736510209628,13.057863638482988,12.058989987462025,0.4999999998435669,0.7447083675342842,1,2,1.752280825116336,6.992745862352492,Freestyle_1526810977061.csv,4,test,77.0000000240625,78.96666669134375,77.98333335770312,1.0,1
-10.547700646956798,6.493391873141726,12.386207125508433,-25.70044139408696,5.067468294678855,30.767909688765812,-4.357890208622616,7.191517445450042,8.408872114536003,-27.474127420537627,16.364437994462982,43.83856541500061,3.958800438078579,6.000921501698303,7.1891000673294405,-9.930896822802993,21.664336988243004,31.595233811045997,15.186992609152618,6.720541084037573,16.60754096706352,5.351406907896059,35.55937742099456,30.2079705130985,-1.5181563891056646,3.0734096106695077,3.4279214484491978,-9.18383110580688,6.9402540249074685,16.12408513071435,-0.6585900547105027,3.226806072492003,3.2933293624590374,-7.777713789433407,4.576626949821402,12.354340739254809,-1.1638036764519726,4.066010815353622,4.229288704722788,-11.32646748706831,3.453400083106392,14.779867570174702,5.399827728890767,3.3653242329040194,6.362668205577646,0.9988736510209628,13.057863638482988,12.058989987462025,0.4999999998435669,0.7725150087544398,1,2,11.297358615210644,3.7253687813655505,Freestyle_1526810977061.csv,4,test,78.000000024375,79.96666669165624,78.98333335801561,1.0,1
-9.854542097271132,7.603420171867901,12.44684692027891,-39.72858833002144,8.744499380658745,48.47308771068018,-4.337972475015361,7.304275107229997,8.495318713037827,-27.474127420537627,10.984259707572107,38.458387128109734,4.850303893594339,7.309773396199779,8.772584280815227,-9.930896822802993,39.822068636761465,49.75296545956446,15.05198410880612,8.802865876815446,17.437106217975323,5.670364954945687,61.479378716241946,55.80901376129626,-1.4243433480706165,3.0114332045118255,3.331288627307663,-9.18383110580688,5.791101082255344,14.974932188062223,-0.36562838576206097,3.019681701742228,3.0417366250732183,-7.777713789433407,4.576626949821402,12.354340739254809,-0.5737184743322874,3.245267617337711,3.295590204490077,-10.120599201464618,3.453400083106392,13.57399928457101,4.671710940573908,3.063605277837566,5.5866412459251515,0.402941176175654,11.826063132903721,11.423121956728068,0.4999999998435669,0.6161128168651178,1,2,1.715543902105503,6.813229099478369,Freestyle_1526810977061.csv,4,test,79.0000000246875,80.96666669196875,79.98333335832812,1.0,1
-10.0510907650897,7.924258653500128,12.799152345981476,-39.72858833002144,8.744499380658745,48.47308771068018,-4.156329284798875,7.287751264261705,8.389659803199699,-25.61874881064404,10.984259707572107,36.60300851821614,5.150232844348495,7.672425777063399,9.240725926871377,-8.608287430452847,39.822068636761465,48.43035606721431,15.4232331916245,9.039888603373006,17.877239944818687,4.3977663563977165,61.479378716241946,57.08161235984423,-1.5466552610631419,2.5294493574522643,2.9648366815880376,-6.716119451529664,5.791101082255344,12.50722053378501,-0.15182830832889938,3.0407113068717972,3.044499480530093,-9.323473080529476,4.8585204601235255,14.181993540653002,-0.23782242615043794,3.3842930653779364,3.3926389520173332,-11.365336339429945,3.8863741152654288,15.251710454695374,4.438526196032802,3.1414515596000885,5.437759896702248,0.402941176175654,13.94772482769241,13.544783651516756,0.4999999998435669,0.5720748734483944,2,3,4.453130359330771,3.818637502278851,Freestyle_1526810977061.csv,4,test,80.000000025,81.96666669228125,80.98333335864064,1.0,1
-9.695961108321415,9.440446260118742,13.53268958501123,-53.73793040246736,4.550447854462213,58.288378256929576,-4.252724070336754,7.9507973484536585,9.016697870872646,-25.61874881064404,26.615137613208816,52.23388642385285,5.267296341222244,8.632486294625274,10.112577830263973,-8.608287430452847,52.75072313527603,61.35901056572888,15.792232954715388,10.830703420185527,19.149380101507653,4.380709783104764,78.66173523793016,74.2810254548254,-1.2752063904444422,2.2681261025043025,2.6020275469509735,-7.390374124981237,2.664969909404447,10.055344034385683,-0.1367751644052551,3.01043929219576,3.0135447860607933,-9.323473080529476,4.8585204601235255,14.181993540653002,-0.2814441788768133,3.3861727632247143,3.397848850115105,-11.365336339429945,3.8863741152654288,15.251710454695374,4.02524570712911,3.345859133040886,5.2342503131694444,0.22083216707618747,13.94772482769241,13.726892660616222,0.4999999998435669,0.5520324944301725,2,1,2.0493141420195444,12.639051800150463,Freestyle_1526810977061.csv,4,test,81.0000000253125,82.96666669259375,81.98333335895313,1.0,1
-9.756248045046297,9.412961067499134,13.556851108377789,-53.73793040246736,4.550447854462213,58.288378256929576,-4.272403067125508,8.331775981731594,9.363328413429858,-28.641619056818733,26.615137613208816,55.25675667002755,6.347728977739741,8.260878810256314,10.418050772221193,-8.448505829346097,52.75072313527603,61.19922896462213,16.118050405735836,10.963775078101722,19.493483856023417,4.380709783104764,78.66173523793016,74.2810254548254,-1.101324349898969,2.4555301424982643,2.6911974294722287,-7.390374124981237,2.707917385546332,10.09829151052757,-0.12388075098900743,3.1957391293165234,3.198139306395256,-9.414475211185808,5.1708982548326645,14.585373466018472,-0.19654777566091344,3.476276663945525,3.4818286104300835,-8.78646098899325,5.924061398853161,14.71052238784641,4.331176254448629,3.2916077155119963,5.4400155422496494,0.22083216707618747,12.504278051472054,12.283445884395867,0.4999999998435669,0.539170663244546,1,2,6.323056373097259,3.368915746263288,Freestyle_1526810977061.csv,4,test,82.000000025625,83.96666669290624,82.98333335926563,1.0,1
-9.423782285444494,8.079854785274469,12.413368838255803,-31.98548252687646,5.228543900833856,37.214026427710316,-4.47659533827945,7.105484801186867,8.398084310281892,-28.641619056818733,10.77730191169377,39.4189209685125,6.080417979547158,6.593186174015232,8.968923387521265,-11.185576185533648,22.24371527533015,33.429291460863794,15.658282919640317,7.73817218320382,17.46599933380306,6.128487512381739,40.21242443354756,34.08393692116582,-1.3715969776273285,2.4751998935329667,2.829822040691258,-8.35632118942275,2.707917385546332,11.064238574969082,-0.38465963173704465,3.1397132244472723,3.163188607095247,-9.414475211185808,5.1708982548326645,14.585373466018472,-0.38648286868009873,3.472961240351273,3.4943996315197623,-8.78646098899325,5.924061398853161,14.71052238784641,4.273685893476098,3.4583366832493416,5.497679849791606,0.3446343077098241,12.504278051472054,12.15964374376223,0.4999999998435669,0.5272343352041019,1,1,1.6329939869587395,11.84355966539185,Freestyle_1526810977061.csv,4,test,83.0000000259375,84.96666669321876,83.98333335957813,1.0,1
-9.222515882933568,7.926296635507542,12.160632284754774,-31.98548252687646,5.228543900833856,37.214026427710316,-4.231959215662989,6.804954319566855,8.013543666470314,-20.56090139515584,14.02060330339082,34.58150469854666,6.281176709354203,6.269344940212132,8.874562909433747,-11.185576185533648,22.24371527533015,33.429291460863794,15.463575126985846,7.192605284944282,17.054492853583888,6.128487512381739,40.21242443354756,34.08393692116582,-1.2691157604428243,2.569841115012101,2.8661364534528024,-9.65813254128418,3.2387350710755345,12.896867612359715,-0.15491057783293236,3.2449275489757023,3.248623106059857,-10.53330570781645,3.854182398523227,14.387488106339676,-0.18703413539780214,3.290446837321147,3.295758206701569,-9.329429455174742,5.385210765475401,14.714640220650143,4.189078875836854,3.475907159878582,5.443373256729484,0.3446343077098241,13.529970354376612,13.185336046666787,0.4999999998435669,0.4738025714996287,1,2,5.9658342616511275,3.10452644814188,Freestyle_1526810977061.csv,4,test,84.00000002625,85.96666669353125,84.98333335989062,1.0,1
-9.320446158472075,8.26452647703265,12.45685010275674,-37.32178907978795,4.593273084338505,41.915062164126454,-4.2527656380313426,6.938975100161418,8.138512825613798,-20.56090139515584,16.16206534069567,36.722966735851514,6.796222266154152,8.222472700269657,10.667600217370786,-10.550910525357756,50.724572609605445,61.2754831349632,16.003960839033116,8.892661994902006,18.308637303002104,4.909621737711608,63.1526586077501,58.24303687003849,-1.4053536807207572,2.5814510431811155,2.9392020101136715,-9.65813254128418,3.2387350710755345,12.896867612359715,-0.35789771505233864,3.278520067717503,3.2979970601663773,-10.53330570781645,3.854182398523227,14.387488106339676,-0.3875761422795925,3.3829976945041444,3.4051268209986967,-9.329429455174742,5.385210765475401,14.714640220650143,4.300446610613322,3.5520051634916574,5.577686055364446,0.49013524762479616,13.529970354376612,13.039835106751816,0.4999999998435669,0.45211872104368256,0,2,0.0,6.897135807978232,Freestyle_1526810977061.csv,4,test,85.0000000265625,86.96666669384375,85.98333336020312,1.0,1
-9.604922470705237,8.56581634607352,12.869644336302331,-37.32178907978795,4.593273084338505,41.915062164126454,-4.191555326747829,7.053920655865088,8.205299060755085,-25.90553816336466,16.16206534069567,42.06760350406033,6.857118037737175,8.33817946133384,10.795615059498461,-10.550910525357756,50.724572609605445,61.2754831349632,16.29832208070834,9.157766096909873,18.694918628659952,4.909621737711608,63.1526586077501,58.24303687003849,-1.4565791698848842,2.5675617245294164,2.951947846323002,-8.607093255175972,2.486706650443532,11.093799905619504,-0.05786697622811987,3.109903410095792,3.1104417382524976,-11.09635720943305,4.14851805351266,15.24487526294571,-0.022668135216489516,3.1443828281069264,3.1444645353458682,-9.198135641392442,6.358584392536762,15.556720033929203,4.131409630237381,3.3478284866020176,5.317565336554139,0.49013524762479616,13.627768169628352,13.137632922003556,0.4999999998435669,0.4680820085956303,1,2,9.80594166602907,2.0409863887599116,Freestyle_1526810977061.csv,4,test,86.000000026875,87.96666669415625,86.98333336051562,1.0,1
-10.339462541457255,9.40610576081465,13.977814966218013,-53.96668118209117,6.975770531507079,60.94245171359825,-4.545045618519224,6.935312329156763,8.291923587285075,-25.90553816336466,11.561080430110485,37.46661859347515,6.680748796653492,9.722941256511255,11.796948383440343,-11.060616739606075,64.47243018967585,75.53304692928192,16.707643641956302,11.142618323453231,20.082412682961145,4.3133638811736335,84.0849519534746,79.77158807230097,-1.4558032244172128,2.5155642420255138,2.9064456788285153,-8.607093255175972,2.486706650443532,11.093799905619504,-0.2946071976611489,3.3460469427367445,3.3589914474305633,-11.09635720943305,4.14851805351266,15.24487526294571,-0.2582646945331083,3.5622629621144677,3.5716128098794284,-9.198135641392442,6.358584392536762,15.556720033929203,4.465160838548993,3.5424577312193724,5.699707719838575,0.45635610886674344,13.627768169628352,13.17141206076161,0.4999999998435669,0.5185375392553534,1,2,1.6877209279959393,7.283750182184772,Freestyle_1526810977061.csv,4,test,87.0000000271875,88.96666669446876,87.98333336082813,1.0,1
-10.528743477199527,9.386022768254495,14.105029692094353,-53.96668118209117,6.975770531507079,60.94245171359825,-4.415748489792116,7.4139486566281345,8.62933771550398,-25.30007441901915,11.561080430110485,36.86115484912963,5.776832484496978,9.655055139385144,11.251305848589622,-11.060616739606075,64.47243018967585,75.53304692928192,16.486145503874837,11.323260208378917,20.000230381712854,4.3133638811736335,84.0849519534746,79.77158807230097,-1.3811490020564205,2.783976121613131,3.1077476750202124,-8.139130771653816,4.123838094431647,12.262968866085462,-0.5530604258197586,3.4712765333815194,3.515058549414668,-9.598947284216424,5.4096797846422815,15.008627068858704,-0.6453051451317309,3.4260498373491037,3.4862926180017224,-12.595166855418992,4.124749206443054,16.719916061862044,4.489920637511671,3.7428039094490093,5.845337324375728,0.45635610886674344,15.168809082640683,14.71245297377394,0.4999999998435669,0.5805742507412636,1,0,12.86512310730503,0.0,Freestyle_1526810977061.csv,4,test,88.0000000275,89.96666669478125,88.98333336114062,1.0,1
-10.636267757181088,7.47261525631908,12.998852663655462,-30.388356223072524,2.5574372833742625,32.94579350644678,-3.9666409056952494,7.407368255109246,8.402579636131692,-25.30007441901915,9.191214611620966,34.49128903064012,4.973350456090582,6.144934807892559,7.905342405762444,-6.28607755785967,31.010564830614673,37.29664238847434,15.45148125293984,7.957366445963908,17.38010223402911,6.17066698478078,44.94977953638259,38.77911255160181,-1.393896245220668,2.7094141760442616,3.0469446860404084,-8.139130771653816,4.205125302636529,12.344256074290346,-0.06128433930484929,3.339053456035634,3.339615809117501,-9.598947284216424,5.4096797846422815,15.008627068858704,-0.44244488609233584,3.631662301933952,3.6585145281271565,-12.595166855418992,4.124749206443054,16.719916061862044,4.741173174965153,3.367923863421757,5.815637043765274,0.6088168405212183,15.168809082640683,14.559992242119465,0.4999999998435669,0.6337218566990506,1,1,3.2522418069694816,13.212041136091063,Freestyle_1526810977061.csv,4,test,89.0000000278125,90.96666669509375,89.98333336145313,1.0,1
-9.60982333037568,6.817499987887196,11.782487450698795,-30.388356223072524,2.5574372833742625,32.94579350644678,-4.511137215554411,6.448786604575086,7.8700195456496225,-27.906854352990187,7.886932145309195,35.79378649829938,4.368304874820278,6.422225557209196,7.767050185691449,-7.260144872631371,31.010564830614673,38.27070970324604,14.47020004987993,7.190590885197558,16.15831942875964,6.801691799405568,44.94977953638259,38.148087736977025,-1.6610238438523797,2.6390826732048547,3.118294015300067,-9.489334847949252,4.205125302636529,13.69446015058578,-0.4773147817165004,3.166711556916829,3.2024820820038444,-8.673111975139035,4.863499188261578,13.536611163400613,-0.8958659800945036,3.8683906687391247,3.9707709856246587,-11.887033758378225,3.689757437746808,15.576791196125033,4.895386053937955,3.432472382205033,5.978852002825501,0.6088168405212183,12.732044659100016,12.123227818578798,0.4999999998435669,0.6683244124737638,1,2,9.142324768872985,4.583105434847514,Freestyle_1526810977061.csv,4,test,90.000000028125,91.96666669540625,90.98333336176563,1.0,1
-9.55463626644024,6.355073559797922,11.4751049726971,-24.51824479610868,5.952150834494752,30.47039563060343,-3.80716580471997,6.772550205084195,7.769295189720561,-27.906854352990187,8.435209428535273,36.34206378152546,4.1317712997438845,5.7577308294533225,7.0868186358777745,-7.260144872631371,15.636002437769886,22.896147310401258,14.287275974351187,6.175493947044609,15.564799396627548,6.801691799405568,36.279058200274136,29.47736640086857,-1.5965990110444643,2.9471601415659987,3.3518474461263117,-9.489334847949252,5.753061489035359,15.24239633698461,-0.1893983248770776,3.1795753564687534,3.1852113231196517,-8.673111975139035,4.863499188261578,13.536611163400613,-0.45060428611512804,3.4295698338777907,3.4590451671104065,-11.357071084541184,3.689757437746808,15.046828522287992,4.878495516648587,3.0896160663070433,5.7745515793993025,0.564186101031046,12.732044659100016,12.16785855806897,0.4999999998435669,0.6320136067700436,1,1,1.8798904644124703,12.159741457288803,Freestyle_1526810977061.csv,4,test,91.0000000284375,92.96666669571874,91.98333336207813,1.0,1
-9.76384340398753,6.698549585318537,11.840743412664677,-25.026259045699454,5.952150834494752,30.978409880194206,-3.1974628863960763,6.174539026345618,6.953323025557307,-23.712140762980187,9.50400344233451,33.2161442053147,4.266647810842572,5.9689918300780445,7.33710753698664,-7.359933803841164,15.636002437769886,22.995936241611048,14.305274453759974,6.143628852251397,15.568720328646588,3.8700726420448524,33.62392392598518,29.753851283940328,-1.603777755545948,2.7347547592523638,3.17032911263759,-10.311882530953,5.753061489035359,16.06494401998836,-0.33350584130694655,2.9997595985609604,3.0182418384457645,-7.560461106172557,5.84401612344838,13.404477229620937,-0.4859808606237455,3.5186922257015327,3.5520940832282304,-10.194979774586374,3.672217776270769,13.867197550857142,4.790209004641835,2.971874920943881,5.6372105561072425,0.564186101031046,12.021910209538055,11.457724108507009,0.4999999998435669,0.678278542372442,1,2,7.294842702569737,4.148939607890671,Freestyle_1526810977061.csv,4,test,92.00000002875,93.96666669603125,92.98333336239062,1.0,1
-9.537339283886803,7.261546872584825,11.987114064641117,-33.041131128832866,8.125943918931869,41.16707504776473,-3.65225938091844,6.092583226292133,7.103419525468209,-23.712140762980187,11.787183335618156,35.49932409859834,4.970879700984047,7.206093375015565,8.754280480490586,-7.359933803841164,40.02916860007979,47.38910240392096,14.495978887847672,7.788035398461732,16.45560388696259,3.8700726420448524,53.98572705987542,50.11565441783057,-1.5133957856250826,2.749645786260225,3.1386173315404946,-10.311882530953,4.433846371321426,14.745728902274426,-0.4155769443576005,2.937938649240876,2.96718514814713,-7.560461106172557,5.84401612344838,13.404477229620937,-0.46201732519560135,3.3579018322604584,3.3895375383493014,-10.194979774586374,3.672217776270769,13.867197550857142,4.6515215766656,2.9167478812754255,5.49036166214124,0.4542607181708752,12.021910209538055,11.56764949136718,0.4999999998435669,0.6076059351924037,1,1,2.963774865802954,10.890894801053639,Freestyle_1526810977061.csv,4,test,93.0000000290625,94.96666669634375,93.98333336270312,1.0,1
-10.241069089400385,7.229606909823537,12.53581717178582,-33.041131128832866,8.125943918931869,41.16707504776473,-4.287345082033951,6.966710204145345,8.180243206713575,-25.861743976194713,11.787183335618156,37.64892731181287,5.31289250398289,7.148695603865892,8.90677694767356,-8.332817970367435,40.02916860007979,48.36198657044723,15.489920517081401,7.965935541763664,17.418202165580492,5.400173662143098,53.98572705987542,48.585553397732326,-1.7949951877585486,2.7221225169129797,3.260668446984606,-7.891362978326914,4.433846371321426,12.32520934964834,-0.19601588471231382,2.9626435849754786,2.9691209538609074,-9.33214263345603,4.512388346010594,13.844530979466624,-0.4614519171465634,3.689013913855794,3.717762973679183,-11.642432371550438,4.642755628261596,16.285187999812035,4.826705190340447,3.1578974799409467,5.767963201016178,0.4542607181708752,14.487076521848133,14.032815803677257,0.4999999998435669,0.5023247044578039,1,2,6.09698653898701,5.979252531710617,Freestyle_1526810977061.csv,4,test,94.000000029375,95.96666669665625,94.98333336301562,1.0,1
-9.795186358816064,7.327175758882407,12.232464200049403,-22.95591649718648,7.617640276092611,30.57355677327909,-4.076653181539852,6.902849214125694,8.016759222747975,-25.861743976194713,8.806542079741783,34.6682860559365,4.941505925372381,6.058814202313083,7.818421218420063,-8.332817970367435,14.790235446248769,23.1230534166162,15.222905730976077,6.579700623543723,16.58400793504532,5.160296147180792,36.06425767854874,30.90396153136795,-1.4747100829779745,2.4400636117709684,2.8510840496775414,-7.891362978326914,2.894957787352944,10.786320765679857,-0.040488380429204114,3.0474342923807893,3.047703245942456,-9.33214263345603,4.512388346010594,13.844530979466624,-0.2861788289860943,3.676616213738963,3.687737125296227,-11.642432371550438,4.642755628261596,16.285187999812035,4.430035515040038,3.375109742575179,5.569253131160583,0.2768067185411123,14.487076521848133,14.210269803307021,0.4999999998435669,0.5738031353733825,1,1,3.016827474053701,13.550750096085636,Freestyle_1526810977061.csv,4,test,95.0000000296875,96.96666669696874,95.98333336332811,1.0,1
-10.740840952444284,9.741064848315705,14.500138231920277,-56.333615636601714,7.617640276092611,63.95125591269432,-3.470303111060929,6.5475385580261625,7.410348497302841,-24.24986079424147,7.603624468750193,31.853485262991665,6.847049695059684,10.912090674615797,12.882383801830075,-10.311286744938842,74.08317482200852,84.39446156694736,16.807481511449627,12.19145812674626,20.76350370274556,5.160296147180792,93.16160751489292,88.00131136771213,-1.3357766336814854,2.2158880470128013,2.587365272238083,-6.164213461058151,2.8486650126114195,9.01287847366957,-0.3119946210192989,3.2224437304936,3.2375120447254693,-10.302093097985647,5.236160185972129,15.538253283957776,-0.1884811472838769,3.454793868569051,3.459931475793091,-9.560097124819151,5.2919615833322595,14.85205870815141,4.320688815387655,3.2370846867967336,5.3988025625049385,0.2768067185411123,13.318100233788169,13.041293515247057,0.4999999998435669,0.5484000646701656,2,2,4.451016884324472,6.511394721335721,Freestyle_1526810977061.csv,4,test,96.00000003,97.96666669728125,96.98333336364063,1.0,1
-10.016668962321614,9.658828672237613,13.914978563417788,-56.333615636601714,10.019664607367554,66.35328024396927,-4.466960409604224,6.330539962045673,7.7478688367852975,-24.24986079424147,7.603624468750193,31.853485262991665,7.196320007837972,10.668322788387668,12.868571512504436,-10.311286744938842,74.08317482200852,84.39446156694736,16.53565814617683,12.075936501059534,20.475747427257595,5.964027320496934,93.16160751489292,87.19758019439598,-1.3526011508265237,1.9839974839390229,2.40120300880488,-6.164213461058151,1.3577061156607704,7.521919576718921,-0.38715260496940634,3.1781848907366492,3.2016786752017015,-10.302093097985647,5.236160185972129,15.538253283957776,-0.26743827897511124,3.440073483540753,3.4504534202364456,-9.560097124819151,5.2919615833322595,14.85205870815141,4.025158086099892,3.4234855653063554,5.284141466118816,0.361694373179351,13.318100233788169,12.956405860608818,0.4999999998435669,0.5247766868109167,0,1,0.0,13.756958332006928,Freestyle_1526810977061.csv,4,test,97.0000000303125,98.96666669759375,97.98333336395314,1.0,1
-9.302746378808255,8.273411184047955,12.449514962791117,-44.22116282508858,10.019664607367554,54.24082743245613,-4.910119911737771,6.8582532933968166,8.434744559501018,-25.187500084834593,12.254355633901955,37.44185571873655,6.6330064978323575,8.269297297345863,10.600851522032457,-9.336477116624154,51.03596973389038,60.372446850514535,15.89378535187058,9.268278091082177,18.39873342339004,6.307495705822537,67.5498857979541,61.242390092131565,-1.4788036389188346,2.4207922178280223,2.836740235618395,-8.774276554420668,2.245372336045676,11.019648890466344,-0.4430962126160607,3.1101182485468652,3.1415234797115428,-10.0542071157494,3.645978822538309,13.700185938287708,-0.1400330024160464,3.7156142661358893,3.7182520915718182,-9.422767856724398,5.951708007647838,15.374475864372236,4.38430185788808,3.5382991356515547,5.633974046304564,0.361694373179351,13.319202495593093,12.957508122413742,0.4999999998435669,0.5457828193838372,2,1,3.694169681765963,9.504263063524817,Freestyle_1526810977061.csv,4,test,98.000000030625,99.96666669790625,98.98333336426563,1.0,1
-8.887026681717417,8.184606837884775,12.081681684778301,-44.22116282508858,1.6147556866954331,45.83591851178401,-4.510373101983405,6.8730511506556615,8.220845311683254,-25.187500084834593,12.254355633901955,37.44185571873655,7.1437149614783255,8.080789755678754,10.78572327321316,-9.336477116624154,51.03596973389038,60.372446850514535,15.62741175209859,9.25554744073169,18.1626307702729,6.307495705822537,67.5498857979541,61.242390092131565,-1.4544911668142173,2.5275376779702547,2.916160363886021,-8.774276554420668,2.245372336045676,11.019648890466344,-0.6253955940918394,3.0584188417323954,3.121705537134022,-10.0542071157494,3.645978822538309,13.700185938287708,-0.2549103385080762,3.68590716570513,3.6947112085892084,-9.422767856724398,5.951708007647838,15.374475864372236,4.397724883965037,3.5440010564759277,5.6480020930721855,0.4956042736210784,13.319202495593093,12.823598221972015,0.4999999998435669,0.5222950512380191,0,1,0.0,13.100903403972378,Freestyle_1526810977061.csv,4,test,99.0000000309375,100.96666669821875,99.98333336457813,1.0,1
-8.41333821585216,7.291864605307763,11.133532653944956,-23.595491482823668,4.080262150408659,27.675753633232326,-5.102810049677879,7.24338536072953,8.860321771082832,-24.94428373598597,7.331529983010707,32.27581371899667,6.611621791164231,6.157286308000198,9.034695201725645,-9.389960469133673,18.069151970174463,27.459112439308136,15.36809101996738,6.921585586674875,16.854867802260195,3.284002048304698,35.73393623237485,32.44993418407015,-1.4006729005184864,2.4155532257446097,2.7922718278584657,-8.183685567980307,1.8516860033078624,10.03537157128817,-0.5811485423751371,3.2939359912048642,3.344809104038602,-10.7282195392029,3.1877468367325825,13.915966375935483,0.03748416301771117,3.8868908608278208,3.8870716003778445,-8.952821532702517,7.502649950283141,16.455471482985658,4.555157886370886,3.6529976950182528,5.838994393692766,0.4956042736210784,12.583310918904706,12.087706645283628,0.4999999998435669,0.4878332242937664,2,2,4.269611569774713,5.3263134704205,Freestyle_1526810977061.csv,4,test,100.00000003125,101.96666669853126,100.98333336489063,1.0,1
-10.704984890877899,10.155591274220368,14.75576957135564,-64.56172855052378,6.1881402084616655,70.74986875898544,-4.71055596330232,7.527984527843428,8.880309033747253,-24.94428373598597,11.990126726531564,36.93441046251753,7.211582569977751,12.579404474742221,14.499942762051564,-9.389960469133673,89.9752617833167,99.36522225245037,17.544000204332438,14.108473379886034,22.51312870927916,3.284002048304698,111.08283652310097,107.79883447479627,-1.6368554135628248,2.7185819490185814,3.1733237241793653,-8.183685567980307,4.700670627643344,12.884356195623651,-0.5519779097091281,3.3503881128987913,3.3955529917614875,-10.7282195392029,3.9363272499183184,14.664546789121218,0.1782306073051379,3.9782824556906915,3.9822728995683754,-8.952821532702517,7.502649950283141,16.455471482985658,4.962388452960344,3.582312363106063,6.1203154350847555,0.2848726204274339,12.583310918904706,12.298438298477272,0.4999999998435669,0.5443152227084599,0,2,0.0,7.965061020666566,Freestyle_1526810977061.csv,4,test,101.0000000315625,102.96666669884375,101.98333336520312,1.0,1
-10.86386620599386,9.961718055668216,14.739722370599846,-64.56172855052378,6.1881402084616655,70.74986875898544,-3.603394370081808,6.4991621356401525,7.431255577066095,-24.146333897059073,11.990126726531564,36.13646062359064,6.528172124250416,12.064264568874513,13.717270532858972,-6.854150730062871,89.9752617833167,96.82941251337957,16.348013654794975,13.906435036640975,21.4626765778567,5.072826056489194,111.08283652310097,106.01001046661177,-1.4152959684781288,2.557867804333307,2.923311543923319,-6.9949549046509265,4.700670627643344,11.69562553229427,-0.48522376765407943,3.272179768496534,3.3079604807274303,-10.46175272418581,4.860552518692825,15.322305242878635,-0.5145867241992085,3.640469216320775,3.676658212521429,-12.476968317438692,4.216183034176778,16.69315135161547,4.456329459556875,3.625920060409024,5.74509952364544,0.2848726204274339,14.37296368734727,14.088091066919835,0.4999999998435669,0.6016461599859613,1,1,7.7236712363516205,9.034558212838794,Freestyle_1526810977061.csv,4,test,102.000000031875,103.96666669915625,102.98333336551562,1.0,1
-11.039417525903666,8.137596682748372,13.714562300062891,-46.29279257215808,4.934391345625107,51.22718391778319,-4.441538082575972,7.72502802914707,8.910853976476133,-30.444705477855575,9.17877945814284,39.62348493599841,4.6955960455095616,6.182364426629127,7.763391792654441,-7.714612105583237,23.037101868242253,30.75171397382549,15.845032345899861,8.757724576397015,18.104220220673444,5.072826056489194,56.23921784528127,51.166391788792076,-1.4794970845988624,2.6387136290966553,3.025181191220945,-6.92392225490417,4.896171292648251,11.820093547552421,-0.13762574955006243,3.401233742906689,3.4040170124172797,-10.46175272418581,4.860552518692825,15.322305242878635,-0.4057115131344863,3.6044119430408905,3.6271734569807497,-12.476968317438692,4.216183034176778,16.69315135161547,4.849034205231743,3.222158845256001,5.821979074813729,0.7571468569699328,14.37296368734727,13.615816830377337,0.4999999998435669,0.6428582739688283,0,1,0.0,14.624908627790742,Freestyle_1526810977061.csv,4,test,103.0000000321875,104.96666669946875,103.98333336582812,1.0,1
-10.378680561085954,8.057912249202921,13.139519017259264,-46.29279257215808,4.934391345625107,51.22718391778319,-4.22868380954144,6.981918931224517,8.162656352148437,-30.444705477855575,9.17877945814284,39.62348493599841,4.313418296810945,6.355637191236484,7.681126317792971,-7.714612105583237,23.037101868242253,30.75171397382549,15.016356483474286,8.531392512321695,17.270657782437787,5.629034528157866,56.23921784528127,50.6101833171234,-1.6366942570083909,2.714782884835129,3.169986467276792,-8.56587844384437,4.896171292648251,13.462049736492622,-0.27601356996716375,2.9991160478227172,3.011790258154405,-8.339044978903104,4.269149707790857,12.60819468669396,-0.29382571894177695,3.434813549276631,3.447358071249052,-11.281935117065458,3.946325979563624,15.228261096629083,4.753057700374486,2.900416337381336,5.568121086438203,0.7692367926608343,13.215172303626458,12.445935510965624,0.4999999998435669,0.6230688469188687,1,2,7.409069404997467,5.846848867604429,Freestyle_1526810977061.csv,4,test,104.0000000325,105.96666669978126,104.98333336614063,1.0,1
-10.349799160422139,6.994371022223666,12.491579910387513,-30.530471303624488,5.575640618560025,36.10611192218451,-4.221219105110198,7.507735619295878,8.613058972432,-31.224516831591277,15.661545386613358,46.886062218204636,4.125817913323136,5.573502685507239,6.934429006000025,-7.25880658098231,13.40006003791765,20.65886661889996,14.964123649511269,7.374663555822754,16.682645448472577,6.83140700794857,38.26231885219583,31.430911844247262,-1.6213848591888582,2.710518427538981,3.1584488293520385,-8.56587844384437,4.670807760564611,13.236686204408983,-0.10776509329106926,3.0588737067016165,3.0607714172872367,-8.339044978903104,4.395225178005596,12.7342701569087,-0.39579418671708866,3.424577564912599,3.447373570755242,-11.281935117065458,3.946325979563624,15.228261096629083,4.737058402075756,2.964588151528474,5.588247060828604,0.37529232346548813,13.215172303626458,12.839879980160969,0.4999999998435669,0.6381511068377459,0,1,0.0,12.60819468669396,Freestyle_1526810977061.csv,4,test,105.0000000328125,106.96666670009375,105.98333336645312,1.0,1
-9.950560873851163,6.549887394343792,11.91279507851962,-22.26983964204194,5.575640618560025,27.845480260601967,-2.9300295053768854,7.462103017143827,8.016735890675587,-31.224516831591277,16.555965844761314,47.78048267635259,4.255124713591077,5.699715978893803,7.112865004220937,-8.334446884885859,13.50825943839369,21.84270632327955,14.688235500047904,6.405570028268429,16.024218841863036,5.534260319076762,38.151289286660145,32.61702896758338,-1.5290693218372684,2.716946688648791,3.1176677661263894,-8.394063594026706,4.670807760564611,13.064871354591318,-0.11263090113150685,2.8913521335565795,2.893545036821075,-8.127040355185235,4.395225178005596,12.522265533190831,-0.3802456257521909,3.42769955871839,3.4487259967619806,-10.03743770109033,3.866210109009797,13.903647810100127,4.621976374770006,2.9365797404234093,5.475962580295569,0.37529232346548813,11.938511763474521,11.563219440009032,0.4999999998435669,0.5917781582028332,2,1,4.0776116732240695,8.816868557664304,Freestyle_1526810977061.csv,4,test,106.000000033125,107.96666670040625,106.98333336676563,1.0,1
-9.944207767427715,6.321397977784577,11.783350139722938,-22.30274233551662,5.979201789861001,28.28194412537762,-3.6170353814477383,7.262573417747493,8.113440552491728,-27.92811439209685,16.555965844761314,44.48408023685816,4.383632001709552,5.514265831678059,7.04438479846354,-8.334446884885859,13.50825943839369,21.84270632327955,14.683969206463951,6.21929768113479,15.94674309390322,3.434229434788981,35.87231719371542,32.438087758926436,-1.5262473316816905,2.4083041863851573,2.851203249792227,-8.394063594026706,3.5003278134052622,11.894391407431968,-0.061431751866035264,2.900205887896934,2.9008564342844294,-8.127040355185235,4.555130986466621,12.682171341651856,-0.5463963147642937,3.4223870745234035,3.4657296808396443,-10.03743770109033,3.866210109009797,13.903647810100127,4.465932112900051,2.9344608717064338,5.343744964405393,0.6151574910446727,11.938511763474521,11.323354272429848,0.4999999998435669,0.6225401247147246,2,2,2.388161256734678,6.012962374548556,Freestyle_1526810977061.csv,4,test,107.0000000334375,108.96666670071875,107.98333336707813,1.0,1
-10.05404514596658,7.047823795931858,12.278258999371102,-33.06934696178953,5.979201789861001,39.04854875165053,-4.601331776478315,7.56023849168541,8.85039322111683,-27.92811439209685,9.043832909844928,36.97194730194178,4.787118244657269,7.335730148991861,8.759534114732281,-7.97326657975592,40.511198223768865,48.48446480352479,15.51212112811086,8.073948243455842,17.487553920751377,3.434229434788981,54.13312149032674,50.698892055537755,-1.7609060991793763,2.965888626718019,3.4492442123199134,-11.001269312438009,4.83060950578454,15.831878818222549,0.005309184061932024,2.776288127174528,2.7762932036306345,-7.3642030239155964,4.555130986466621,11.919334010382219,-0.648787176723167,3.6354024228884723,3.6928411253428974,-11.435236623164252,3.705748128689168,15.14098475185342,4.773574740989845,3.233442338739877,5.765601891023336,0.6151574910446727,12.488889667396936,11.873732176352263,0.4999999998435669,0.5155050416909551,3,2,3.354358283602932,5.35685441372844,Freestyle_1526810977061.csv,4,test,108.00000003375,109.96666670103124,108.98333336739063,1.0,1
-9.623741678266084,7.843514619938253,12.415197359815945,-33.16587846879527,4.060780509817593,37.22665897861286,-4.4482581875341385,7.117529744393082,8.39322527788244,-23.694185401401,7.504958843851815,31.199144245252818,5.085374388588017,7.051563838381347,8.69399708068012,-7.97326657975592,40.511198223768865,48.48446480352479,15.198526530704054,8.317074761166031,17.325384304174612,4.862631778822517,54.13312149032674,49.27048971150422,-1.6029430022984945,3.058919244054709,3.4534639436753847,-11.001269312438009,4.83060950578454,15.831878818222549,-0.03425885262176349,2.7675337608499992,2.767745795124166,-7.3642030239155964,4.108257710510648,11.472460734426244,-0.6732957874036619,3.63874073474388,3.7005082559048486,-11.435236623164252,3.705748128689168,15.14098475185342,4.545181737608844,3.5527333590941557,5.768933293834605,0.44467404749687384,12.488889667396936,12.044215619900063,0.4999999998435669,0.5224392902372186,2,1,2.8711882582497408,10.268961613033335,Freestyle_1526810977061.csv,4,test,109.0000000340625,110.96666670134375,109.98333336770312,1.0,1
-10.01795710935184,8.57140908387572,13.184404359998986,-47.81140269462152,4.060780509817593,51.87218320443911,-3.9840907089720674,7.9671573626818315,8.907781722687915,-23.694185401401,29.692477886832883,53.38666328823388,5.58882530266265,5.451634818998161,7.807386916465418,-9.78028757738528,13.285887861157166,23.066175438542444,15.688940594605766,8.245576209661749,17.723780183990336,4.862631778822517,49.61158901508691,44.748957236264395,-1.244059841095244,3.0377011387349544,3.2825772034329317,-9.649250073766314,2.3644666072370977,12.013716681003412,-0.17539465599538662,3.1261866086770103,3.1311030001619566,-9.025111412851809,4.108257710510648,13.133369123362456,-0.40933614782537536,3.386816257623667,3.41146309445383,-9.140513024618214,5.73482790155484,14.875340926173052,4.4925073493496,3.4690888220080347,5.6760196915568635,0.44467404749687384,12.183146974329256,11.738472926832383,0.4999999998435669,0.5566683152740096,2,1,3.155394565969247,10.034974976952237,Freestyle_1526810977061.csv,4,test,110.000000034375,111.96666670165625,110.98333336801562,1.0,1
-9.544546805421003,8.072096585911833,12.500284677284826,-47.81140269462152,1.5569223341819414,49.36832502880346,-3.7832501138114223,8.095120567020423,8.935544662652145,-26.76441608084847,29.692477886832883,56.45689396768135,5.922991430364176,5.763771118122923,8.264555946103545,-9.78028757738528,13.733364169665132,23.51365174705041,15.442706331695316,8.119530871343851,17.44717628780338,5.778912934540932,49.61158901508691,43.83267608054598,-1.416442244276764,2.907886345731775,3.23451876344304,-9.649250073766314,2.3644666072370977,12.013716681003412,-0.31491182380619276,3.081588941154811,3.097637786930642,-9.025111412851809,4.136002209341574,13.161113622193383,-0.3410347102691943,3.3566762617460326,3.373956164471867,-9.140513024618214,5.73482790155484,14.875340926173052,4.4255331960188276,3.443211817591065,5.607232088104021,0.4231506478757899,12.183146974329256,11.759996326453466,0.4999999998435669,0.49490986631323325,1,1,2.07259912744014,11.062280778334797,Freestyle_1526810977061.csv,4,test,111.0000000346875,112.96666670196875,111.98333336832812,1.0,1
-9.830042572967793,9.283065614335218,13.52054156409469,-59.36214790731285,1.5569223341819414,60.91907024149479,-4.181407319733413,7.989408875705624,9.017473113723376,-26.76441608084847,16.639276134332448,43.40369221518092,6.542622301860443,9.41844271620285,11.46791043665742,-14.495569569542942,60.331370469439584,74.82694003898253,16.193599175811837,11.54989961252817,19.890521243203565,4.08679399189591,86.51726425900539,82.43047026710947,-1.5780396408594433,2.753154914558456,3.173337531949789,-9.99829542836159,2.306786355590825,12.305081783952415,-0.3024543027412649,3.1704485841564667,3.1848426695876904,-9.02174287651461,4.136002209341574,13.157745085856185,-0.32246127833313104,3.538381477537618,3.5530444349326022,-9.84159696702803,5.832351204190151,15.673948171218182,4.55912167589825,3.4715743147263773,5.730394286461723,0.4231506478757899,12.537183047941598,12.114032400065808,0.4999999998435669,0.555024420431535,2,1,3.430438359204612,9.065790333880308,Freestyle_1526810977061.csv,4,test,112.000000035,113.96666670228124,112.98333336864061,1.0,1
-9.477955485388529,9.351639466449281,13.314833866536162,-59.36214790731285,10.123293722131963,69.48544162944482,-4.122501578785898,7.466252057199072,8.5287712508146,-25.956932042528265,16.639276134332448,42.59620817686071,6.384722144935673,9.445967849796697,11.40135893161095,-14.495569569542942,60.331370469439584,74.82694003898253,16.088793346441914,11.00756349448374,19.49399203420389,4.08679399189591,86.51726425900539,82.43047026710947,-1.4926501266117973,2.796844226326474,3.1702274408644477,-9.99829542836159,3.2460518652187553,13.244347293580345,-0.42168045719057456,3.0974533272485285,3.1260248755343314,-9.02174287651461,3.838903937448931,12.860646813963541,-0.22769719148621045,3.519416389341316,3.5267744090847337,-9.84159696702803,5.832351204190151,15.673948171218182,4.529451594193293,3.4270365533072735,5.679833737165583,0.5078913826340319,12.537183047941598,12.029291665307566,0.4999999998435669,0.5202327919218811,1,2,1.7396009167354403,6.3134850405347205,Freestyle_1526810977061.csv,4,test,113.0000000353125,114.96666670259376,113.98333336895313,1.0,1
-9.255922830965464,9.170215612645194,13.029388390680099,-57.968452577837034,10.123293722131963,68.091746299969,-4.887283233328085,7.206145273266837,8.707127373720667,-25.956932042528265,18.768791175651707,44.72572321817997,6.207674186334026,11.0799424497794,12.700407217648628,-11.066199752797733,76.69528007286743,87.76147982566516,16.02999872688057,12.244121579259728,20.17125113698916,5.155960132498726,97.13463361504036,91.97867348254164,-1.5708671672742631,2.8867827390468803,3.2865085181206024,-10.161294066931564,3.2460518652187553,13.407345932150319,-0.4869278840321502,3.1555485573971214,3.1928960932575117,-9.0542431472164,3.838903937448931,12.893147084665332,-0.2240866452652799,3.302213532367515,3.3098080062047988,-9.848464108078412,4.8674411494261305,14.715905257504541,4.506249348957581,3.41237007737659,5.652481998198291,0.5078913826340319,12.761763324116327,12.253871941482295,0.4999999998435669,0.5303054189128602,3,1,4.107152180579273,10.829477674512173,Freestyle_1526810977061.csv,4,test,114.000000035625,115.96666670290625,114.98333336926564,1.0,1
-10.050831766873698,9.026795912465355,13.509339867339879,-57.968452577837034,5.173602926327867,63.1420555041649,-4.8347100773811285,7.263050218243405,8.725039828279078,-26.783650626478185,18.768791175651707,45.55244180212989,6.203230824961137,11.221586143531447,12.822014983786481,-11.066199752797733,76.69528007286743,87.76147982566516,16.30784943298574,12.533423266285492,20.567757580757313,5.338028242815856,97.13463361504036,91.7966053722245,-1.5232338412054178,2.8744279694665913,3.253087377652996,-10.161294066931564,2.8400911880151147,13.00138525494668,-0.32030165221440277,3.2542440200436427,3.2699690045015855,-9.0542431472164,4.696925196292595,13.751168343508995,-0.185398756728464,3.3442907674131406,3.349425836766838,-9.848464108078412,4.8674411494261305,14.715905257504541,4.527729998162228,3.463176183330764,5.7003445696771315,0.16570885037295888,12.761763324116327,12.596054473743369,0.4999999998435669,0.5640620019445253,1,1,6.225368507334097,11.00000620952149,Freestyle_1526810977061.csv,4,test,115.0000000359375,116.96666670321875,115.98333336957813,1.0,1
-9.96016598491258,6.69301884972097,12.000058656928715,-23.701987267521982,5.173602926327867,28.87559019384985,-3.9168217603578146,6.465688789134195,7.559538624833405,-26.783650626478185,5.837955302600566,32.621605929078754,4.859601894551705,6.508209985035739,8.122347430567682,-8.980893972218405,20.353298365328,29.334192337546405,14.818992729831086,6.893331142933781,16.343823291168054,5.184761865344529,36.05947672631602,30.87471486097149,-1.3731885766582446,2.378656967695925,2.7465716515381624,-7.021430152628725,2.8400911880151147,9.86152134064384,-0.33473253461415814,3.085095283273536,3.103201375451783,-9.163959895619955,4.696925196292595,13.86088509191255,-0.45122939999396655,3.5444099896656165,3.5730169529768996,-11.278669037165196,3.776007084791461,15.054676121956657,4.337583019544777,3.335466730227729,5.4717423879326805,0.16570885037295888,13.531957406215433,13.366248555842475,0.4999999998435669,0.6013666077731239,1,1,4.955648325877126,9.023944941955454,Freestyle_1526810977061.csv,4,test,116.00000003625,117.96666670353125,116.98333336989063,1.0,1
-9.949297109752385,6.46490315685052,11.865221692222313,-23.701987267521982,5.344631861134058,29.04661912865604,-3.450074987889989,6.275103010336876,7.161000992347581,-21.68192206857896,8.278495251655547,29.960417320234505,4.367205413320801,6.71898466560226,8.013565876608041,-8.980893972218405,20.353298365328,29.334192337546405,14.664334462357612,6.421678429572262,16.008768193609487,5.184761865344529,34.609088520939586,29.424326655595056,-1.4473392034285628,2.463302032832425,2.857034769605996,-7.021430152628725,3.923365868928938,10.944796021557664,-0.31774695899725863,3.0626580269777164,3.079096835139006,-9.163959895619955,5.352375801637926,14.516335697257881,-0.34692995963539447,3.5507327008760377,3.567641112831146,-11.278669037165196,3.776007084791461,15.054676121956657,4.583660475424608,3.0596739615347786,5.511038750078217,0.46748592780621934,13.531957406215433,13.064471478409214,0.4999999998435669,0.6004597224920866,0,1,0.0,11.561326100486784,Freestyle_1526810977061.csv,4,test,117.0000000365625,118.96666670384376,117.98333337020313,1.0,1
-9.911978089442762,7.602035006065444,12.491526963467589,-45.12895007223581,5.344631861134058,50.47358193336987,-4.003831879463452,6.5986451791239,7.7183410082078465,-25.686803590336776,10.114945446308536,35.80174903664531,4.229214841604774,7.473573121355711,8.587231997372648,-7.723129588225639,38.02720294055532,45.75033252878096,14.739487075863531,8.491119355843102,17.010337656105516,6.003686246213886,60.5256524353054,54.521966189091515,-1.375387822064084,2.5331726480413588,2.8824738204998592,-9.417326146132156,3.923365868928938,13.340692015061094,-0.16453762760484555,3.0930500945588735,3.0974233676313103,-7.790507670961165,5.352375801637926,13.142883472599092,-0.43717693751705916,3.285800419188967,3.31475611009908,-11.221666930580875,3.141713681902036,14.363380612482912,4.376452851124571,3.1204094852340036,5.374969294205757,0.46748592780621934,12.63276260025606,12.16527667244984,0.4999999998435669,0.5964863141648465,2,1,4.409373213491355,8.275691326778478,Freestyle_1526810977061.csv,4,test,118.000000036875,119.96666670415625,118.98333337051562,1.0,1
-9.948650117796292,7.683968722083355,12.570561422954963,-45.12895007223581,7.916977395116805,53.04592746735261,-3.6498498885197055,6.093614010924814,7.103065248388649,-25.686803590336776,10.114945446308536,35.80174903664531,4.449247049764889,7.17479194610917,8.442359787393247,-6.560851139246396,38.02720294055532,44.588054079801715,14.48479881731787,8.362810078721832,16.72560878386627,5.227162008345696,60.5256524353054,55.29849042695971,-1.3286376432338511,2.663518258875366,2.976509281420178,-9.417326146132156,3.4442617070096166,12.861587853141772,-0.20880042322043177,3.111636339610416,3.118634048220653,-7.790507670961165,4.909332202580782,12.699839873541947,-0.48704331522784766,3.2466703792817797,3.2829985901023213,-11.221666930580875,2.9142067968990997,14.135873727479975,4.410639706494871,3.1479871269124113,5.4188158828027575,0.5191594373960999,12.63276260025606,12.11360316285996,0.4999999998435669,0.6403657743208359,1,1,1.6738559826389556,12.187913337100564,Freestyle_1526810977061.csv,4,test,119.0000000371875,120.96666670446875,119.98333337082812,0.5,0
-6.291839439170485,6.400398254170963,8.97509561733444,-23.93017933313072,10.412251793184623,34.34243112631535,-2.0892831500738303,6.045972588271767,6.396787367055126,-20.139552829776036,9.796991000220023,29.93654382999606,1.760208436724432,7.445500098301636,7.650738882913567,-14.264562302369772,19.243422741039836,33.507985043409604,12.02836503058247,5.943355121915414,13.416595522491445,1.6094675484206835,28.488599674905693,26.87913212648501,-1.7435010315400794,3.5496434397985626,3.9547141991155677,-15.525793782178315,3.4442617070096166,18.97005548918793,1.0871471683606821,1.714164330297992,2.0298394805847613,-3.514985631428427,4.397405666139399,7.912391297567826,0.32529480921680637,1.4748116637914404,1.5102602943064731,-3.3234277259437697,2.9142067968990997,6.237634522842869,3.7222215127009597,2.8611126997327037,4.694773569639496,0.5191594373960999,15.778727565545552,15.259568128149452,0.4999999998435669,0.7101612143789303,3,3,2.831701132603118,3.0591772055340427,Freestyle_1526810977061.csv,4,test,120.0000000375,121.96666670478125,120.98333337114062,0.0,0
-4.666221458222643,6.0712329358302615,7.65725094653999,-20.603177659073204,10.412251793184623,31.015429452257827,3.9983609269615483,7.7848350500269685,8.751602530872914,-20.139552829776036,15.738707255467784,35.878260085243824,-1.492050927133401,5.3167212047680446,5.522113756378965,-14.264562302369772,8.529888607111516,22.794450909481288,11.647039600480612,5.483087433179871,12.873141778721253,1.6094675484206835,27.56608920996615,25.95662166154547,-1.3124894669553946,3.904861824578174,4.119535710479622,-15.525793782178315,6.175113880843874,21.70090766302219,0.7546040731472645,1.944269598137491,2.085572242204082,-2.2609704372342123,5.5036181155101005,7.764588552744312,0.35474228211694747,1.6248730768090336,1.6631459955338843,-3.3234277259437697,2.729423382393652,6.052851108337421,3.969674624516544,2.8858142742212007,4.907773492107129,0.422531408853791,15.778727565545552,15.35619615669176,0.9999999996871338,0.6137189694375527,2,3,4.9904697857933495,3.121944458226789,Freestyle_1526810977061.csv,4,test,121.0000000378125,122.96666670509374,121.98333337145311,0.0,0
-3.6896331837731,4.6386201668073435,5.9270726402425185,-17.386608725689268,6.930469445142393,24.31707817083166,6.126543009500174,4.389803699009204,7.536902929127478,-0.5086111370924938,15.738707255467784,16.247318392560278,4.139242144885777,4.8514620602835645,6.377304262489712,-5.999214307532478,10.608196537787864,16.60741084532034,10.907740320837705,3.691382748421322,11.515429019457816,4.593052764718828,22.216232904825286,17.62318014010646,-0.2533179288474271,2.201699663410837,2.2162245781822167,-4.0329832606714415,6.175113880843874,10.208097141515315,0.05958873370083044,1.5514291969238527,1.5525731448958722,-2.2609704372342123,5.5036181155101005,7.764588552744312,0.17510089009339755,1.013404904490691,1.0284210335058723,-3.100352428504129,2.729423382393652,5.829775810897781,2.2338136917612044,1.8411575065290502,2.894785756035857,0.12914203604139682,7.1281958519385205,6.999053815897124,0.4999999998435669,0.5397227185337249,0,1,0.0,2.30493977307159,Freestyle_1526810977061.csv,4,test,122.000000038125,123.96666670540625,122.98333337176562,0.0,0
-2.677348039313742,1.5828828694730195,3.110258944539551,-9.37948610803812,-1.0581189091233345,8.321367198914785,-0.16996501512662512,3.3583121143634433,3.3626103496907365,-5.536884351252515,5.781332400055233,11.318216751307748,8.516249979177978,1.5817359779839792,8.661893696640352,0.481294420055763,10.707887516229947,10.226593096174184,9.756931199784301,0.9008634971565087,9.798431582545922,4.593052764718828,11.289331837851307,6.696279073132479,-0.8136167709500004,0.6268447470765545,1.0270864554206598,-3.242019414080276,0.0761558067236275,3.3181752208039033,-0.21185061031466865,0.25604637532350777,0.33232578504684857,-1.1796793401116374,0.1472682098140501,1.3269475499256875,-0.09927356540552952,0.1881923429579506,0.21277123568830641,-0.3707621446151178,0.68956700570035,1.060329150315468,0.8837710969302731,0.6554138091942907,1.1002811518207098,0.11738595082846029,3.5182148715094406,3.40082892068098,0.4999999998435669,0.5157434976928047,3,4,0.2908975771444369,0.24776029788685885,Freestyle_1526810977061.csv,4,test,123.0000000384375,124.96666670571875,123.98333337207814,0.0,0
-2.819802028696886,4.773920609928487,5.54451093162806,-19.52388725521083,1.9561882186263368,21.480075473837168,-3.71686007075152,3.9373839861603934,5.414613692593341,-21.989824117133505,6.250469739205685,28.24029385633919,7.727272101132225,3.322668564356245,8.41135307269274,-11.955048614715194,12.130458854971131,24.085507469686327,10.820247341943467,3.705772643272278,11.437241950070828,3.801350658861957,29.617612931942432,25.816262273080476,-0.38734698770766407,1.1573595658875724,1.2204584604310265,-4.695303413339456,2.806772268142064,7.50207568148152,0.3348295836921977,1.2209276031921612,1.2660075285526724,-0.8260324406359926,3.531136136151359,4.357168576787352,0.2571094488723278,1.0393416607070094,1.0706709841873163,-1.1511949719969523,3.2948774768494262,4.446072448846379,1.3637080794643093,1.5423782111966309,2.0587934020611085,0.11738595082846029,6.149650927776381,6.032264976947921,0.9999999996871338,0.3542960851066812,0,1,0.0,0.9733006504500427,Freestyle_1526810977061.csv,4,test,124.00000003875,125.96666670603125,124.98333337239063,0.3,0
-8.671425897639951,9.089172706460898,12.56211318155248,-39.49228769980867,1.9561882186263368,41.44847591843501,-5.515395630413311,6.485403023480135,8.51352108924078,-25.82486514612845,6.250469739205685,32.07533488533414,5.220293260573451,7.445978971349755,9.09362769021095,-11.955048614715194,47.58128158850742,59.53633020322262,14.93476173401682,9.483337252222992,17.6912631965966,3.801350658861957,67.01151248244598,63.21016182358402,-1.0466885280831815,2.5791854813009985,2.7834788703661464,-7.254539240556195,2.806772268142064,10.061311508698259,-0.5849217805734568,3.280114335142122,3.3318588717102147,-7.326113861044556,5.876367841752695,13.20248170279725,-0.3245192804933044,3.088290843523698,3.105294365692922,-9.155034209444636,3.9832765324038393,13.138310741848475,4.288581112682243,3.1780439424775424,5.3377796189401705,0.21911461194333687,11.222145325250228,11.003030713306892,0.4999999998435669,0.6570365301587173,2,1,4.509188370434882,7.824638824250336,Freestyle_1526810977061.csv,4,test,125.0000000390625,126.96666670634374,125.98333337270313,0.8,0
-8.689600704550003,8.44118464994138,12.114568036002021,-39.49228769980867,0.9269660386258736,40.41925373843454,-4.27850949696736,6.36869668696208,7.67241428796449,-25.82486514612845,9.31319325101602,35.13805839714447,6.247988170890172,7.340505726260171,9.63952179834881,-11.118422550853367,47.58128158850742,58.69970413936079,14.666475176734677,9.134746088214545,17.27857286369234,5.318104125471951,67.01151248244598,61.69340835697403,-0.8292913569606576,2.5167457132447053,2.649855305458253,-7.254539240556195,2.7531908093256203,10.007730049881815,-0.6263588036838716,3.2038609304894403,3.264513778936911,-7.326113861044556,5.876367841752695,13.20248170279725,-0.49228701971751676,2.9224198578437703,2.9635931460478777,-9.155034209444636,3.9832765324038393,13.138310741848475,3.9801795670817692,3.258809338059063,5.144090559859552,0.32972497392350025,11.222145325250228,10.892420351326727,0.4999999998435669,0.5837551085000564,1,2,1.7067731680776528,6.5675858180403335,Freestyle_1526810977061.csv,4,test,126.000000039375,127.96666670665626,126.98333337301563,1.0,1
-8.017321148156789,6.5123986849796385,10.329025850718285,-26.655418372332505,0.9269660386258736,27.58238441095838,-3.3285646863679377,6.366708317936682,7.184310522034792,-24.693266967572267,9.31319325101602,34.00646021858829,6.220421295178865,5.070968048188332,8.025481794587892,-6.741512634727688,14.39468414339812,21.136196778125807,13.558187615956934,6.2359441392302575,14.923520051820486,5.318104125471951,36.68538509349431,31.36728096802236,-0.932974985565265,2.216069285854197,2.4044553236433477,-7.3604425285393615,3.0156740068315857,10.376116535370947,-0.16154970856483028,3.0276444326501633,3.031951371459462,-8.322006665113195,4.282541730548568,12.604548395661762,-0.1823828233057913,3.02416257808105,3.029657207161037,-8.103945530493084,4.5695863372762355,12.67353186776932,3.854183523320725,3.049299375882534,4.914565831810025,0.32972497392350025,11.176380933071313,10.846655959147812,0.4999999998435669,0.5939366033446737,2,1,3.259178590567772,5.701602946623464,Freestyle_1526810977061.csv,4,test,127.0000000396875,128.96666670696874,127.98333337332812,1.0,1
-8.672550895046392,6.8306385306035855,11.039509126901264,-26.655418372332505,-0.1562278712948819,26.499190501037624,-3.3088167726686497,6.417889869709652,7.220635624016431,-24.693266967572267,9.174303349563194,33.86757031713546,6.384743242414571,6.10958126523474,8.836963817288485,-6.741512634727688,27.88369710975036,34.62520974447805,14.265323329377708,6.971428863162092,15.87766576313462,6.654379843254536,37.258971022137025,30.60459117888249,-1.132602949472387,2.446347294584496,2.695812405727527,-7.3604425285393615,3.0156740068315857,10.376116535370947,-0.40469157043495596,2.87474333746546,2.903088790148032,-8.322006665113195,4.282541730548568,12.604548395661762,-0.4584967525927942,3.033472836281098,3.067927104836982,-8.103945530493084,4.5695863372762355,12.67353186776932,3.9812930360680565,3.0425008680207513,5.010739044387667,0.3585104386406324,11.176380933071313,10.81787049443068,0.4999999998435669,0.5476578374466105,0,1,0.0,11.241124629887661,Freestyle_1526810977061.csv,4,test,128.00000004,129.96666670728126,128.98333337364062,1.0,1
