ACC_0_mean,ACC_0_std,ACC_0_rms,ACC_0_minimum,ACC_0_maximum,ACC_0_range,ACC_1_mean,ACC_1_std,ACC_1_rms,ACC_1_minimum,ACC_1_maximum,ACC_1_range,ACC_2_mean,ACC_2_std,ACC_2_rms,ACC_2_minimum,ACC_2_maximum,ACC_2_range,ACC_MAG_mean,ACC_MAG_std,ACC_MAG_rms,ACC_MAG_minimum,ACC_MAG_maximum,ACC_MAG_range,GYRO_0_mean,GYRO_0_std,GYRO_0_rms,GYRO_0_minimum,GYRO_0_maximum,GYRO_0_range,GYRO_1_mean,GYRO_1_std,GYRO_1_rms,GYRO_1_minimum,GYRO_1_maximum,GYRO_1_range,GYRO_2_mean,GYRO_2_std,GYRO_2_rms,GYRO_2_minimum,GYRO_2_maximum,GYRO_2_range,GYRO_MAG_mean,GYRO_MAG_std,GYRO_MAG_rms,GYRO_MAG_minimum,GYRO_MAG_maximum,GYRO_MAG_range,dominant_frequency,periodicity_strength,positive_peak_count,negative_trough_count,mean_positive_prominence,mean_negative_prominence,start_time,end_time,center_time,clean_fraction,label
-0.09182109391998335,0.27684357831637463,0.2916735849261585,-1.16991876800106,0.3225395059177938,1.4924582739188539,2.4433651767193223,1.6251492184775729,2.9344749733338857,-4.1169467328991045,9.905934913440973,14.022881646340078,9.132666500012915,0.44720719563472944,9.143609335283614,7.8627262070882225,11.573896322381314,3.7111701152930916,9.573724640717375,0.8034955066913925,9.607383021694941,8.43691165785389,15.235495895563027,6.798584237709136,-0.10765425643865352,0.34445253765485695,0.36088362338325913,-0.841551160710498,1.807521868851532,2.6490730295620297,-0.004753211963547569,0.18911922327333192,0.1891789460682102,-0.3293490901338994,0.6504212998891916,0.979770390023091,0.23169626472445876,0.5554088483678169,0.6017990926650946,-0.1511491437965745,2.159087890897438,2.3102370346940124,0.4106905061320533,0.5996008000055019,0.726765306817985,0.03720316219258631,2.3633900397058984,2.326186877513312,1.9999999993751203,0.2829014661521234,2,2,0.2052635048885783,0.6525344604229328,0.0,1.96666666728125,0.983333333640625,0.0,0
-0.1320158804683955,0.4560111786159047,0.4747361243032935,-1.4974249708285643,0.915660156070401,2.4130851268989653,1.136715384389873,1.3450039369195774,1.7610103507469168,-1.5228002480547265,3.0359929147397966,4.558793162794523,9.520607813823535,0.7756617632524647,9.552152862868645,8.40946798435263,12.013876834995862,3.6044088506432317,9.697976224676182,0.720703340065426,9.724718821578644,8.43691165785389,12.023757689911328,3.586846032057437,-0.11244093861808836,0.3690726013338581,0.38582061859451944,-1.3539146251884813,0.534174472158212,1.8880890973466933,0.09094022175623015,0.3107645930678465,0.32379739998600443,-0.3293490901338994,0.9233675332468254,1.2527166233807248,0.5443965603347398,0.7517632123374065,0.9281786155305198,-0.2560105740969721,2.340599696716731,2.596610270813703,0.7321946476877417,0.7609920145415001,1.0560387532181321,0.04897529799832652,2.614841049036995,2.5658657510386687,0.9999999996875601,0.4689471600600875,1,2,1.2027779912461818,0.4971177310384571,1.0000000003125,2.96666666759375,1.9833333339531252,0.0,0
-0.5142157361779699,1.2279054536709715,1.3312286154105784,-3.163417168964258,2.1599966764545213,5.323413845418779,0.3113681771622405,1.1365151766434551,1.178395896331212,-2.737351448248165,2.6498523019719156,5.387203750220081,9.742491442882399,0.8305639924603291,9.777830846369168,8.437776748055269,12.013876834995862,3.5761000869405937,9.904401461007277,0.8182874032902793,9.938146838077337,8.652932183040631,12.023757689911328,3.3708255068706965,-0.08413926474896279,0.46652557112630005,0.4740522380362912,-1.3539146251884813,0.7846313595056528,2.138545984694134,0.11643511367070015,0.4181518730183008,0.4340600472333547,-0.7912452960168967,0.9233675332468254,1.7146128292637222,0.39256460997696874,0.6516861042578517,0.7607902151639078,-0.4498439936553925,2.340599696716731,2.7904436903721237,0.8146251547864538,0.5729932440000752,0.9959595375719756,0.20204739734658683,2.614841049036995,2.412793651690408,0.9999999996875601,0.5671351675743252,3,3,0.48438495085552685,0.8770543017466701,2.000000000625,3.96666666790625,2.983333334265625,0.0,0
-0.7640457333336604,1.6151344870107742,1.7867359328554757,-4.113963550992383,2.899190681441971,7.0131542324343545,-0.568755532026307,1.726887534467466,1.818137346822195,-4.201477623111731,2.6498523019719156,6.851329925083647,9.578296143514224,0.711557708139676,9.604690072296576,8.421336947583342,10.899942657237853,2.478605709654511,9.90667155792108,0.7784463591131425,9.93720886821541,8.570030400321743,11.467640705895144,2.8976103055734015,-0.18137525484331898,0.48626517823153853,0.518990179704808,-1.387461422895636,0.7846313595056528,2.172092782401289,-0.08058183983243034,0.41930626083089073,0.4269791251135849,-0.7912452960168967,0.6867366048937061,1.4779819009106028,-0.09613168422184988,0.5595731831780066,0.5677705945567244,-1.2736466927112542,0.754052303102248,2.0276989958135023,0.81269430566286,0.3369768441588375,0.8797871492333176,0.27672618365782037,1.5579155290474447,1.2811893453896244,0.9999999996875601,0.4837900429297178,2,3,1.0992563928384822,0.9048573241962495,3.0000000009375,4.96666666821875,3.9833333345781248,0.0,0
0.8248867152294649,1.991831930500933,2.15588323717337,-4.113963550992383,4.286073177944514,8.400036728936897,-1.4012161679268165,1.747758131266703,2.2401038446171175,-4.201477623111731,2.642152859198937,6.843630482310668,9.494766052618997,1.0848008307195025,9.556535734056348,7.360744231802349,12.106732486668616,4.745988254866266,9.991646540505464,1.077159418514533,10.049540934952672,7.862588327799919,12.696933997679796,4.834345669879877,0.00811551752910195,0.5170800140980556,0.5171436962821945,-1.387461422895636,0.8269362326076463,2.2143976555032823,-0.25967928627890746,0.280720431170636,0.38240984845967363,-0.8011234055379063,0.6565066521059224,1.4576300576438288,-0.6228379695203234,0.5693255150111373,0.8438356939113774,-1.3987250345217817,0.754052303102248,2.1527773376240296,1.0021115434160328,0.34857714737858775,1.0610059251117578,0.27672618365782037,1.5579155290474447,1.2811893453896244,1.4999999995313402,0.7172117046281071,2,3,0.7718691285916168,0.7203239213658396,4.00000000125,5.96666666853125,4.9833333348906255,0.0,0
2.7329553282837393,1.060602463339641,2.931539256369697,0.2621672058722905,4.614760368462779,4.352593162590488,0.8767282418991355,2.6125742568930694,2.755757002698881,-4.102678534078446,4.305513183734948,8.408191717813395,8.786783841593339,1.1915621450771756,8.867208727918086,7.158634289130803,12.106732486668616,4.948098197537813,9.684271308695822,1.0150856681079357,9.737325592483144,7.862588327799919,12.696933997679796,4.834345669879877,0.14377645248593146,0.4035118001849819,0.4283613441686401,-1.4892248913086876,0.8269362326076463,2.3161611239163338,-0.10055666689244185,0.3480129921988813,0.3622494803250049,-0.8011234055379063,1.0068316986211108,1.8079551041590172,-0.4964834381198397,0.47832626605911077,0.6894141143966723,-1.3987250345217817,0.2790653579168391,1.6777903924386208,0.7568435847397431,0.46604477954521,0.8888250380716377,0.11486789502323977,1.532285264423192,1.417417369399952,0.4999999998437801,0.721692518930764,2,2,0.9221840070656502,1.069039185882931,5.0000000015625,6.96666666884375,5.983333335203126,0.0,0
2.806450703707587,1.2819649358354925,3.0853848461824835,0.1425257964518535,6.269653536772078,6.1271277403202244,3.2902473582881475,1.5285995287025402,3.627994514586779,-0.0982976485679868,11.264654386388065,11.362952034956052,8.594704216234753,1.236948611988573,8.683258745037135,6.637452679625961,13.340891155137514,6.703438475511553,9.79053646666319,1.492086450285794,9.903581487532081,7.692083682363426,16.530340419411736,8.83825673704831,-0.15270174221630697,0.6638572055188561,0.6811932261812358,-2.658181750023739,1.78282550053514,4.441007250558879,-0.0654319049287704,0.516448486251372,0.5205769617779308,-2.1753638556781847,1.0068316986211108,3.1821955542992955,0.048440302205235555,0.3394738443558242,0.3429124580406155,-0.3194118101089407,1.2972505838999575,1.6166623940088982,0.5747602908556464,0.722678453023287,0.923370748079339,0.031055534721766084,3.4583575540666227,3.4273020193448565,0.4999999998437801,0.5508660701077418,1,1,1.701129613781891,1.3049928898279803,6.000000001875,7.96666666915625,6.983333335515625,0.0,0
3.741302575232476,2.7441579226906443,4.639800390545587,-1.3028250470792382,10.149064584532288,11.451889631611527,0.24468885267698698,5.936665908704639,5.941706383371721,-18.19395336308697,11.264654386388065,29.458607749475036,7.438058947423022,4.0586663786010195,8.473340172454188,-1.3011946549415636,17.71436708489471,19.015561739836276,10.514595101914157,4.251165243934425,11.341477685400312,2.6646358236658787,24.321206969752115,21.656571146086236,-0.6547238685909994,1.3954421733681914,1.5414026739685205,-4.4044395786807256,1.78282550053514,6.187265079215866,0.20292426075715073,1.2494491558875578,1.2658204646599638,-2.3970835214858157,3.1038437660458413,5.500927287531657,-0.08054010726973722,1.498617532461671,1.50078020292131,-3.0990757733101475,3.559729551053215,6.658805324363362,1.9485856168807743,1.5599932574325996,2.4961099474081268,0.031055534721766084,5.015455340293454,4.984399805571688,0.4999999998437801,0.6444115664097042,2,1,1.6140494578187645,3.139884520084871,7.0000000021875,8.96666666946875,7.983333335828125,0.0,0
2.13851446984709,4.905343510236029,5.351227811555036,-9.26065956622967,10.149064584532288,19.40972415076196,-4.960440842473812,6.282523912363614,8.004753591529406,-20.3707742444498,4.970197792193124,25.340972036642924,6.742303931164885,5.016109546164704,8.40357169775603,-4.141801216890414,17.71436708489471,21.856168301785125,11.522397705875594,5.528660555615799,12.780130532650642,2.6646358236658787,25.51251407702425,22.84787825335837,-0.5109864548818468,1.7211257714647827,1.7953776979435165,-4.942330520420192,2.607268446721102,7.549598967141295,0.3566863234714871,1.276292597765929,1.325197316803694,-2.3970835214858157,3.1038437660458413,5.500927287531657,-0.0036653451047201193,1.9343179716420509,1.9343214443758188,-3.0990757733101475,3.559729551053215,6.658805324363362,2.719866089181283,1.15041597425911,2.953155677729981,0.916039167444555,5.595662612720023,4.679623445275468,0.4999999998437801,0.6294907466396051,2,2,3.745223281557431,1.4299210820617623,8.0000000025,9.96666666978125,8.983333336140625,0.0,0
-1.1515517556850532,6.558416890110211,6.658746394818189,-24.09892741074433,10.839195634706238,34.93812304545057,-7.397840645591242,6.368262678328564,9.761291705391985,-22.6459401169668,1.818053413270893,24.46399353023769,7.689484174748703,5.889263464160238,9.685638390111587,-5.879592707065964,19.37021820310725,25.249810910173213,13.476055760208682,7.199252147272542,15.278524481515287,4.517283681144506,38.32495609084971,33.807672409705205,-0.17539245236214954,1.4896468882900538,1.4999367867139763,-4.942330520420192,3.1055862872354907,8.047916807655684,0.06955195979659407,0.7765339930947849,0.7796425575501114,-2.249754874451192,2.281293311304378,4.53104818575557,0.19084247906560764,1.8326758906191605,1.8425856213138752,-3.442871522064174,2.969651398444926,6.4125229205091,2.2577484477174226,1.0748705040065694,2.500554869134802,0.304264277036463,5.7324650091308635,5.428200732094401,1.4999999995313402,0.3725019052432812,3,3,2.0779839421390744,2.1679327539616424,9.0000000028125,10.96666667009375,9.983333336453125,0.0,0
-2.538377521892296,8.333065529553442,8.711104497334414,-24.09892741074433,15.590033946575824,39.68896135732015,-8.4862469253187,8.06193840009411,11.705179949252939,-26.70464272250397,4.3478374943734535,31.052480216877424,7.273010228088269,8.625670213519323,11.28267984169856,-23.230709601064365,27.31702874005396,50.547738341118325,16.237739643089903,8.748100073808637,18.44433364527285,4.194460488386962,38.32495609084971,34.130495602462744,0.2554925631345041,2.1084989630339703,2.1239219211007656,-6.476874918632279,5.987076522741955,12.463951441374235,-0.35766262944658606,1.1644621213409643,1.218152120443315,-3.313651543933932,2.281293311304378,5.59494485523831,0.054510491604946566,1.9243457684394936,1.9251176665871619,-3.838176978124488,2.9419385515641827,6.78011552968867,2.7764248685943125,1.4115530081190586,3.1146455569902187,0.304264277036463,6.904328913954267,6.600064636917804,0.9999999996875601,0.3499702804227762,3,2,3.0649339409848615,3.0088985540025535,10.000000003125,11.96666667040625,10.983333336765625,0.0,0
-3.9790811259000214,9.116253008063417,9.946816350648035,-35.07634154224506,20.50582231506218,55.582163857307236,-6.942074757285832,7.417260342661819,10.159141347897904,-26.70464272250397,4.983295506132346,31.687938228636316,5.433595764907617,10.5767002983773,11.890775926663341,-30.201168133519744,27.31702874005396,57.5181968735737,16.503878121185622,8.43563083232398,18.534774360056407,4.194460488386962,35.396216441598256,31.201755953211293,0.40401177970500957,2.0857306149136665,2.1244994036545526,-6.476874918632279,5.987076522741955,12.463951441374235,-0.21571988556403035,2.3115478625159147,2.3215918223774077,-6.26732651119324,6.530484373444948,12.797810884638189,-0.23105233549687101,1.7999662307376387,1.8147351359177515,-3.838176978124488,2.883010207310566,6.7211871854350544,3.2825377650029277,1.5561155936247801,3.6327055921712983,0.5636295973154606,6.936692402063897,6.373062804748436,0.9999999996875601,0.37910650228002724,3,2,5.430734715572651,6.200312445634093,11.0000000034375,12.96666667071875,11.983333337078125,0.45,0
-5.072306431117089,10.081041525588242,11.28519786143718,-35.07634154224506,20.50582231506218,55.582163857307236,-2.4435003702258493,6.848010119551008,7.270896551097867,-19.100573833767395,11.647902041540856,30.74847587530825,5.542554616968449,8.883550413216435,10.470786963081437,-30.201168133519744,21.005271192811755,51.2064393263315,15.354058464159284,7.356078828694542,17.02524616723028,4.250340540574838,35.396216441598256,31.145875901023416,-0.10937300218702871,1.7344189222401336,1.7378640486045016,-4.293274819512343,2.7865434263836866,7.079818245896029,1.152066718157517,2.582655556417267,2.8279617122901812,-6.26732651119324,6.530484373444948,12.797810884638189,0.05254480918024614,1.646628006117454,1.6474661597441482,-3.362090058188777,4.4533365258099975,7.815426583998775,3.3565733338751773,1.570063406181882,3.705628643713962,0.6786561520142745,6.936692402063897,6.2580362500496225,0.4999999998437801,0.9157596342127653,3,1,2.89592102170587,11.864585666852147,12.00000000375,13.96666667103125,12.983333337390626,0.95,1
-6.57224342283446,9.187800915617883,11.29646268855962,-26.59416461006415,7.757295274090719,34.35145988415487,-2.5059572150150484,7.882005865581988,8.270782189645356,-23.294293706629247,17.81360449066248,41.10789819729173,6.612469443672601,6.526760110238763,9.29103598529829,-8.623149485198654,28.834098219181563,37.457247704380215,15.148769025729877,7.270079365988338,16.802953817191852,4.4987319064846005,40.75561251651929,36.25688061003469,-0.7417555936386687,2.579958078782968,2.684471092966314,-8.332799658242568,2.7995493188630363,11.132348977105604,0.02192412631111894,3.158995006412221,3.1590710846468544,-8.295495182515896,5.5972591556589055,13.892754338174802,-0.3397854101349024,2.682075974367452,2.703513576296531,-7.4220897531865795,5.781921980971355,13.204011734157934,4.0468149011247805,2.8492788526358206,4.949252552057055,0.19936116168930995,9.530337499420055,9.330976337730744,0.9999999996875601,0.40716126096775546,2,1,5.997803681216187,10.371841591364179,13.0000000040625,14.96666667134375,13.983333337703126,1.0,1
-8.08119950175279,7.691203026498082,11.156181666768555,-28.18211578110559,3.2859344786637004,31.468050259769292,-5.093073325794892,8.01480242156577,9.496128356264986,-29.521907096676436,17.81360449066248,47.335511587338914,5.890846454733309,6.289752143474185,8.617601405239284,-8.623149485198654,28.834098219181563,37.457247704380215,14.740340962910674,8.462992698645227,16.99705554265752,4.4987319064846005,42.500675009589976,38.001943103105376,-1.0853007867208815,2.415263131073325,2.6478998829221405,-8.332799658242568,2.7995493188630363,11.132348977105604,-0.2270819063775861,2.9499927453208676,2.9587198903664116,-8.295495182515896,4.87175112855505,13.167246311070947,-0.32587845565335266,2.9669132532168248,2.984756442320321,-7.4220897531865795,5.781921980971355,13.204011734157934,3.842277162341508,3.148185891485835,4.967309956062897,0.19936116168930995,9.530337499420055,9.330976337730744,0.9999999996875601,0.4375470480963247,2,1,5.0174673979662545,10.746408416641955,14.000000004375,15.96666667165625,14.983333338015626,1.0,1
-9.07967393322658,10.479753806664396,13.865991438840974,-70.03576906350216,2.0787684835687212,72.11453754707088,-5.367604251366237,7.1609186911891385,8.949297844027031,-29.521907096676436,12.137527468511832,41.65943456518827,6.698463829263796,10.527450529242273,12.47784566011292,-8.48883690689192,74.78530652445627,83.2741434313482,15.755817828682604,13.409194134998728,20.689424419270747,4.565942647876953,102.98827033874463,98.42232769086768,-1.293427172793021,2.3918242886307035,2.7191501023303433,-7.417608821901828,1.9139763817084023,9.33158520361023,-0.42896366824404664,3.064153667961518,3.0940341836436476,-8.724803193637943,4.87175112855505,13.596554322192993,-0.2389648050621963,3.2817303772955273,3.290419190213104,-9.29599354807466,5.451907117981354,14.747900666056015,4.089153129052026,3.327538120449594,5.271971477149814,0.24827790792041837,11.38087347019267,11.132595562272252,0.4999999998437801,0.5454291356601072,1,1,5.409375030651058,9.449914380553578,15.0000000046875,16.96666667196875,15.983333338328125,1.0,1
-7.9830102963211385,10.303545251488709,13.034243289913107,-70.03576906350216,2.0787684835687212,72.11453754707088,-4.709798481796907,8.023308565517352,9.303530624265205,-26.878998198125363,12.137527468511832,39.01652566663719,7.845517563964302,10.33977557680615,12.97933375891033,-8.48883690689192,74.78530652445627,83.2741434313482,15.617563385709586,13.453698336733217,20.61335210591608,5.540418716991843,102.98827033874463,97.44785162175279,-1.2912640962126403,2.962911354416923,3.2320591981429696,-7.498322079643945,1.9139763817084023,9.412298461352346,-0.6319831498952667,2.8575014830975984,2.9265538484122446,-8.724803193637943,3.961030295518382,12.685833489156325,-0.8644169644328002,3.4377722636788257,3.5447841718951882,-9.29599354807466,7.925013660259529,17.22100720833419,4.356754641711746,3.5489587071701614,5.619289894041394,0.33470414370661483,11.38087347019267,11.046169326486055,0.4999999998437801,0.4928433250053004,1,1,4.395331422358226,7.987265613304312,16.000000005,17.96666667228125,16.983333338640627,1.0,1
-9.367781941522502,9.0275542417985,13.009691544864896,-45.02218760380811,5.221548228155332,50.24373583196345,-4.443977743901333,8.326327353871692,9.438043515057682,-26.878998198125363,10.962976810672467,37.84197500879783,7.039328379813392,6.720394113832056,9.732206383142252,-7.02835899219424,25.69102276516775,32.719381757361994,16.46649442993714,9.049814459842558,18.78948058272837,5.540418716991843,51.89241874774661,46.352000030754766,-1.4370172691278504,3.112568307211997,3.428279466267624,-10.55121702552712,3.4995868442285887,14.050803869755708,-0.5632020166492163,3.1009631458073663,3.151693028074477,-9.639383681365535,3.961030295518382,13.600413976883917,-0.31360542747465986,4.175232509249446,4.1869935359915464,-9.536068470943766,8.289444048176774,17.82551251912054,4.9694767789813,3.8107065559612603,6.2623624865126155,0.2970119615039188,12.890002703821358,12.592990742317438,0.4999999998437801,0.5232520314934965,2,1,3.0062293104207427,9.978032135213171,17.0000000053125,18.96666667259375,17.983333338953123,1.0,1
-9.723194959147309,9.12337164014826,13.333282802740262,-45.02218760380811,5.221548228155332,50.24373583196345,-4.570109282581915,6.42440728919566,7.884092076593963,-20.005100437315235,9.996057947605983,30.00115838492122,6.724017466459231,6.191984735972778,9.140737708728366,-7.02835899219424,25.69102276516775,32.719381757361994,16.067867787162253,8.081587022615244,17.985783942598378,6.583424701419723,51.89241874774661,45.30899404632689,-1.0767020571468686,2.676224010635196,2.8846944855503565,-10.55121702552712,3.4995868442285887,14.050803869755708,-0.3962293666957593,3.254893732704171,3.2789222196064687,-9.639383681365535,4.958873828480933,14.59825750984647,-0.02191309620362831,3.697422085214222,3.6974870195871024,-9.536068470943766,8.289444048176774,17.82551251912054,4.341175129199068,3.72805605575241,5.722255102423237,0.2970119615039188,12.890002703821358,12.592990742317438,0.4999999998437801,0.5225360910729552,2,1,3.104020816911004,12.63499435343074,18.000000005625,19.96666667290625,18.983333339265627,1.0,1
-8.88636549020179,7.101767065188361,11.375525793282849,-31.17835114339441,2.7163716541071157,33.89472279750152,-3.0756454354657325,5.742671838419177,6.514435868782031,-20.005100437315235,9.996057947605983,30.00115838492122,6.064408646069195,4.480937222976243,7.5402818662681845,-4.051331559282477,15.574029273938343,19.62536083322082,13.774963674047099,6.240728175747843,15.12270850029485,6.583424701419723,36.34717317168401,29.76374847026429,-1.156472009428978,2.1935502491253356,2.4797359141712088,-9.068272528972964,3.376236141802489,12.444508670775452,-0.2062567155303781,3.0367056531028314,3.043702195729417,-8.492301241318177,4.958873828480933,13.45117506979911,-0.440435773215403,3.231746219700959,3.2616203486732314,-9.711791776629706,3.6629869999459146,13.37477877657562,3.9763925057927687,3.1999504994722954,5.1040553052644215,0.3769295405306541,12.010040082604672,11.633110542074018,0.4999999998437801,0.5659132704461354,2,1,3.490293884129364,9.365159580572614,19.0000000059375,20.96666667321875,19.983333339578124,1.0,1
-9.201708670259249,6.700145717890702,11.382591756418805,-31.17835114339441,2.7163716541071157,33.89472279750152,-3.2695853537514017,6.022829125021928,6.853076612345588,-20.57252780336461,14.336936251233835,34.909464054598445,5.883717620011413,4.731256478884096,7.5500278741879825,-4.051331559282477,15.574029273938343,19.62536083322082,13.93626551388107,6.269886647746999,15.2817202908896,4.057482945909256,36.34717317168401,32.289690225774756,-1.2886922924965651,2.431131250872386,2.7515680954154824,-9.068272528972964,5.928997634780642,14.997270163753605,-0.18968426325505064,3.0032940559359202,3.0092782035143646,-8.492301241318177,4.535762458813766,13.028063700131943,-0.3474863174832819,3.195151998357376,3.2139917600151406,-9.711791776629706,3.6629869999459146,13.37477877657562,4.2022846263265405,3.049168614989971,5.191977014904848,0.2500020952960478,12.010040082604672,11.760037987308625,0.4999999998437801,0.5195878841734082,2,2,2.4522530035598566,6.1403893734408665,20.00000000625,21.96666667353125,20.983333339890628,1.0,1
-9.092928800409169,6.75733096736089,11.328851485113795,-38.3393010116882,-0.8392163346106807,37.50008467707752,-4.0228250053140195,6.453588108299268,7.60473013952247,-20.57252780336461,14.336936251233835,34.909464054598445,4.997667815776874,7.218524546534112,8.779736910965356,-8.276607640953264,42.63538066854568,50.911988309498945,14.122307229928342,7.988680441475157,16.225245042602406,4.057482945909256,57.862399291089794,53.80491634518054,-1.4184870454159109,2.9030334053064513,3.231053767788139,-9.440401426846634,5.928997634780642,15.369399061627277,-0.1913549760492796,2.729372793239197,2.736072471871525,-7.030674541857252,4.535762458813766,11.566437000671018,-0.6441594505128225,3.074564725447749,3.141319730408316,-10.434270210043312,2.5478240083150294,12.982094218358341,4.4050589091151355,2.896402368033322,5.271972180344245,0.2500020952960478,11.199799250609285,10.949797155313238,0.4999999998437801,0.5872693304461468,2,1,4.694846366605056,8.86138734620553,21.0000000065625,22.96666667384375,21.983333340203124,1.0,1
-8.931729251689292,7.040705318882018,11.373096272027933,-38.3393010116882,4.078551138750768,42.41785215043897,-4.221771992235306,6.844020596060561,8.04139146377812,-28.262048755695403,12.199544269067603,40.461593024763005,4.588852185354967,7.257460940190838,8.586518717002411,-8.276607640953264,42.63538066854568,50.911988309498945,14.121133298716028,8.266389388594362,16.362750354508623,5.567651685293458,57.862399291089794,52.29474760579634,-1.3582423350998032,2.990051859447993,3.2840877520318736,-9.440401426846634,5.3915805058883075,14.83198193273494,-0.19665576804167734,2.7573600454209957,2.7643639252435883,-7.030674541857252,4.569952500198232,11.600627042055484,-0.5763659831056707,3.101342278205354,3.1544447487736007,-10.434270210043312,2.5992673234481485,13.033537533491462,4.482852931953937,2.8777580749206897,5.327050022976999,0.4238538557594048,11.199799250609285,10.775945394849881,0.4999999998437801,0.5310260830399699,1,1,4.5154859082739485,9.102406608459638,22.000000006875,23.96666667415625,22.983333340515625,1.0,1
-8.693965318289454,5.737939523868582,10.416764513763047,-23.220269251328656,4.078551138750768,27.298820390079424,-4.26430900041646,6.3495740662300415,7.648622233681953,-28.262048755695403,9.785734155418332,38.047782911113735,3.3795224944636346,5.017645901646822,6.049623350663977,-5.276650926817214,13.053260907275044,18.329911834092258,12.90619934488249,6.085915392430343,14.26913969704081,4.916213859333383,34.38566242210854,29.469448562775156,-1.2373286559802386,2.7254444854326856,2.9931638521947472,-6.613219130117966,5.3915805058883075,12.004799636006274,-0.30185858349846334,2.7934038722792662,2.8096661364113173,-6.288719307639436,4.569952500198232,10.858671807837668,-0.6984795134477972,2.965850860488877,3.046989490853042,-9.762984230514707,2.5992673234481485,12.362251553962857,4.363098698372194,2.6647266932677276,5.11247480204555,0.4238538557594048,10.744842792130207,10.320988936370803,0.4999999998437801,0.6804760951725473,1,1,5.082221421909624,7.268081501843912,23.0000000071875,24.96666667446875,23.983333340828125,1.0,1
-7.706593476156442,5.66793434247409,9.56645507580181,-32.60791423141238,1.4628217404601982,34.07073597187258,-2.789959072040905,4.351408595017112,5.169006518128231,-12.583236889570523,11.01148697034853,23.594723859919053,4.661188339944387,5.507447322314131,7.2151682411776505,-5.276650926817214,18.008954565202377,23.28560549201959,12.075242834837868,4.948015190961091,13.04968750010072,4.916213859333383,35.98901180317723,31.072797943843845,-1.072682596304268,2.4473729734360066,2.6721306898277013,-6.613219130117966,3.8182869193627607,10.431506049480728,-0.6856009231998266,2.472076110373243,2.5653867001624837,-6.288719307639436,3.662450736079877,9.951170043719312,-0.7070660719312645,2.9635076683772668,3.046690028638813,-9.762984230514707,3.070549238648279,12.833533469162987,3.9637217433012606,2.7005039191190985,4.7962288806412054,0.6591279776143141,10.744842792130207,10.085714814515892,0.4999999998437801,0.6375324104423237,1,2,2.9700554509857517,5.644002140083578,24.0000000075,25.96666667478125,24.983333341140625,1.0,1
-9.172392523910055,6.921575254351307,11.490908955097044,-32.60791423141238,1.4628217404601982,34.07073597187258,-4.3902673058876385,6.583502485677614,7.913087387111886,-23.551662474976233,11.01148697034853,34.56314944532476,5.133736232499124,5.249404731417138,7.342444942871477,-5.234812401526784,18.008954565202377,23.24376696672916,14.283916624189892,6.673766869069461,15.766085067304996,5.022977249878889,35.98901180317723,30.96603455329834,-1.334719911169646,2.7386269859964134,3.046564460125619,-10.410400380414863,3.8182869193627607,14.228687299777624,-0.13590145687410604,2.6939248841716203,2.69735064230433,-7.305046916397593,4.48624899058318,11.791295906980773,-0.696300819311466,3.408066116316228,3.478469416878147,-11.324159139347575,3.634235636030106,14.95839477537768,4.3263573986650545,3.152718928228907,5.353223793322738,0.6591279776143141,12.070465957794587,11.411337980180273,0.4999999998437801,0.5619278201633437,1,1,6.476942247364455,7.380994432940211,25.0000000078125,26.96666667509375,25.983333341453125,1.0,1
-8.600935990459805,7.111858072958842,11.160404345806501,-26.09111684351194,5.503156267765057,31.594273111276998,-4.027925270097534,7.103220273299821,8.165777380783037,-23.551662474976233,12.839392562501772,36.391055037478004,5.171077655034055,4.963449254260332,7.1676964649746395,-5.234812401526784,13.460578149276843,18.695390550803626,14.190091319211634,6.42275068493625,15.575956407502382,4.425911071938131,34.58800575853056,30.162094686592425,-1.1984071738509405,2.7223852856925412,2.974485064358646,-10.410400380414863,2.60216746094006,13.012567841354922,-0.21034057664914543,2.672328114906169,2.680593350716041,-7.305046916397593,4.48624899058318,11.791295906980773,-0.7087391148998101,3.383051729659132,3.4564939083612765,-11.324159139347575,3.634235636030106,14.95839477537768,4.1078001915052385,3.332637069229689,5.289658991705829,0.19995005817265876,12.070465957794587,11.870515899621928,0.4999999998437801,0.5228199618614129,1,1,3.9951890374505945,10.665069903030421,26.000000008125,27.96666667540625,26.983333341765622,1.0,1
-9.43135020552314,7.774607775525035,12.22272035033428,-29.390292383893605,5.503156267765057,34.89344865165866,-4.224866712234436,7.085822193287972,8.249749989608107,-20.005470479017152,12.839392562501772,32.84486304151892,5.482183288087726,5.391169397931546,7.6888907575398635,-10.37765447015368,13.553900425916362,23.93155489607004,15.378580808536183,6.330210190050503,16.63046327481278,4.425911071938131,30.68348235716303,26.2575712852249,-1.1420267674051996,3.0216087742263755,3.2302236334272263,-13.021961018915547,4.450394732042421,17.472355750957966,-0.21262075900674687,3.166373116028392,3.173503788727525,-9.04905182208749,3.9700393678143264,13.019091189901816,-0.5074560542534261,3.3870572902960876,3.424860396387907,-11.37451181571284,4.332641962123688,15.707153777836528,4.365601457504323,3.629967447237261,5.677599823320245,0.19995005817265876,13.600347131307947,13.400397073135288,0.4999999998437801,0.5047988649005972,1,3,6.0657967352632935,5.188787154603037,27.0000000084375,28.96666667571875,27.983333342078126,1.0,1
-9.941007173612782,7.341772254994337,12.35820551172481,-29.390292383893605,-0.8736477878098308,28.516644596083776,-4.949077643170045,7.10032456343005,8.654939539024737,-20.005470479017152,9.36411018417365,29.369580663190803,5.145611229484072,5.656247516757567,7.646597341028148,-10.37765447015368,15.40844834256194,25.78610281271562,15.817655123311802,5.992116419929257,16.91459939785799,6.195362150589991,30.68348235716303,24.488120206573036,-1.1033157893809808,2.9953577558868476,3.192095521260112,-13.021961018915547,4.450394732042421,17.472355750957966,-0.1153204180927776,3.270814822001886,3.272847139518789,-9.04905182208749,4.385849903919589,13.43490172600708,-0.5337644235690877,3.3834545433843597,3.4252983967847688,-11.37451181571284,4.332641962123688,15.707153777836528,4.375598341077824,3.6725754560088335,5.712588845919291,0.4230423814570251,13.600347131307947,13.177304749850922,0.4999999998437801,0.5753500490265204,1,2,2.467189778443772,7.515246923055239,28.00000000875,29.96666667603125,28.983333342390623,1.0,1
-10.60438012418843,8.360575255713679,13.503780819634716,-36.162094535168926,-0.8736477878098308,35.288446747359096,-3.9055526456835596,7.802810959013856,8.725663317496991,-26.982030116529145,13.01472892408306,39.996759040612204,6.070298020035344,7.02020359875274,9.280720695074598,-13.6440409658336,17.88517698994984,31.52921795578344,16.71166190490761,8.08340458910061,18.563972456751625,6.000759339767236,40.243464050767926,34.24270471100069,-1.3670075503656485,2.7242397082023833,3.0479815666278722,-7.825752804963899,2.959575409094276,10.785328214058175,-0.36943854470620885,3.1419270403867436,3.1635724055927734,-9.45638290642387,4.385849903919589,13.84223281034346,-0.40553877041295483,3.8450028463607584,3.866330118190942,-10.354993905097372,6.251379211141766,16.606373116239137,4.577435266269102,3.6460906409300406,5.852084293545482,0.4230423814570251,13.373856082804236,12.950813701347212,0.4999999998437801,0.5629674725294916,2,2,4.664871934897972,6.22783951811547,29.0000000090625,30.96666667634375,29.983333342703126,1.0,1
-9.939617375219775,8.322354743492488,12.963702482018892,-36.162094535168926,-0.5706871084006173,35.591407426768306,-4.467390186175098,7.745877623249467,8.941822813604082,-26.982030116529145,13.01472892408306,39.996759040612204,5.98364796375835,6.62272460291021,8.925498536226513,-13.6440409658336,17.88517698994984,31.52921795578344,16.246853386578728,7.982359076575685,18.10188668046441,6.000759339767236,40.243464050767926,34.24270471100069,-1.2781875718591074,2.7745516939303028,3.0548159635478194,-7.825752804963899,3.5241192699125317,11.34987207487643,-0.3092404050706105,3.126704216904794,3.1419594026878284,-9.45638290642387,4.147953031953762,13.604335938377632,-0.4038365623688831,3.836931912023199,3.858125252840804,-10.354993905097372,6.251379211141766,16.606373116239137,4.5597882815069575,3.646542301101797,5.838573449558802,0.32583368233031135,13.373856082804236,13.048022400473926,0.4999999998437801,0.5242965851565387,0,2,0.0,7.8413709925376,30.000000009375,31.96666667665625,30.983333343015623,1.0,1
-9.925223563284215,8.839913800414353,13.291130079113978,-51.11063688446783,-0.5706871084006173,50.53994977606721,-4.457519353219344,7.127895567052727,8.406924169940806,-20.459056648355222,11.645457071657876,32.1045137200131,6.736883369397273,6.645661781434805,9.463108265579804,-9.990666510313591,31.432275369456946,41.42294187977053,16.179850817056863,8.665642409131156,18.35431640854946,6.455048169609575,60.44969156008658,53.994643390477,-1.2760068783941714,2.803847341878087,3.0805443464209463,-8.783264018923914,3.5241192699125317,12.307383288836446,-0.35945403690454314,3.13150219790061,3.152064913688061,-8.94385692637285,4.147953031953762,13.091809958326612,-0.308460156105746,3.794938091616778,3.8074535830537415,-9.170352828422242,6.283503795452935,15.453856623875177,4.585386030347068,3.5911285733284606,5.824256989305859,0.32583368233031135,12.383601773557865,12.057768091227555,0.4999999998437801,0.5063747728336832,1,2,4.616749197393894,5.087259215135271,31.0000000096875,32.96666667696875,31.983333343328127,1.0,1
-10.081717527134826,8.781440350929763,13.369918583666657,-51.11063688446783,1.3179950090580164,52.428631893525846,-3.920463529767207,6.660750680405896,7.728883096202345,-20.459056648355222,11.645457071657876,32.1045137200131,6.848190130434341,6.878256747574161,9.706086953460073,-9.990666510313591,31.432275369456946,41.42294187977053,16.0963182940445,8.579453256098178,18.240024144632187,6.72552897904042,60.44969156008658,53.72416258104616,-1.4140411765413048,2.747576172012165,3.0900950260410025,-8.783264018923914,3.3353489315950298,12.118612950518944,-0.48839910972820816,3.0822391997918754,3.12069418160719,-8.94385692637285,4.416972119419734,13.360829045792585,-0.2994956346632777,3.8107841914092355,3.8225349950885867,-9.170352828422242,6.283503795452935,15.453856623875177,4.542164605210869,3.6425175267837506,5.822301369197339,0.31101068494421774,12.383601773557865,12.072591088613647,0.4999999998437801,0.46993444009296814,2,3,1.72487051361971,5.453508053612713,32.00000001,33.96666667728125,32.98333334364062,1.0,1
-8.720062669012119,6.388507450535834,10.809834429677942,-25.274900742946784,1.3179950090580164,26.5928957520048,-3.8483058529136858,5.543787484344249,6.748558187430977,-21.69476214231993,8.54334840332884,30.238110545648773,6.022806737536139,4.88666835195092,7.75588348156865,-3.811073452822527,16.937371090767755,20.74844454359028,13.798952043865873,5.669057159435916,14.918085888808315,6.9605830734864655,34.75714205035628,27.796558976869814,-1.1424354500633085,2.2069972921025602,2.485155086691651,-6.739163420309644,3.3353489315950298,10.074512351904675,-0.1745396994203511,3.022021182198186,3.0270573387909696,-8.813413434274656,4.968044678643978,13.781458112918635,-0.5955322835911204,3.35998173360208,3.412350502357414,-10.970354655549924,3.722093515546729,14.692448171096654,3.9870397073144077,3.3296729960275053,5.194536349682862,0.31101068494421774,12.76215056690286,12.451139881958643,0.4999999998437801,0.5102593940503328,2,2,3.607102224784555,5.07931354028403,33.0000000103125,34.96666667759375,33.98333334395312,1.0,1
-10.890953767021964,7.4130733219578016,13.174465075749085,-39.16437693104143,0.7746091817850446,39.93898611282648,-4.468064921701096,6.721210618923969,8.070828726250616,-24.668366104572616,15.157174435390395,39.825540539963015,5.508469421216415,6.306919314843215,8.373796427452646,-5.7984492723621575,27.245419064599403,33.04386833696156,15.554319692192442,8.17853360218674,17.573425191721256,6.434310869297559,48.46647511403113,42.032164244733565,-1.4474728681023201,2.4729051445218113,2.865386109705775,-6.739163420309644,5.228652509465662,11.967815929775306,0.10356902415473522,3.148312031150168,3.1500151092096784,-8.813413434274656,4.968044678643978,13.781458112918635,-0.4476462993749987,3.4150569081591264,3.4442707349030366,-10.970354655549924,3.722093515546729,14.692448171096654,4.621308554911942,2.939309592668193,5.4768634857237,0.7081539846453689,12.76215056690286,12.053996582257492,0.4999999998437801,0.6594316926949548,0,1,0.0,13.393145099011912,34.000000010625,35.96666667790625,34.983333344265624,1.0,1
-10.505819900572153,7.224454262659871,12.75009769282268,-39.16437693104143,0.7746091817850446,39.93898611282648,-3.9983098606815037,6.918205465670565,7.990497394233793,-24.668366104572616,15.157174435390395,39.825540539963015,4.135646535339723,6.664887745666441,7.843742788210369,-11.500252196099124,27.245419064599403,38.74567126069853,15.132570189397322,7.677412335829362,16.96871653105742,6.434310869297559,48.46647511403113,42.032164244733565,-1.420896130251445,2.625543581144023,2.9853684713030173,-8.27578298500882,5.228652509465662,13.504435494474482,-0.29102963033744333,2.886728121644703,2.901361317386841,-7.14800752402539,5.314144326125719,12.462151850151109,-0.5393924219113492,3.423247674715188,3.46548248116454,-11.44266483017697,2.629908034414302,14.072572864591272,4.47873925205588,3.046438238801353,5.416630985283855,0.7081539846453689,12.627909672074216,11.919755687428847,0.4999999998437801,0.7070963401352447,1,2,8.505197597927573,5.261260439059169,35.0000000109375,36.96666667821875,35.98333334457813,1.0,1
-9.921408430052654,7.126240786203244,12.215467775687777,-34.18286339527317,1.4826329522947406,35.66549634756792,-3.950837667468885,7.264256765166973,8.269132035768031,-26.840990645450994,14.02256056706702,40.86355121251801,4.183818413460013,6.006740767359411,7.320196115068542,-11.500252196099124,18.78253913870578,30.282791334804905,14.895727001585724,7.021309412148573,16.4675884320351,6.223589969052252,37.661194373322935,31.437604404270683,-1.3776281865833764,2.5042608742842387,2.85817808174016,-8.27578298500882,3.5931198980477053,11.868902883056526,-0.2599242253917337,2.862008272041983,2.8737870401583745,-7.14800752402539,5.314144326125719,12.462151850151109,-0.6826041285399775,3.377899603393459,3.4461796422858617,-11.44266483017697,2.629908034414302,14.072572864591272,4.341008063023441,3.075652292245185,5.320149248472979,0.35106935849671067,12.627909672074216,12.276840313577505,0.4999999998437801,0.659611920489009,0,2,0.0,6.7303273235554855,36.00000001125,37.96666667853125,36.983333344890625,1.0,1
-9.41166018823681,7.06761928058807,11.769901860006394,-34.18286339527317,1.4826329522947406,35.66549634756792,-4.187234799101459,6.849438442536327,8.027935116884086,-26.840990645450994,14.02256056706702,40.86355121251801,4.940566940081822,6.220396387860688,7.943710273640381,-6.298625706587927,25.448705234906928,31.747330941494855,14.522798047868097,7.4275973105346145,16.31198531591487,5.3223039348458405,37.661194373322935,32.338890438477094,-1.3667551772634736,2.484962394992859,2.8360285293179186,-7.553396367498465,3.5931198980477053,11.14651626554617,-0.38595965949311467,2.9203580306393464,2.945752176588479,-7.091713928064797,4.981369242186035,12.073083170250833,-0.5430831083255597,3.0471236694159995,3.095141663844125,-9.415156589917345,2.878483377960866,12.29363996787821,4.344936733929851,2.7243238431566272,5.128393084022002,0.35106935849671067,10.612504709137138,10.261435350640427,0.4999999998437801,0.6464704429437403,2,2,5.317842717696061,5.104454124149839,37.0000000115625,38.96666667884375,37.98333334520312,1.0,1
-8.126080584861088,6.016473143184487,10.110941338684373,-25.812294545938084,2.5257342969134986,28.338028842851582,-3.3555599864867562,5.543814689375243,6.480251857223122,-22.32849639709133,11.097746994525304,33.42624339161664,5.222313832230072,5.803853677196086,7.80751428231829,-5.584087144481803,25.448705234906928,31.03279237938873,13.073678198506638,5.853291084326543,14.324178097048515,4.171550843584632,36.592979472893454,32.42142862930882,-1.2758181023557256,2.6269755916829127,2.9203959645219952,-7.553396367498465,4.314373867854558,11.867770235353023,-0.4889028364546577,2.807024396710393,2.8492827074933715,-7.091713928064797,4.981369242186035,12.073083170250833,-0.5370483798258422,3.0530619286294334,3.0999367900523453,-9.415156589917345,2.878483377960866,12.29363996787821,4.335542291507569,2.731264483290924,5.124132379158169,0.6910616335534386,10.612504709137138,9.9214430755837,0.4999999998437801,0.6112896978597656,0,1,0.0,10.816373660266088,38.000000011875,39.96666667915625,38.983333345515625,1.0,1
-9.661573626486758,8.468229905648377,12.84744809971778,-49.17852107989498,2.5257342969134986,51.704255376808476,-4.368685194474639,8.124773804190463,9.224823017146806,-24.58763941598222,14.598112602780596,39.18575201876281,5.553355613209266,8.237851542530246,9.934885837468432,-7.9943729970971535,51.32635850793829,59.32073150503544,15.639452597408452,10.210962806198461,18.67769362036315,4.171550843584632,75.21618193807397,71.04463109448935,-1.3652849575323358,3.209229894379326,3.4875721541269953,-11.195214166751636,4.314373867854558,15.509588034606194,-0.09270992726838513,2.770026316629313,2.7715773352791486,-7.380132227225743,4.723989808553821,12.104122035779564,-0.8009841136312443,3.3863204336578905,3.4797617202473208,-11.088117519639418,3.5378077313127996,14.625925250952218,4.623571333551028,3.252096279161925,5.652746419694914,0.6910616335534386,12.36034818360455,11.669286550051112,0.4999999998437801,0.5536628606132474,2,1,4.801925488331331,8.150999211574783,39.0000000121875,40.96666667946875,39.98333334582813,1.0,1
-9.217388337080958,8.632491489952907,12.628545327181012,-49.17852107989498,8.303324065971855,57.481845145866835,-4.453152356940991,8.15370293966205,9.290502545200805,-24.58763941598222,14.598112602780596,39.18575201876281,5.782430157035628,8.183190407918659,10.020035118363957,-7.9943729970971535,51.32635850793829,59.32073150503544,15.613451468032213,10.12002132664244,18.606308027018553,4.55126760411313,75.21618193807397,70.66491433396084,-1.1693060086218565,3.082937799398306,3.297238544109001,-11.195214166751636,3.179332077566291,14.374546244317928,-0.16887337101892388,2.754963335685343,2.7601342714458306,-7.380132227225743,4.723989808553821,12.104122035779564,-0.7843268449689164,3.377373007985455,3.4672492028707156,-11.088117519639418,3.5378077313127996,14.625925250952218,4.311372243795261,3.4531159296217213,5.523761422072415,0.3419489352473782,12.36034818360455,12.018399248357172,0.4999999998437801,0.5424858870135475,1,1,3.4590429382580563,11.483260797725325,40.0000000125,41.96666667978125,40.983333346140626,1.0,1
-9.396710410256183,7.757810537022826,12.185310454090175,-28.472880759565992,8.303324065971855,36.776204825537846,-3.6620156806398803,7.254786322482253,8.12664035319196,-19.750476081317103,21.03320014623545,40.783676227552554,6.1784998009567405,5.659019407463801,8.378446183181845,-8.024114106834705,15.60859597348774,23.632710080322447,15.402063862217187,6.891941926724645,16.87372023998151,4.55126760411313,35.02295957026424,30.471691966151113,-1.2262957950557858,2.8824973200651076,3.1325057345764,-9.162739603150344,4.102632746267857,13.2653723494182,-0.34431615440351443,3.2426651499598176,3.2608941854876474,-9.419012732182876,4.4878609206025795,13.906873652785457,-0.376520259505172,3.153374128904467,3.175773276331585,-9.076012604778342,4.918092336082083,13.994104940860424,4.394769571692943,3.3492625129250255,5.525536984652534,0.3419489352473782,12.71717628685607,12.375227351608691,0.4999999998437801,0.5249701870253135,2,1,3.582925126728445,10.339967449380673,41.0000000128125,42.96666668009375,41.98333334645312,1.0,1
-9.267409972357392,7.669026011917115,12.029083405114896,-28.472880759565992,6.527685731533796,35.00056649109979,-3.913091838313211,7.417188675500205,8.3861180282084,-20.516586540688223,21.03320014623545,41.549786686923674,6.176719290027124,5.4959106139630824,8.267822849122087,-8.024114106834705,14.549745613158416,22.573859719993123,15.422118778166668,6.748405012062981,16.833975104375014,6.752517169284294,35.02295957026424,28.270442400979945,-1.1140287907703095,2.7702625822249614,2.9858692069715422,-9.162739603150344,4.102632746267857,13.2653723494182,-0.3536521240773501,3.2789668008229387,3.297983187610791,-9.419012732182876,4.4878609206025795,13.906873652785457,-0.45452146679659633,3.1278355375292017,3.1606874115624786,-9.076012604778342,4.918092336082083,13.994104940860424,4.257823729469292,3.413647613518718,5.4572935545482455,0.31679850971459017,12.71717628685607,12.400377777141479,0.4999999998437801,0.5106342696787102,1,1,2.394295894351958,13.69079407795721,42.000000013125,43.96666668040625,42.983333346765626,1.0,1
-8.87467569326203,7.421846285814274,11.56908254576961,-32.12186252850308,6.527685731533796,38.64954826003687,-3.698185848609702,6.543145231224974,7.515938270619257,-25.75425893694508,8.461813479988134,34.216072416933216,6.945322583155276,6.783691641590021,9.70855180097758,-6.987980325445505,25.29828835810319,32.28626868354869,15.19716600690893,7.323600376133787,16.869765176517877,6.555927710963056,41.155658969607444,34.59973125864439,-1.3150230414072226,2.4836050274400745,2.8102632495475435,-8.110648959783804,1.941393972523673,10.052042932307478,-0.436813887923037,3.250985333672499,3.280199995798447,-10.204683630231385,4.271781345774334,14.476464976005719,-0.11166653765572293,3.7914212078592713,3.7930652764007466,-9.17167543533639,7.16340579808655,16.33508123342294,4.528987149663996,3.540185183490986,5.7484463757810875,0.31679850971459017,12.100778876358447,11.783980366643856,0.4999999998437801,0.5016665749941978,1,1,4.866151924759785,9.943007526478313,43.0000000134375,44.96666668071875,43.98333334707813,1.0,1
-8.916169726610248,7.636418272763124,11.739376756468445,-32.12186252850308,6.350952665362591,38.47281519386567,-3.2807155790864075,6.066946521800908,6.897168608150188,-25.75425893694508,8.322601871205185,34.076860808150265,7.315036386933755,6.721229975546993,9.934016797164997,-6.987980325445505,25.29828835810319,32.28626868354869,15.158105296814067,7.368882885255919,16.85433449193175,6.555927710963056,41.155658969607444,34.59973125864439,-1.428315012761351,2.4304761415250207,2.819095253836204,-8.110648959783804,2.241188014566832,10.351836974350636,-0.7170766370059364,3.0818714770032227,3.1641951115735214,-10.204683630231385,3.9174482674831617,14.122131897714546,-0.14762475362341843,3.7773339958074335,3.780217610636315,-9.17167543533639,7.16340579808655,16.33508123342294,4.344685829214809,3.656935736855728,5.678862028441306,0.38302228655360077,12.100778876358447,11.717756589804846,0.4999999998437801,0.4350764404271303,0,2,0.0,7.71236393298112,44.00000001375,45.96666668103125,44.98333334739063,1.0,1
-8.391431777289663,7.05139258542005,10.96076022302393,-27.554023841758255,6.350952665362591,33.90497650712085,-3.433582154770049,6.2001804618464655,7.087434244705062,-22.404342425039275,8.322601871205185,30.72694429624446,7.182127455617869,5.696604259245178,9.167019956081164,-5.407796562903607,21.339828435693715,26.74762499859732,14.592610732745198,6.438940574147388,15.95005466181329,2.518137254958963,35.241876958277594,32.72373970331863,-1.056027896564099,1.9222935561656327,2.193264105026458,-6.351560267840371,2.241188014566832,8.592748282407204,-0.47082945157103856,3.2793031253594274,3.31293063019116,-11.35386040584996,4.299742221063296,15.653602626913257,0.02987540459897815,3.5040963980087154,3.5042237523219897,-9.012923808971616,6.600446578631093,15.613370387602709,4.037610389287433,3.4297526507770333,5.297688260099296,0.38302228655360077,13.281133612653806,12.898111326100205,0.4999999998437801,0.4951409007667607,1,1,5.311958184655255,7.753770905824123,45.0000000140625,46.96666668134375,45.98333334770312,1.0,1
-9.516705816838163,7.5945523870632385,12.175586867337822,-40.048010052015464,-1.6098252416953498,38.43818481032012,-3.6227309149694396,5.88062922425473,6.906951524039684,-22.404342425039275,9.149855778743412,31.554198203782686,7.002136691370936,7.741082957032117,10.438116860444525,-10.289483011991084,40.40863514157356,50.69811815356465,15.27949748425745,8.452344949207289,17.461534254234927,2.518137254958963,57.05861045884536,54.54047320388639,-1.4809848131312437,2.2548548548839835,2.6977187461481704,-8.364760703925512,4.122559958838973,12.487320662764485,-0.6074486236485576,3.238266899232924,3.294748297069162,-11.35386040584996,4.299742221063296,15.653602626913257,-0.10580367691678899,3.5711824096152345,3.572749392385979,-9.012923808971616,6.600446578631093,15.613370387602709,4.3188899235753615,3.4992543238800162,5.558560154856092,0.17112889657953842,13.281133612653806,13.110004716074267,0.4999999998437801,0.4902358017673457,1,2,1.714781560303775,8.219818477930396,46.000000014375,47.96666668165625,46.98333334801562,1.0,1
-10.1485681714005,7.527156670151338,12.63532838776132,-40.048010052015464,-1.6098252416953498,38.43818481032012,-3.507311260191029,5.956520818588866,6.912407144992645,-21.917201341853666,9.149855778743412,31.067057120597077,6.294119277979825,7.214375771932965,9.574087698788363,-10.289483011991084,40.40863514157356,50.69811815356465,15.209949482215357,8.231250695809228,17.29439363692185,4.753585042781297,57.05861045884536,52.30502541606406,-1.3407896689905006,2.496737865186602,2.8339754593023923,-9.483416819086994,4.122559958838973,13.605976777925967,-0.2186756015053551,2.935868190344056,2.944000857637071,-8.361286985838762,4.9905668533104635,13.351853839149225,-0.6195797602152371,3.553721775040461,3.6073283096587,-12.34871459540592,4.0032236206175895,16.35193821602351,4.131461155995248,3.5556158684345425,5.450814204076407,0.17112889657953842,13.741488256109099,13.57035935952956,0.4999999998437801,0.5467788304547679,2,3,4.831738272330403,3.1871932330012753,47.0000000146875,48.96666668196875,47.98333334832813,1.0,1
-10.55393225888852,6.9982913798321436,12.663394819804074,-26.204943482270593,5.502054612718745,31.706998094989338,-2.543921165756617,6.55843486113186,7.034529317963939,-21.917201341853666,15.200219901436633,37.117421243290295,5.550916749713283,5.734808392942817,7.981272083196692,-10.598916525784515,17.12432286071173,27.723239386496246,15.156762281309906,6.619624785545699,16.539252557281714,6.641339409840485,35.5692840355411,28.92794462570062,-1.2842328103846785,2.8855198462270577,3.1583981215544616,-9.483416819086994,5.455794390261291,14.939211209348285,0.1042664447855883,3.0374363386420136,3.0392253951971426,-8.361286985838762,4.9905668533104635,13.351853839149225,-0.6207091077366972,3.71473337839281,3.766234707101105,-12.34871459540592,4.0032236206175895,16.35193821602351,4.885389233979127,3.087048039558788,5.779004548018882,0.8286928777939881,13.741488256109099,12.91279537831511,0.4999999998437801,0.6356942216609665,0,1,0.0,12.377408097168878,48.000000015,49.96666668228125,48.98333334864063,1.0,1
-9.842293762839777,6.831196120495652,11.980650522851823,-29.070484319349102,5.502054612718745,34.57253893206785,-3.0694482029862495,6.467317354797435,7.1587503126229795,-22.28447387336357,15.200219901436633,37.484693774800206,4.451214882923937,5.651424270915118,7.193880053479628,-10.598916525784515,16.68900112583939,27.287917651623907,14.352749105153894,6.366647181801844,15.70145226445762,6.641339409840485,36.78160676061911,30.14026735077863,-1.5658714923846995,2.946011280151501,3.3363057404025445,-9.127012916483112,5.455794390261291,14.582807306744403,-0.2481827135607245,2.7973708499871544,2.808358654386619,-6.938378232694918,5.05121630341024,11.989594536105159,-0.8217478240967443,3.52086526551166,3.615489137626364,-10.601773211845556,3.607952396307827,14.209725608153382,4.8378591351131695,2.946980661322275,5.6647661937105065,0.8286928777939881,11.855648096672368,11.02695521887838,0.4999999998437801,0.6451622473063165,1,2,7.404001762829523,4.493207952867699,49.0000000153125,50.96666668259375,49.983333348953124,1.0,1
-9.67901553953286,7.584727356487943,12.296805718835087,-42.52234688126127,7.95439626724253,50.4767431485038,-3.4867062535430597,6.315833049669089,7.214351503065858,-22.28447387336357,12.578485012905425,34.862958886269,5.500690618273748,7.535020838112827,9.329208771849805,-5.635583175490406,43.737736523993746,49.37331969948415,14.685289409784238,8.639138253101525,17.037970383978347,6.0205216381113384,62.587369219915956,56.566847581804616,-1.4356550883026302,2.81204453205915,3.1573248142775867,-9.127012916483112,5.193105101721393,14.320118018204505,-0.23420120472134037,2.786953101004884,2.796776321319541,-6.938378232694918,5.05121630341024,11.989594536105159,-0.6392795770543618,3.361534953095009,3.4217825206342773,-10.601773211845556,3.607952396307827,14.209725608153382,4.518091863359983,3.014315727840277,5.431321514407422,0.8879692582309838,11.855648096672368,10.967678838441385,0.4999999998437801,0.5970256404946539,1,2,1.9790681236211318,6.062621081847316,50.000000015625,51.96666668290625,50.98333334926562,1.0,1
-9.713367636026334,7.444138852276931,12.237839436950571,-42.52234688126127,7.95439626724253,50.4767431485038,-3.1448241720975094,6.364369544320279,7.09895194870907,-21.391099670048227,12.578485012905425,33.96958468295365,5.914004453094295,7.895809615471791,9.865052364533902,-6.3350778715837315,43.737736523993746,50.07281439557748,14.94147032952649,8.61577363917707,17.24758217866084,3.8718105469686512,62.587369219915956,58.7155586729473,-1.3435641378815493,2.530070133237641,2.864684881745726,-7.18996412316265,5.193105101721393,12.383069224884043,-0.25378727196519274,3.020774096355504,3.0314161905987014,-8.308413980536807,4.461380561110209,12.769794541647016,-0.27829589818985606,3.264942343161071,3.2767815171468793,-10.192439124858524,4.128835104795597,14.32127422965412,4.396051000223628,2.967816757630886,5.304073972282238,0.8879692582309838,12.539152070247127,11.651182812016144,0.4999999998437801,0.6186640501128102,1,2,8.052457000981768,5.153248440552524,51.0000000159375,52.96666668321875,51.983333349578125,1.0,1
-9.753893601192203,6.663402204334632,11.812678329663848,-26.082843876235724,3.752109908052043,29.834953784287766,-2.8709680674939646,6.386849652244434,7.002450008743003,-21.391099670048227,13.213526806897653,34.60462647694588,5.026232826708762,6.353092406622794,8.100913501289403,-7.551006061886843,27.012513646247008,34.56351970813385,14.487850598984949,6.655874099013532,15.943602949158878,3.8718105469686512,39.8068829329473,35.93507238597865,-1.468878517162075,2.365546106810865,2.7844950137553304,-6.263735188045933,3.716058982575468,9.979794170621402,-0.18050856281920596,3.049682054112521,3.0550194716935963,-8.308413980536807,4.461380561110209,12.769794541647016,-0.41480238803384367,3.275014362347119,3.3011785917605976,-10.192439124858524,4.128835104795597,14.32127422965412,4.441996305441984,2.8728044436044664,5.290022358058026,0.8613206594634116,12.539152070247127,11.677831410783716,0.4999999998437801,0.6474094797812373,0,1,0.0,12.516110252028358,52.00000001625,53.96666668353125,52.98333334989063,1.0,1
-10.031170404865186,7.10660190919747,12.293419800334338,-26.111260009509596,3.752109908052043,29.863369917561638,-3.355375360900001,7.236602717886166,7.976651096108708,-27.379354133774367,13.213526806897653,40.59288094067202,4.7598030583720865,6.880027425817976,8.366032663962997,-9.726180899407284,27.012513646247008,36.73869454565429,15.089945399778282,7.552428977654189,16.874407711999858,3.834627226863559,39.813475321876936,35.978848095013376,-1.7780520573378784,2.573033947820218,3.1276145566931293,-8.04031642213788,3.716058982575468,11.756375404713348,-0.18863711948166495,2.9960776717260327,3.0020102228109797,-8.823542848953831,5.118848393960018,13.94239124291385,-0.5827652446134398,3.4866653244265673,3.535031883150134,-11.026072793667838,4.588664794354673,15.61473758802251,4.711461765718939,3.0153965971588113,5.593790182692622,0.8613206594634116,13.141736516870916,12.280415857407505,0.4999999998437801,0.5678071531041634,2,2,4.27303489344791,5.639079677744839,53.0000000165625,54.96666668384375,53.983333350203125,1.0,1
-8.79878335518912,7.295889185868043,11.430161308748854,-26.111260009509596,3.5266508216769425,29.637910831186538,-3.6110250509470263,7.340075267294353,8.18023268911791,-27.379354133774367,8.816236007626735,36.1955901414011,5.283021088067951,6.376741245129736,8.280890092514777,-9.726180899407284,22.01782621829162,31.744007117698906,14.657465853143146,7.162166563295258,16.31373455455378,3.834627226863559,39.813475321876936,35.978848095013376,-1.467910700052088,2.4070025504274812,2.819294787902076,-8.04031642213788,2.119653041614016,10.159969463751896,-0.25845905757739546,2.961370213278465,2.972627562365783,-8.823542848953831,5.118848393960018,13.94239124291385,-0.45183846531487437,3.4526277553034244,3.4820678361326713,-11.026072793667838,4.588664794354673,15.61473758802251,4.280664063455521,3.253559484149426,5.376777300675398,0.23352581514059106,13.141736516870916,12.908210701730324,0.4999999998437801,0.5551701072292501,1,1,4.013393277880178,12.35377860180686,54.000000016875,55.96666668415625,54.98333335051562,1.0,1
-8.59413265353056,7.180613970276636,11.199121977039638,-26.232336518525404,3.5266508216769425,29.758987340202346,-3.772795965702053,6.922521596246614,7.883862926847374,-20.348818982600207,8.816236007626735,29.165054990226942,5.937100767583427,5.835042343041195,8.324475038675015,-6.304610592035813,22.01782621829162,28.32243681032743,14.54545561940071,6.730693366919805,16.02724281888354,5.972866275639196,34.61658924382211,28.643722968182917,-1.1062389132501729,2.5918440428938005,2.818052532489947,-7.977809732072649,3.913441441723936,11.891251173796585,-0.23774168047943706,3.116412171900323,3.1254673141477056,-8.333918113688046,4.563773615334388,12.897691729022434,-0.3610627656016185,3.34990681647677,3.3693088311672192,-10.137934267061691,4.92215325901033,15.06008752607202,4.320667666949051,3.2239787405070053,5.3909375814843274,0.23352581514059106,12.721014223284559,12.487488408143967,0.4999999998437801,0.6161846222238283,1,2,7.198397815779181,5.633756412451927,55.0000000171875,56.96666668446875,55.983333350828126,1.0,1
-9.529072218153038,8.64964235420115,12.869325164683909,-51.311457386803546,5.995660599286572,57.30711798609012,-3.7865212180818015,6.323992606830682,7.370931109855309,-20.348818982600207,7.659456633809107,28.008275616409314,6.626961036933661,8.391064281654797,10.692360467357046,-7.782824210550003,50.896915561748635,58.67973977229864,15.43675611818855,9.79710613048912,18.283236255775375,3.590407759583114,72.31727145293,68.72686369334689,-1.3955691503913814,2.486432569739636,2.8513085026678837,-7.977809732072649,3.913441441723936,11.891251173796585,-0.458761314597866,3.0375534310688592,3.072001430723912,-8.333918113688046,4.563773615334388,12.897691729022434,-0.4648460046260823,3.3577584171746357,3.3897822048214175,-10.137934267061691,4.92215325901033,15.06008752607202,4.256732902301982,3.307264936823118,5.390526538649066,0.41207624207780785,12.721014223284559,12.308937981206752,0.4999999998437801,0.5379103560214576,0,1,0.0,11.853584525360507,56.0000000175,57.96666668478125,56.98333335114063,1.0,1
-9.160231303577856,8.40086590923746,12.429174773895319,-51.311457386803546,5.995660599286572,57.30711798609012,-4.517931866939706,6.684710814928546,8.068275344429685,-23.52050171252654,4.687861598699802,28.20836331122634,6.168366932201319,8.373384153105313,10.400111191028195,-8.657572418202424,50.896915561748635,59.55448797995106,15.365533428593041,9.573094997653968,18.103694799109867,3.590407759583114,72.31727145293,68.72686369334689,-1.2623442506078872,2.315426206507543,2.6371787055155558,-7.919628527700581,2.2905142243634193,10.210142752064002,-0.5183488664219119,3.1363608406624683,3.1789062380261965,-8.906896187558264,4.148223400629776,13.05511958818804,-0.35807103917769095,3.1955842354433357,3.215582913705035,-10.227787650315555,3.906078175486843,14.133865825802399,4.091085965173282,3.265447212168728,5.234513336490636,0.41207624207780785,12.822406879383633,12.410330637305826,0.4999999998437801,0.5452230251982165,1,3,6.129266771231088,2.5581090877162738,57.0000000178125,58.96666668509375,57.983333351453126,1.0,1
-9.472515980826836,9.71442059470271,13.568291215101628,-67.4731541170253,5.420147605471881,72.89330172249718,-4.902507164424521,7.1848041162776495,8.698044992210262,-25.720559013919576,6.125430626355691,31.845989640275267,6.046128471811813,10.397782382304834,12.0278654784389,-10.995630541579096,69.84827628004791,80.843906821627,15.653052286195864,12.625609501222455,20.110297390932345,4.794289507589401,100.46370181205883,95.66941230446943,-1.353582688907344,2.496451023433009,2.8397981984833627,-7.919628527700581,2.2905142243634193,10.210142752064002,-0.5590904591688263,3.1215109926246054,3.171184797297354,-8.906896187558264,4.148223400629776,13.05511958818804,-0.3530855472708127,3.1969348356250107,3.2163740060702275,-10.227787650315555,3.906078175486843,14.133865825802399,4.180546223455887,3.3149603085394825,5.335347090269147,0.43476844612979715,12.822406879383633,12.387638433253837,0.4999999998437801,0.5663613450642806,0,2,0.0,6.8591448450931045,58.000000018125,59.96666668540625,58.98333335176562,1.0,1
-10.15953941618036,9.837611931857227,14.141953530921464,-67.4731541170253,5.420147605471881,72.89330172249718,-4.556238723669938,7.309974936262096,8.613654559816611,-25.720559013919576,6.125430626355691,31.845989640275267,6.192099680689122,10.712673984752739,12.373499196233395,-10.995630541579096,69.84827628004791,80.843906821627,16.230936748312608,12.800393321224757,20.67107585264444,4.565683938837819,100.46370181205883,95.89801787322101,-1.4917816949010883,2.282827487513289,2.727033913061625,-7.649611938435859,2.2838498168211965,9.933461755257056,-0.47721079718350123,3.302508980527623,3.3368092111198258,-10.324818916056602,4.446704475731741,14.771523391788342,-0.1449019741209288,3.2777366933809327,3.2809380386163824,-10.27649037120488,4.634360929260525,14.910851300465403,4.218326693194656,3.397246531696466,5.416231539330849,0.43476844612979715,13.934369334958049,13.499600888828251,0.4999999998437801,0.5679580402349308,1,2,7.880717137042914,3.9510500595795186,59.0000000184375,60.96666668571875,59.98333335207812,0.95,1
-9.960972923750406,9.64932235831807,13.868323747390153,-60.91032845034322,4.45390479541855,65.36423324576177,-4.769291215888068,6.957580675489579,8.43528704656179,-23.886143346988636,6.769703009894298,30.655846356882932,6.369662476754125,10.937063196535341,12.656695912945738,-9.924278380076604,71.62509551594957,81.54937389602617,16.638997045405098,12.116938552130094,20.583401627357325,4.565683938837819,94.72782022044464,90.16213628160682,-1.5461732667331096,2.3566729495146554,2.818609437601145,-7.4827650617105235,2.1342159939526866,9.61698105566321,-0.6547076581527989,3.214339489877469,3.28033846940063,-10.324818916056602,4.446704475731741,14.771523391788342,-0.45269444865733105,3.3734124060315125,3.403651498760189,-10.27649037120488,4.634360929260525,14.910851300465403,4.264155919323386,3.47951109443205,5.503637266442656,0.38279788949156207,13.934369334958049,13.551571445466488,0.4999999998437801,0.5233014614636975,0,1,0.0,11.671827632882696,60.00000001875,61.96666668603125,60.98333335239063,0.45,0
-8.59623828508099,9.756841958204744,13.00351020498991,-60.91032845034322,4.45390479541855,65.36423324576177,-3.0987884384271096,6.388237629657957,7.10014575900435,-26.688036693615025,8.420761402814529,35.10879809642955,4.974810325423223,11.14492671260883,12.204840400568921,-9.924278380076604,71.62509551594957,81.54937389602617,14.57611786151699,12.489926530644961,19.195350391533452,4.132219326488789,94.72782022044464,90.59560089395585,-0.9572341645529973,2.137687317210192,2.342222088519528,-7.4827650617105235,2.1342159939526866,9.61698105566321,1.0091378850427117,1.8388206005603145,2.097527227969514,-2.6383783023362044,4.82212739693522,7.460505699271424,-0.14273832772080855,1.9618814701457037,1.9670671399577597,-6.696359328333147,3.348966384774677,10.045325713107824,2.928798258424758,2.2753282573228772,3.708770405016177,0.14288488225517235,10.35058829450665,10.207703412251478,0.4999999998437801,0.766260949824846,2,2,3.1090832606553485,1.8181581272548133,61.0000000190625,62.96666668634375,61.98333335270313,0.0,0
-7.981866441742391,6.7535781601756115,10.455668790632874,-24.839079396573663,4.7809858110292,29.620065207602863,0.633618187097015,8.291198281870466,8.31537377129326,-26.688036693615025,19.333035238554093,46.02107193216912,-2.31897891629155,6.5592620402798865,6.95712453009585,-14.195147931475171,13.74943089204338,27.94457882351855,13.187264013633872,7.277643875438302,15.062139042745143,4.132219326488789,38.15857448904853,34.026355162559746,-1.4956468060811416,3.192590506374233,3.5255628642716896,-17.03629461643133,2.6665745241417045,19.702869140573036,1.6261397906134494,1.947534332151412,2.5371678291994795,-1.713432414739833,5.488188333782432,7.201620748522265,0.12974250572121898,2.013568644817208,2.017744236810461,-4.52898817186158,3.348966384774677,7.877954556636257,3.8847057576220947,2.8012795443039904,4.7893742710961975,0.14288488225517235,17.090582454113488,16.947697571858317,0.4999999998437801,0.8228274017270977,3,2,2.1791045405770757,4.131427357485359,62.000000019375,63.96666668665625,62.983333353015624,0.0,0
-3.3660634565171113,5.8959213078510455,6.789128903008979,-20.542968101789658,5.4725096268575335,26.01547772864719,6.160737581296451,5.220879619687717,8.07541154052653,-15.142717293572408,19.333035238554093,34.4757525321265,-2.865375584581363,5.419335089843441,6.130217782161039,-14.195147931475171,8.660745685674513,22.855893617149682,11.270735475166413,4.674894086082559,12.201807770460258,4.545399640841858,27.235654144586544,22.690254503744686,-0.9657911917853915,3.3092163536341475,3.447269281806968,-17.03629461643133,3.919987627636837,20.956282244068166,0.2925870482603417,1.763205465649202,1.7873166185387852,-2.415295593583665,5.488188333782432,7.903483927366096,0.3714242681134872,1.628387527744168,1.6702101446992839,-3.9342893520680766,3.1428448069755848,7.077134159043661,3.3267407507225286,2.607789121292853,4.22702828517284,0.541473773676171,17.090582454113488,16.549108680437318,0.4999999998437801,0.4568609063485899,3,3,3.2963798344690804,2.020206174772706,63.0000000196875,64.96666668696875,63.98333335332812,0.0,0
-2.3305630332063187,3.9066829237381846,4.549032371656127,-12.228832445735769,5.4725096268575335,17.701342072593302,5.197065746005796,3.697754634217506,6.3783133901670155,-1.1470237896966438,13.002007668353968,14.149031458050612,3.3633959273551586,5.247157677738758,6.232583401704471,-6.557605036776328,11.611664563802028,18.169269600578357,9.790370206198965,2.0905320629765405,10.011077518467294,5.097870768646747,13.951903832182165,8.854033063535418,-0.6282663448710075,1.498305386847898,1.6246961661661556,-3.264368512225274,3.919987627636837,7.1843561398621105,-0.3482881827136699,0.8803342714697631,0.9467275678579288,-2.415295593583665,2.596078849589378,5.011374443173043,0.41032296277900876,1.0342705263172605,1.1126906377750854,-0.8723334567894381,3.1428448069755848,4.015178263765023,1.9482104948598027,0.9891850399230896,2.184951069358195,0.23502382203137973,4.866531521678192,4.6315076996468125,0.4999999998437801,0.6481269972200214,2,2,1.1319387316090466,2.2062387955736553,64.00000002,65.96666668728125,64.98333335364063,0.0,0
-7.4177565581025995,6.283462749935902,9.721369064339969,-22.42123789101924,-1.3005303043167542,21.120707586702483,-0.3579379969003412,7.215629519892674,7.224501988232241,-23.4707165482198,8.821894013806038,32.29261056202584,6.637387549384246,3.13870471075113,7.342096481388157,-1.6894052543122808,14.713048332424412,16.402453586736694,13.093472438737015,5.400537538164537,14.16350331680302,7.75211666714178,30.069357486597458,22.317240819455677,-1.290517827302976,2.0668407661421857,2.4366507782556797,-7.677380705810955,3.795814720457277,11.473195426268232,-0.017501856626499574,2.7053981011789348,2.7054547124001096,-9.001921934017432,4.6399494316065955,13.641871365624027,0.4097808766639138,1.7155766962408894,1.7638377951399755,-5.142739690791876,4.202844787567103,9.34558447835898,3.1263159601246704,2.567883272474817,4.045723171892291,0.23502382203137973,10.11333571340726,9.87831189137588,0.9999999996875601,0.402231319528939,1,1,5.7169791308009605,2.5764367711572866,65.0000000203125,66.96666668759374,65.98333335395313,0.05,0
-8.304770940305412,7.306553037952227,11.061416621181491,-29.768111862743854,0.179627283194584,29.94773914593844,-3.9885805670920487,6.847173407265819,7.924175579159799,-23.4707165482198,8.821894013806038,32.29261056202584,6.5718964416331955,5.302405382021577,8.444248082265373,-12.120611444809438,20.672357421436207,32.792968866245644,14.900042942535567,5.868691699360367,16.014144433954165,7.102666335647655,36.35119985496431,29.248533519316652,-0.8956794174766998,2.8673524225130826,3.0039892699180943,-9.447400907821958,3.795814720457277,13.243215628279234,-0.5034729309852887,3.116601177886015,3.157006159993263,-9.001921934017432,4.6399494316065955,13.641871365624027,-0.5189186433840162,3.069706400791343,3.1132577704891147,-9.6028016247695,4.202844787567103,13.805646412336603,4.116550675486023,3.425934020042545,5.35565246945032,0.38114576831872204,11.684340978767812,11.30319521044909,0.4999999998437801,0.46222762000749584,1,1,5.018621977562595,9.377109253706246,66.000000020625,67.96666668790625,66.98333335426562,0.55,0
-7.7833751427036075,7.041402526785625,10.495821938098958,-29.768111862743854,0.179627283194584,29.94773914593844,-3.72763862664881,6.840434369197893,7.790175356831706,-24.274588024908844,8.926899633411184,33.201487658320026,6.0089671792611465,6.673522702433953,8.980177716578833,-12.120611444809438,22.094122278227974,34.21473372303741,13.958753449259964,7.526347335233704,15.858521433847685,3.5390115980319266,39.8171512089255,36.278139610893575,-0.9884146413074798,2.3839476588736908,2.5807305057677654,-9.447400907821958,3.779730581351776,13.227131489173734,0.10576065787458735,2.2582099421841306,2.2606851748382213,-6.314857168035703,4.481795229467103,10.796652397502806,-0.04596028901850877,3.5087639151765155,3.509064912567377,-9.6028016247695,5.715710059842698,15.318511684612197,3.786821238594617,3.1216003701104813,4.907586368444794,0.3781634535554891,11.684340978767812,11.306177525212323,0.4999999998437801,0.5594789350118246,1,0,6.628257538021716,0.0,67.0000000209375,68.96666668821875,67.98333335457812,1.0,1
-9.696082885681152,7.491030969857034,12.252737176539622,-31.11856845240887,-1.182794505081869,29.935773947327,-3.9463030614245014,7.226891483803874,8.234152559388571,-24.274588024908844,8.926899633411184,33.201487658320026,6.157581195082992,7.441892179257599,9.659066486039688,-14.070986341402678,22.094122278227974,36.16510861963065,15.644028535632515,8.154310102436146,17.64166664661751,3.5390115980319266,39.8171512089255,36.278139610893575,-1.3438303363089672,2.0048588943988697,2.4135739390444475,-7.992379323834029,1.5971512143396147,9.589530538173644,-0.3437246292514722,3.1776704509631615,3.1962065195600995,-10.488540295954632,4.481795229467103,14.970335525421735,-0.1195486953544841,3.6256555587483614,3.6276259621471256,-9.932098049448726,5.715710059842698,15.647808109291425,4.193722997529289,3.407848707931563,5.403771404876124,0.3781634535554891,13.2921238024671,12.91396034891161,0.4999999998437801,0.5288348462444925,1,1,4.811347959676922,11.312103026824046,68.00000002125,69.96666668853125,68.98333335489062,1.0,1
-9.239421445155298,7.308625477820492,11.78061607116718,-31.11856845240887,-1.2664838372773355,29.852084615131535,-4.570249964430763,6.057281277133464,7.5880064053538465,-23.47846859414922,7.520669696646054,30.999138290795273,5.843819554925081,6.942931805411104,9.07493961660979,-14.070986341402678,20.581801339454447,34.652787680857124,14.993761523340527,7.3418254303844925,16.694768200518606,5.252015239677779,36.33761304387955,31.08559780420177,-1.2051537497290765,2.0472195134835225,2.3756058799543673,-7.992379323834029,2.4519588089729387,10.444338132806967,-0.35296321877997217,3.1356725560466328,3.1554754653705586,-10.488540295954632,4.0088165193840855,14.497356815338717,-0.37726996236485216,3.4318211759932615,3.452496083777439,-9.932098049448726,5.394355737713351,15.326453787162077,3.9477459819413827,3.454787921131126,5.245975401956042,0.4734427902167195,13.2921238024671,12.81868101225038,0.4999999998437801,0.4266761622615978,1,1,3.699282992995654,7.259481900545781,69.0000000215625,70.96666668884374,69.98333335520311,1.0,1
-9.349868938310488,6.460786705042817,11.364937923791809,-23.80753223801819,-1.2664838372773355,22.541048400740856,-4.044988428329264,6.6891178101921955,7.817047298305677,-23.47846859414922,12.09066930924304,35.56913790339226,5.612107553608417,6.768726347374774,8.792690575638046,-11.07427373992958,19.77273939675261,30.84701313668219,14.927352744889076,6.68981240874182,16.357855911900664,5.252015239677779,35.8325607632017,30.58054552352392,-1.4591761895231776,2.5072604318726053,2.900956743094489,-9.696815913824524,3.4299236813219576,13.126739595146482,-0.40999270226168194,3.112371871539486,3.139259894092562,-9.373810658594632,4.0088165193840855,13.382627177978717,-0.15967283187861242,3.4480109264009107,3.4517060653856673,-8.661953951931222,5.394355737713351,14.056309689644573,4.281275592806045,3.4431753902795714,5.494067479544061,0.26780254589125446,12.675525566385469,12.407723020494215,0.4999999998437801,0.5467578581854524,1,1,4.639002880908214,9.835800846189592,70.000000021875,71.96666668915626,70.98333335551563,1.0,1
-8.654751160775328,6.8557405201419,11.04110029546229,-23.49384429030442,-1.0534417801071303,22.440402510197288,-3.6383336077414112,6.505093830113482,7.453436601984426,-19.832185076058938,12.09066930924304,31.922854385301978,6.646181478003787,6.386094876572321,9.217045948195326,-11.07427373992958,19.77273939675261,30.84701313668219,14.82728248147441,6.524204406666341,16.19918358823686,4.846527684771468,33.34870308761838,28.502175402846916,-1.1385985423119567,2.478893541560813,2.7278782654192657,-9.696815913824524,3.4299236813219576,13.126739595146482,-0.43185720962179375,3.1466273752083,3.176124129802328,-9.373810658594632,4.266486905942244,13.640297564536876,-0.5608252812739567,2.93206322801212,2.985216871380849,-8.661953951931222,3.9793700178632303,12.641323969794453,3.7943953124088137,3.470326829162682,5.142042793291036,0.26780254589125446,12.675525566385469,12.407723020494215,0.4999999998437801,0.4615649879786297,1,2,4.054069084016512,5.526462853282101,71.0000000221875,72.96666668946875,71.98333335582814,1.0,1
-9.28459836597036,6.894329432077771,11.564408551041135,-23.49384429030442,6.710137219059678,30.203981509364098,-2.5563589990557447,6.0084383569789335,6.529647986045571,-19.832185076058938,6.869655126246694,26.701840202305632,5.4331303865968605,5.077311179221059,7.436262139570208,-7.387871197827795,14.116615213357871,21.504486411185667,13.981684924552905,6.015174913167333,15.220704404378518,4.846527684771468,33.34870308761838,28.502175402846916,-1.040397242217521,1.9786145006771572,2.235473498814902,-6.181592258719053,2.2253020431827775,8.40689430190183,-0.22730548807457243,2.9559159604152114,2.964642803095544,-8.936674253781096,4.266486905942244,13.20316115972334,-0.3597445628749043,3.465632541668976,3.48425387484796,-10.98259320307788,4.083738535297792,15.066331738375672,4.04813200159586,3.0885435201561364,5.091804569918505,0.4812125920763258,12.70315072255794,12.221938130481615,0.4999999998437801,0.5444990201141103,1,3,4.661813330713192,4.76192169290064,72.0000000225,73.96666668978125,72.98333335614063,1.0,1
-10.358462952073513,6.402194072661883,12.177267496179367,-23.180094405261663,6.710137219059678,29.89023162432134,-3.0058084691058107,6.5138712753778965,7.173939193019515,-21.536092122098825,11.182521857239708,32.718613979338535,4.374009153141207,5.795706576035737,7.261003428402092,-7.387871197827795,16.665270760130852,24.053141957958648,14.742658350309792,5.926840876213559,15.88941213531561,7.252311320164532,31.68745044280231,24.43513912263778,-1.2441719834615796,2.5236775701746086,2.8137008374440122,-6.754715945373949,6.482010278071243,13.236726223445192,-0.10253635277640243,2.9871294567058273,2.988888772564202,-8.936674253781096,4.57270253395737,13.509376787738466,-0.30234844388376547,3.459997222125833,3.4731823100202233,-10.98259320307788,4.083738535297792,15.066331738375672,4.4772077617173265,2.9779144572081,5.377114826375841,0.8614164379029193,12.70315072255794,11.84173428465502,0.4999999998437801,0.6114593723752841,1,2,4.333153895475249,5.7949507483001526,73.0000000228125,74.96666669009375,73.98333335645313,1.0,1
-9.621071240746222,5.995312772485363,11.336171622705796,-23.66259997281576,0.7272952420536392,24.389895214869398,-3.0340246560096173,6.184137352469001,6.888313320942696,-21.536092122098825,11.182521857239708,32.718613979338535,4.805302559502208,5.798152666189265,7.53057149416936,-6.560781202857339,16.665270760130852,23.22605196298819,14.08305980468427,5.859571744880272,15.253430909002505,7.27635106594097,31.68745044280231,24.411099376861337,-1.419084628185876,2.7689155639014604,3.111381458768627,-7.788649501893877,6.482010278071243,14.27065977996512,-0.16037028493731723,3.0379333064148817,3.042163276767987,-8.350493326262319,4.57270253395737,12.923195860219689,-0.35720188836221195,3.1776585313969656,3.1976721112724253,-10.227111176933432,3.7859935765098913,14.013104753443324,4.502638535309027,2.981074493541643,5.400051751205202,0.7856704554957877,12.102869182469105,11.317198726973317,0.4999999998437801,0.5955384067277287,1,1,4.718351313718203,9.284227104529801,74.000000023125,75.96666669040626,74.98333335676563,1.0,1
-9.775150618258966,6.075150191867488,11.5091711023599,-23.66259997281576,0.7272952420536392,24.389895214869398,-2.777613144101643,5.976431728333912,6.590361976532283,-21.821330005680796,13.006831440706556,34.828161446387355,4.238873284184405,5.992578893266543,7.340234908461443,-6.59107763147788,16.11486931129539,22.70594694277327,13.866112996596929,6.124038644727876,15.158263058692269,6.081454499471284,31.75578820639305,25.674333706921765,-1.4607344312537225,2.709087013350518,3.077807259162692,-7.788649501893877,5.9537436476311845,13.74239314952506,-0.18160631065959879,3.0881183378993535,3.0934536881843977,-8.350493326262319,4.8791938810714335,13.229687207333752,-0.3931968128940182,3.121568311116285,3.1462346471036433,-10.227111176933432,3.7859935765098913,14.013104753443324,4.426582003936099,3.057207461485182,5.379697547272673,0.7856704554957877,12.102869182469105,11.317198726973317,0.4999999998437801,0.6673210446839933,1,1,5.9499907594969805,8.334133729353733,75.0000000234375,76.96666669071875,75.98333335707812,1.0,1
-9.463529287621903,6.032342891031521,11.222635489610095,-23.063476633762537,2.4418189151291947,25.50529554889173,-2.649735406835797,5.8644361230285815,6.4352706832985485,-21.821330005680796,13.006831440706556,34.828161446387355,4.185219515848246,5.872570559716824,7.211320778795641,-6.59107763147788,17.94659397264197,24.53767160411985,13.556772262259308,5.964673444867228,14.810921763167464,6.081454499471284,31.75578820639305,25.674333706921765,-1.3798377346121795,2.5732644178284954,2.9198701919643444,-6.486961532564892,5.9537436476311845,12.440705180196076,-0.388331230114994,3.0409095315428503,3.065604658678411,-7.248893353368024,4.8791938810714335,12.128087234439459,-0.4457202282213856,2.8510226191519275,2.8856535649245285,-8.853817017246502,2.74727605256886,11.601093069815363,4.354434980335082,2.69990117597451,5.123531043918278,0.30951418589380425,10.71818117337846,10.408666987484656,0.4999999998437801,0.7510206416483847,1,1,4.996808094341063,7.89314749673946,76.00000002375,77.96666669103125,76.98333335739062,1.0,1
-8.804526468836336,6.272547737582172,10.810390439789252,-27.09871811008306,2.4418189151291947,29.540537025212252,-2.9783419549236,6.027306568991732,6.723016084843842,-24.054947524107124,12.134411544878592,36.189359068985716,5.248652894046672,5.247825813066484,7.422131295421241,-7.854028676797941,17.94659397264197,25.800622649439912,13.460764155889867,5.996611380082748,14.736061879085176,6.417020937433303,33.985848705157366,27.568827767724063,-1.246965292057482,2.390010715987691,2.6957510386035275,-6.233125828272309,5.303908988143072,11.537034816415382,-0.34340260189661753,3.0063050634631274,3.025854504366231,-7.248893353368024,4.694199936243321,11.943093289611346,-0.6158675108135081,2.7721184432421877,2.839706578898446,-8.853817017246502,2.7392475674630035,11.593064584709506,4.127512042042094,2.7295506847761644,4.9484141498023915,0.30951418589380425,10.71818117337846,10.408666987484656,0.4999999998437801,0.6294667424080662,2,1,3.2972803945691167,6.225093884419244,77.0000000240625,78.96666669134375,77.98333335770312,1.0,1
-9.99706726504795,6.871576520115464,12.130948758184392,-29.555395164991992,2.185335851568297,31.74073101656029,-4.3384396505237826,6.685249183572434,7.9696057146946,-24.054947524107124,12.134411544878592,36.189359068985716,4.350107577433399,8.04897606213152,9.14928694401972,-7.854028676797941,47.03086464678483,54.884893323582766,15.251764515728137,7.859240660660156,17.157621764259694,6.417020937433303,55.58340002431796,49.16637908688466,-1.6186353278944148,2.6976450565643124,3.1459925581465917,-8.524099538779657,5.303908988143072,13.82800852692273,-0.24968516884484038,2.9285641225127383,2.9391887491635993,-7.43475975750618,4.694199936243321,12.1289596937495,-0.7042912604268629,3.242274067765268,3.3178859700141596,-10.768912526212825,3.059163641460662,13.828076167673487,4.486075383660938,3.069135813425625,5.4354822223184955,0.45198919737229354,12.387167040165492,11.935177842793198,0.4999999998437801,0.6629370341151298,2,1,4.217165899970596,9.059237452085618,78.000000024375,79.96666669165624,78.98333335801561,1.0,1
-8.640658419204044,7.442685924530582,11.404146249876288,-29.555395164991992,2.185335851568297,31.74073101656029,-4.530309123339532,6.68650594473273,8.07669873784825,-22.596164354642845,8.210735717997972,30.806900072640815,5.7471888348632145,7.6470341307284215,9.56594535318396,-7.643915537967443,47.03086464678483,54.67478018475227,14.87684496840472,8.091625824065265,16.93502065811048,3.6349474948333884,55.58340002431796,51.94845252948457,-1.3468879840954504,2.6768055664034947,2.996563912555419,-8.524099538779657,4.669393697094632,13.19349323587429,-0.46257968421337653,2.8028002882705425,2.8407163568678206,-7.43475975750618,4.069109428501253,11.503869186007433,-0.9324157108941861,3.2694494037987485,3.399808591953715,-10.768912526212825,3.059163641460662,13.828076167673487,4.16464738384268,3.3561101490237855,5.348622548294853,0.2877089536825261,12.387167040165492,12.099458086482967,0.4999999998437801,0.5432600248821258,2,1,3.3672313521097843,7.72117003767458,79.0000000246875,80.96666669196875,79.98333335832812,1.0,1
-9.57560846870216,7.307214028630068,12.045233680011714,-25.483003220487987,1.8341655990947152,27.3171688195827,-4.449772234837452,6.893217651888886,8.204689057986466,-22.596164354642845,9.75722609844637,32.35339045308922,5.984815345077927,6.126109879076298,8.564300144506639,-9.980380719436074,18.972925836540487,28.95330655597656,15.352884457179506,7.073948879800004,16.904195157106056,3.6349474948333884,35.126946411820455,31.491998916987068,-1.2185639743516634,2.5739703139520502,2.847845033827181,-7.947057085638626,2.600560561538995,10.54761764717762,-0.24187789719612182,3.1172009000106753,3.1265710240100706,-9.382786817288252,4.069109428501253,13.451896245789506,-0.29998709416238767,3.5177061671096523,3.5304743215020378,-8.945634597686835,5.854662175184187,14.800296772871022,4.34180982045506,3.39095917443115,5.509075842612696,0.2877089536825261,12.361251013286594,12.073542059604069,0.4999999998437801,0.5298896283358493,1,1,4.429212974153827,10.852814657146201,80.000000025,81.96666669228125,80.98333335864064,1.0,1
-9.391995269401043,7.137121958986726,11.796104653566875,-25.483003220487987,1.8341655990947152,27.3171688195827,-4.360380966439047,6.853809149682346,8.123276557692305,-22.94545846226746,9.75722609844637,32.702684560713834,5.816122845148877,6.524362652303319,8.740400046258356,-9.980380719436074,18.972925836540487,28.95330655597656,15.397399737327044,6.667111918083387,16.778864681476172,4.624409807387702,33.255439849901116,28.631030042513416,-1.303005062985333,2.38063178251416,2.7138957014008405,-7.947057085638626,2.600560561538995,10.54761764717762,-0.3748210794538336,3.1140367082869678,3.1365132651021375,-9.382786817288252,4.285389747331215,13.668176564619468,-0.04331480860716917,3.449622016313878,3.449893944468743,-8.945634597686835,5.854662175184187,14.800296772871022,4.159830715907065,3.4351887842332416,5.394878457233836,0.4168199815610227,12.361251013286594,11.944431031725571,0.4999999998437801,0.4429187850396761,2,2,1.9142931983265046,6.748678255789459,81.0000000253125,82.96666669259375,81.98333335895313,1.0,1
-9.859628054155591,8.590014614130938,13.076720400669089,-47.73634262363888,7.948195786885121,55.684538410524006,-5.437052314467741,7.476308392114984,9.244280666675369,-22.94545846226746,7.1781682330496945,30.123626695317157,5.092089348740681,6.565621300224728,8.308836079350883,-8.510032002246424,17.885144940421583,26.39517694266801,16.066140444236243,8.208119742129895,18.041454998837153,4.624409807387702,51.9787748600386,47.3543650526509,-1.4811624510501233,2.7068621078607817,3.085602806158518,-10.224171472237002,2.1851322649517884,12.40930373718879,-0.45711331982322484,3.2009045175687465,3.2333793958878094,-9.131658406876028,4.285389747331215,13.417048154207244,-0.34018959938334653,3.6137600207063,3.6297369671621937,-11.04282737948568,4.954312623162898,15.997140002648578,4.353871542404783,3.7675562422008686,5.757662498437099,0.4168199815610227,13.60963756292039,13.192817581359368,0.4999999998437801,0.54749716790916,1,1,4.953731378476485,9.894062097211908,82.000000025625,83.96666669290624,82.98333335926563,1.0,1
-9.920485722309387,8.697260562978787,13.193118595195394,-47.73634262363888,7.948195786885121,55.684538410524006,-5.898594754262217,8.195907928886754,10.097837731603658,-32.22790417460215,7.1781682330496945,39.40607240765185,5.914636589672844,6.688170399612234,8.928300469974456,-8.510032002246424,18.151929836036857,26.661961838283283,16.583764420215257,8.98432034478054,18.8610512539157,5.622970661519431,51.9787748600386,46.35580419851917,-1.4029523343483208,2.9114714035551237,3.2318633922510775,-10.224171472237002,2.1851322649517884,12.40930373718879,-0.48083197318478477,3.1568850154526746,3.193293345000801,-9.131658406876028,4.032548836608009,13.164207243484036,-0.6365629739776302,3.729048385737263,3.7829901246248228,-11.04282737948568,4.954312623162898,15.997140002648578,4.497542064891245,3.83734192259978,5.912112791245443,0.4451349689415903,13.60963756292039,13.164502593978801,0.4999999998437801,0.5433998142505567,1,1,2.9531728206159964,11.647170711083213,83.0000000259375,84.96666669321876,83.98333335957813,1.0,1
-9.623534902739339,7.19679435331848,12.016916118047883,-32.156532369608065,-0.7145058500864594,31.442026519521605,-4.189924337451399,7.335958162348449,8.448180165769097,-32.22790417460215,9.409825198372332,41.63772937297448,7.018317339123748,7.4465780035687335,10.232707473385465,-10.060598468503414,38.39676101019658,48.45735947869999,15.750452505357877,8.509381247413817,17.9021318098536,5.958396482339335,50.959774728463294,45.00137824612396,-1.4537602700339332,2.5278339202356577,2.916052683170026,-8.089364122148497,2.2772093905605555,10.366573512709053,-0.6072981526217786,3.202641968117007,3.25971265944135,-9.250847067010994,4.032548836608009,13.283395903619002,-0.04692631791555679,3.9239800466259913,3.9242606291672364,-7.704631855185915,8.028666934280023,15.733298789465938,4.6880058932216375,3.542811327730639,5.876130645142035,0.4451349689415903,11.957227879128352,11.512092910186762,0.4999999998437801,0.579620103857375,2,2,4.0370298566035165,5.554381145814466,84.00000002625,85.96666669353125,84.98333335989062,1.0,1
-8.905535329656862,7.394853936590139,11.575509675658743,-32.156532369608065,8.122462267355598,40.27899463696366,-3.240713740703947,5.824920481733116,6.6657275797696185,-22.63477977711043,9.409825198372332,32.04460497548276,6.429845743743878,7.3445336468014295,9.761408237408144,-10.060598468503414,38.39676101019658,48.45735947869999,14.909885584610159,7.1697106671151145,16.54416631916852,5.4899180254751885,50.959774728463294,45.4698567029881,-1.2986383106324555,2.4192872146477953,2.745798989146985,-8.089364122148497,2.628556518152674,10.717920640301172,-0.5771066530408103,3.2670764424392664,3.3176558847664683,-9.250847067010994,4.875980596949903,14.126827663960897,0.2755311976779883,3.7183336829443827,3.7285282376042974,-7.704631855185915,8.028666934280023,15.733298789465938,4.465534505447729,3.5365487495289107,5.696330000723166,0.32225339627635713,11.957227879128352,11.634974482851995,0.4999999998437801,0.5522302119222712,1,1,1.6847985430779402,11.397607968741518,85.0000000265625,86.96666669384375,85.98333336020312,1.0,1
-9.261798442763345,7.656000479874153,12.016457620372437,-38.94867309585937,8.122462267355598,47.071135363214964,-4.1125953709194025,6.487929642841127,7.681580028572526,-23.650744285444546,5.781963149108426,29.432707434552974,5.775001458134502,6.113154603210868,8.409595771748714,-5.995631081319943,32.81063718935872,38.806268270678665,14.617830956751874,7.774461051520647,16.55666713205846,5.4899180254751885,56.15064339751894,50.66072537204375,-1.1874282902606432,2.1868541312304464,2.488436644922065,-6.411477771801985,3.364210771546569,9.775688543348554,-0.4294777979256369,3.1111757879517055,3.1406792199216986,-8.221699521074582,4.875980596949903,13.097680118024485,-0.3888229048203611,3.307386801978184,3.330163766125087,-10.682941561566842,4.217381761080797,14.90032332264764,4.053379117049391,3.2735747037327996,5.210198998834054,0.32225339627635713,12.498386891934594,12.176133495658236,0.4999999998437801,0.6484275760907128,1,1,5.353149703138288,7.503728582033197,86.000000026875,87.96666669415625,86.98333336051562,1.0,1
-10.133316306068268,7.205784850942153,12.434123800127473,-38.94867309585937,7.266264417274076,46.21493751313345,-3.6389394558197137,6.769200543499218,7.685307824754424,-23.650744285444546,9.58476893940954,33.23551322485409,5.450654548752425,6.4233994824528455,8.424351365001996,-5.995631081319943,32.81063718935872,38.806268270678665,14.940297595992515,7.837639612939554,16.87130958044274,6.559095115343706,56.15064339751894,49.59154828217523,-1.259367976793113,2.4951370262716606,2.794944808192778,-6.411477771801985,4.802136061123075,11.21361383292506,-0.30838372185366075,3.109446616604307,3.124701390759809,-8.221699521074582,4.566328987726036,12.788028508800618,-0.44911737125783074,3.306851448831399,3.33721034964892,-10.682941561566842,4.217381761080797,14.90032332264764,4.510529152892006,2.8926760864250327,5.358399777924742,0.5264535754788877,12.498386891934594,11.971933316455706,0.4999999998437801,0.6701938343281376,1,2,2.175819145515069,6.704716684070103,87.0000000271875,88.96666669446876,87.98333336082813,1.0,1
-9.128375719297345,5.954080692229225,10.898546699548257,-23.102981644866126,7.266264417274076,30.369246062140203,-3.3718662288493024,6.081796611360951,6.953972381827237,-22.048530065260483,9.58476893940954,31.63329900467002,4.504726819013507,5.5666885329234495,7.161046357657586,-6.584225178113927,15.86498801500846,22.44921319312239,13.733576944427664,5.459441482189916,14.778925434075752,5.877860638758378,31.935648197540782,26.057787558782405,-1.3842500142702912,2.4516491517911803,2.8154451984518745,-7.482402568703025,4.802136061123075,12.284538629826098,-0.28617021840004886,2.8568432166774267,2.8711402889052553,-7.412122913117959,4.566328987726036,11.978451900843995,-0.5888725401332437,3.2199692397533304,3.2733733018830313,-10.118992745016858,3.3002170792301815,13.419209824247039,4.351908446313331,2.8188728017503695,5.185089295040278,0.5264535754788877,11.8910057257983,11.364552150319412,0.4999999998437801,0.6704134303406114,2,2,4.329177543521823,4.547689351569701,88.0000000275,89.96666669478125,88.98333336114062,1.0,1
-9.41123015040853,6.047819852233893,11.1869288863849,-29.83800834488666,1.248830761158036,31.086839106044696,-3.443045850350048,6.381006897903187,7.250642299734605,-22.050996126659967,17.126812141578124,39.177808268238095,4.704412609034495,6.289627403052687,7.854356171276805,-7.933265807615896,30.602508191043047,38.53577399865894,14.020665677620055,6.544542496570305,15.47288281261794,5.496529279971446,46.08252506226803,40.585995782296585,-1.3804032157001145,2.6637599247983563,3.00018832323522,-7.482402568703025,6.5740475034045645,14.05645007210759,-0.3536748700207415,2.813380774073719,2.8355241655841734,-7.412122913117959,4.4533547771171635,11.865477690235123,-0.47254055157010905,3.249283532178176,3.2834643359358218,-10.118992745016858,3.3002170792301815,13.419209824247039,4.442314025008389,2.8439956781023805,5.274700495179916,0.5843564547609786,11.8910057257983,11.30664927103732,0.4999999998437801,0.642545800174667,0,2,0.0,5.851686791346488,89.0000000278125,90.96666669509375,89.98333336145313,1.0,1
-9.499353771709718,6.1047065962778335,11.29181848537842,-29.83800834488666,1.248830761158036,31.086839106044696,-3.780409723554145,6.711973653397617,7.703381595237672,-23.053499646416228,17.126812141578124,40.180311787994356,4.6715599781295944,6.349602746635714,7.882951710453768,-7.933265807615896,30.602508191043047,38.53577399865894,14.16764520424026,6.947374305785907,15.779359314557933,5.496529279971446,46.08252506226803,40.585995782296585,-1.3889850173293488,2.731400647878888,3.0642827672391175,-8.93943862065735,6.5740475034045645,15.513486124061915,-0.2756421675898539,2.919189290707165,2.932174060238074,-7.885043895868003,4.4533547771171635,12.338398672985168,-0.4658881591368272,3.280203686878473,3.313123602317763,-10.335939458741093,3.374274285677005,13.710213744418098,4.4888742155139365,2.9688836081363674,5.381845557182655,0.8972069909380226,12.173025456599687,11.275818465661665,0.4999999998437801,0.6449179714898606,1,2,5.455879988303844,4.476380289051835,90.000000028125,91.96666669540625,90.98333336176563,1.0,1
-9.218733675922998,5.651377876082775,10.81309957809853,-21.52502635350435,4.738934670214968,26.263961023719318,-3.47823702650124,5.902874787104526,6.851427848613637,-23.053499646416228,12.209884725197954,35.26338437161418,4.18982544994146,5.234033805419529,6.704457261945338,-6.754005532493109,10.910036783197532,17.66404231569064,13.423885556671701,5.349227027269042,14.450430209093591,6.962618399972187,33.022626150263264,26.060007750291078,-1.4630903202951728,2.5952034726113786,2.9792137133135634,-8.93943862065735,3.3618815349890374,12.301320155646387,-0.38347494902843265,2.85472455986054,2.8803654888231307,-7.885043895868003,4.279266638291462,12.164310534159466,-0.48488307428300564,3.257567838352197,3.2934571224160103,-10.335939458741093,3.374274285677005,13.710213744418098,4.393562688787455,2.9522341397129046,5.293305159915839,0.6156100839843683,12.173025456599687,11.557415372615319,0.4999999998437801,0.6342608890941933,1,2,3.2612897564859704,6.785312156806054,91.0000000284375,92.96666669571874,91.98333336207813,1.0,1
-9.732170754966102,6.312683493003131,11.60022070853187,-23.77635351713216,4.738934670214968,28.51528818734713,-4.362620830363534,7.083629829131917,8.319271125867294,-26.888887621474726,12.209884725197954,39.09877234667268,3.7553444902093527,5.735596900711572,6.855631557165097,-9.552128888069989,10.910036783197532,20.46216567126752,14.565373210871307,6.214899824451828,15.835879407217613,3.564027153795582,36.08179426268928,32.51776710889369,-1.6488501184986821,2.900383536709787,3.3363050479970044,-10.593680527782723,3.3618815349890374,13.955562062771762,-0.21266003596580638,2.8658966174406566,2.8737758633468227,-7.498585693850077,4.279266638291462,11.777852332141538,-0.6259691304270856,3.52604948855258,3.581181697145448,-11.652942587475062,3.63809435220607,15.291036939681131,4.713248100947875,3.1622260787182612,5.675771439550276,0.6156100839843683,13.38161477671241,12.766004692728043,0.4999999998437801,0.6243526592382462,2,3,3.9343344014226105,4.091742370402865,92.00000002875,93.96666669603125,92.98333336239062,1.0,1
-8.463394229114604,7.061581856274202,11.022476136978995,-28.727737324122295,0.4450337440768247,29.17277106819912,-4.109191143373974,7.013640884383233,8.128752075680199,-26.888887621474726,14.641794403282288,41.53068202475701,5.035440992135945,6.649740312128198,8.341145736889258,-9.552128888069989,30.980324347993047,40.532453236063034,14.327698554790832,7.201621819091655,16.035781948572772,3.227049625252206,43.80980994007711,40.5827603148249,-1.4323261310219833,2.640518095170489,3.003979686437841,-10.593680527782723,2.388169924616389,12.981850452399112,-0.4580467285543813,2.7015156100671174,2.740071786828893,-7.498585693850077,3.8762294207700494,11.374815114620127,-0.6965093628371554,3.495724803191886,3.564437850793694,-11.652942587475062,3.63809435220607,15.291036939681131,4.176353474923973,3.4344106041893268,5.407134596593434,0.20164778327511698,13.38161477671241,13.179966993437294,0.4999999998437801,0.57649352552944,0,1,0.0,10.869277805326934,93.0000000290625,94.96666669634375,93.98333336270312,1.0,1
-8.438038713338289,7.247151970625486,11.123026072662803,-28.727737324122295,1.6952189406020113,30.422956264724306,-3.9605128033001455,6.668999128508502,7.756365839821606,-26.526869128592605,14.641794403282288,41.16866353187489,6.372045550024725,6.359231111531407,9.0023766207296,-6.868222712320544,30.980324347993047,37.84854706031359,14.507251733912629,7.380064498677222,16.276538479533873,3.227049625252206,43.80980994007711,40.5827603148249,-1.0753621666868618,2.214187208464328,2.4615094522809606,-8.93472325528346,2.388169924616389,11.32289317989985,-0.4798721453137688,3.353358673206467,3.38751998769263,-9.390320502525508,5.193041764040745,14.583362266566255,0.054876819638966415,3.0089332346064617,3.0094336137640565,-8.56170433787783,5.219810853247586,13.781515191125415,4.051806264975086,3.189651566777667,5.156647275734359,0.20164778327511698,12.101205823619736,11.899558040344619,0.4999999998437801,0.606583684350091,1,3,7.462442925259026,4.432189697837368,94.000000029375,95.96666669665625,94.98333336301562,1.0,1
-8.338155383946624,6.793833579244056,10.755510676360382,-26.287739017730367,3.335261648840415,29.623000666570782,-4.227371629518396,5.983861989378749,7.3264776804402265,-26.526869128592605,4.3367295209870225,30.86359864957963,5.856834006801706,5.936975086033683,8.33967491904892,-9.13328840405944,16.49856008745157,25.631848491511008,14.15013373475532,6.219499831597707,15.456664027748825,5.577021799632554,34.1860351146563,28.609013315023745,-1.238729222612085,2.089696777317391,2.429255587229106,-8.93472325528346,1.6028985201093904,10.53762177539285,-0.6501752476745065,3.2555077219176787,3.319797942669741,-9.390320502525508,5.193041764040745,14.583362266566255,-0.11172038789110401,3.0159091292988394,3.0179776873361113,-8.56170433787783,5.219810853247586,13.781515191125415,3.80665978091161,3.39703866947179,5.1020123882147415,0.2271807728812626,12.101205823619736,11.874025050738474,0.4999999998437801,0.5184894853282451,1,2,2.014245940807342,7.3807575393800064,95.0000000296875,96.96666669696874,95.98333336332811,1.0,1
-8.142877450153543,6.574835551101571,10.465892971564738,-26.03403212049651,3.335261648840415,29.369293769336924,-4.6031369850122426,6.307717087733735,7.808723644852322,-25.337906486904583,6.98504994747129,32.322956434375875,6.17257071117495,5.825738602174841,8.487629789601154,-9.13328840405944,16.23983589503122,25.373124299090662,14.072632372563579,6.671728277285014,15.57404700452804,5.8245770242574775,38.343336143377016,32.51875911911954,-1.038926489885897,2.112527605034835,2.354175255460147,-6.691876690833485,4.86890408933362,11.560780780167105,-0.24740777051054436,2.870321562922822,2.8809645050726864,-9.069007961610524,4.270832839003685,13.339840800614208,0.22775917339337204,3.033429535844856,3.04196794690555,-8.651516431485607,5.62446011770901,14.275976549194617,3.6435476402309392,3.1337241736116277,4.805795106213989,0.2271807728812626,12.235530661239874,12.008349888358612,0.4999999998437801,0.5353179187208855,2,2,3.522215961002695,2.0430001171592598,96.00000003,97.96666669728125,96.98333336364063,1.0,1
-8.29735241363762,7.228125225044793,11.004174269113829,-30.463317739345417,1.8335091938750976,32.296826933220515,-5.203214877184616,6.645953619776522,8.44050617998565,-25.337906486904583,19.87434289402773,45.21224938093231,6.049203947645795,5.900525883021702,8.450388990834831,-11.545382998845234,16.23983589503122,27.785218893876454,14.672393942679053,6.961603695030368,16.24016841094406,5.8245770242574775,38.343336143377016,32.51875911911954,-1.3384471063517782,2.8083399356296277,3.1109827788905657,-10.42546224166554,4.86890408933362,15.29436633099916,-0.7328053976176577,3.0887634635583536,3.174502084515077,-9.069007961610524,4.270832839003685,13.339840800614208,-0.24634952302151059,3.2698700288254496,3.279136790819175,-8.651516431485607,5.62446011770901,14.275976549194617,4.277995587707715,3.4938759536654174,5.523442353102648,0.42103122174083957,12.235530661239874,11.814499439499034,0.4999999998437801,0.5641468867321381,1,1,1.6090347513852499,10.262742770673393,97.0000000303125,98.96666669759375,97.98333336395314,1.0,1
-7.777624368617469,7.462525338436572,10.77871630789679,-30.463317739345417,2.123276364240865,32.58659410358628,-3.7814493691722464,6.90592884526076,7.873449850441533,-22.52247468801055,19.87434289402773,42.39681758203828,6.553392115063103,5.589258230802657,8.61317338641029,-11.545382998845234,17.87741787345922,29.422800872304453,14.36627834922931,6.780025071514824,15.885801634727299,5.426565721715942,32.40923512087945,26.98266939916351,-1.5864997039222557,2.853644445200961,3.265006574292264,-10.42546224166554,3.5308688343747128,13.956331076040254,0.12622376538484223,2.0937090071548337,2.097510392248202,-6.997334722702767,3.353173790492843,10.35050851319561,0.3628550988600372,3.233421798449472,3.2537179271499466,-6.526921479494198,7.861433501380094,14.388354980874292,3.8794606782587633,3.2551932309867446,5.064237171106608,0.41875592819011903,11.341580348998098,10.922824420807979,0.4999999998437801,0.4625951551390958,2,1,5.197846233328547,1.6090347513852499,98.000000030625,99.96666669790625,98.98333336426563,1.0,1
-9.436923186679614,8.74050891290516,12.862815216268398,-48.11457369770741,5.539405250444895,53.6539789481523,-4.7406521208322925,7.23622403204016,8.650821970924337,-22.52247468801055,11.019198043845831,33.54167273185638,7.432826806185996,8.752018100904715,11.482366270474081,-8.118984727654034,57.07091399276179,65.18989872041583,16.348552249388582,10.24003469617294,19.290761292126703,5.426565721715942,77.00341568105635,71.57684995934041,-1.5023106064391833,2.5137333812734335,2.9284454357812497,-8.377404048803644,3.248496794823801,11.625900843627445,-0.509097769421813,3.0282792715480187,3.0707744764664278,-9.551108292829367,3.353173790492843,12.90428208332221,-0.1882083871920303,4.021127711684416,4.025529837261894,-8.962618695002742,7.861433501380094,16.824052196382837,4.541120971490745,3.686266315479449,5.848960508188739,0.31315719308957574,13.160068678469944,12.84691148538037,0.4999999998437801,0.5234475081386628,1,2,3.075037965326851,6.488724576632144,99.0000000309375,100.96666669821875,99.98333336457813,1.0,1
-9.219393462168613,8.306522839804368,12.409493845377778,-48.11457369770741,5.539405250444895,53.6539789481523,-4.554235993404138,6.577522412747781,8.000304155081679,-27.83779010451129,11.019198043845831,38.85698814835712,6.3738133557459316,8.773780756357215,10.844571243461376,-8.118984727654034,57.07091399276179,65.18989872041583,15.24647691707444,10.156282348571837,18.319528638226352,4.606295519769428,77.00341568105635,72.39712016128692,-1.2086873480612992,2.322098835665088,2.6178365319401844,-7.715126417404511,3.599131089951084,11.314257507355595,-0.41839452276339567,3.106785792211801,3.1348320426089047,-9.551108292829367,4.601560780720066,14.152669073549433,-0.360374991968586,3.252007276597676,3.2719140364442025,-8.962618695002742,4.336768273276476,13.299386968279219,3.933187166673818,3.4519125448251313,5.233131137780585,0.31315719308957574,13.160068678469944,12.84691148538037,0.4999999998437801,0.5631159981504368,1,0,9.114315744068112,0.0,100.00000003125,101.96666669853126,100.98333336489063,1.0,1
-9.361083474143893,6.327294532232404,11.298873391073464,-28.937566038071843,3.8264283465267073,32.76399438459855,-3.4022323722667145,6.25895924775625,7.123886297518586,-27.83779010451129,7.905914835830584,35.74370494034187,5.515546472269436,5.317298256854394,7.661260577745061,-4.699339516304349,24.77942503171899,29.47876454802334,13.851329746077887,6.726802642638587,15.398350870388414,4.606295519769428,39.849610199197926,35.2433146794285,-1.2642430806348914,2.0381841843386193,2.39843810347928,-6.1779468477500785,3.667361628324035,9.845308476074113,-0.17816481046834912,2.919726248613317,2.9251571011709463,-8.131576374152207,4.601560780720066,12.733137154872272,-0.24300441876586837,3.40682476211807,3.4154803626021017,-9.903296614709944,4.336768273276476,14.24006488798642,4.184395029976254,2.9095349702628948,5.096523865349075,0.44692380026654754,11.983514512792516,11.536590712525967,0.4999999998437801,0.6022654365319231,2,1,4.056021578891177,9.191549414831165,101.0000000315625,102.96666669884375,101.98333336520312,1.0,1
-9.605458529016683,6.375693459281992,11.528846457447097,-28.937566038071843,3.8264283465267073,32.76399438459855,-3.6637558634921863,6.735298153783437,7.667290802338981,-25.29063051091314,10.820624909546984,36.111255420460125,4.147156015788955,6.047205771613687,7.332639406348331,-7.743451641343643,24.77942503171899,32.52287667306263,14.166813049499515,6.691087921338736,15.667458298988857,5.632302253124661,39.849610199197926,34.21730794607326,-1.6590382731486277,2.6821752425368275,3.1538027876596013,-9.684249471864804,4.0111053381169235,13.695354809981728,-0.312437522706637,2.9950967527536796,3.01134882800892,-8.131576374152207,4.389713128432411,12.521289502584619,-0.524380457861529,3.1368235987254804,3.1803517343382226,-9.903296614709944,2.9049256547773425,12.808222269487286,4.5178130996861645,2.9527437643338437,5.397159525297386,0.44692380026654754,11.983514512792516,11.536590712525967,0.4999999998437801,0.6692453128297385,2,1,5.8998350941795135,2.720318278245112,102.000000031875,103.96666669915625,102.98333336551562,1.0,1
-9.650641196042642,6.315898495596068,11.53366590904332,-29.27666334041984,4.166125884795791,33.442789225215634,-3.6529657555366555,6.434353310458711,7.398990561889809,-25.29063051091314,10.820624909546984,36.111255420460125,4.143670540481788,6.0185366786790375,7.307036971349025,-7.743451641343643,25.17930277591214,32.92275441725579,14.048017963586897,6.619402634057233,15.52943334243153,5.632302253124661,39.25678746019259,33.62448520706793,-1.3841270085421906,2.700880077303966,3.0348905693209813,-9.684249471864804,4.0111053381169235,13.695354809981728,-0.25824158016769855,2.868735516823385,2.8803354282464118,-7.318095599359247,4.389713128432411,11.707808727791658,-0.6414131908818607,3.306708961768367,3.3683430703057082,-11.365801360425342,2.9049256547773425,14.270727015202684,4.479541755224781,2.9641750369097726,5.371464231123703,0.7966738726697753,12.698003954454508,11.901330081784733,0.4999999998437801,0.710505806965046,2,1,3.7813494069887086,8.472164433628983,103.0000000321875,104.96666669946875,103.98333336582812,1.0,1
-9.816018951309745,6.427515479730825,11.733165953597156,-29.27666334041984,4.166125884795791,33.442789225215634,-3.3985957036951238,6.129535082647286,7.008684119474841,-21.941455679647433,9.432280160757754,31.37373584040519,4.353174294740439,5.963912712204339,7.383656362479326,-7.334537442957087,25.17930277591214,32.51384021886923,14.057376081324723,6.6104005452477175,15.534066359469815,6.4323214033028755,39.25678746019259,32.82446605688972,-1.1885657128183778,2.4749682888060325,2.7455703386150785,-7.266981737219606,5.2322032184762675,12.499184955695874,-0.12105416303248275,2.825227265507555,2.8278195154844643,-7.318095599359247,4.985841303539134,12.303936902898382,-0.6193883277777259,3.322865606751494,3.380100256075145,-11.365801360425342,2.795173074550984,14.160974434976326,4.288364442994844,2.9274097495250797,5.192282488227789,0.7966738726697753,12.698003954454508,11.901330081784733,0.4999999998437801,0.6639775775348566,2,1,5.441217185887704,2.4188094299942717,104.0000000325,105.96666669978126,104.98333336614063,1.0,1
-9.439802812897653,5.818455837853056,11.088927156557427,-24.103233394663373,0.3810269400492878,24.484260334712662,-3.085785347650194,5.96522144179415,6.716095447610413,-21.941455679647433,9.432280160757754,31.37373584040519,4.175682291801761,5.677889101345714,7.048031444967258,-7.334537442957087,21.262842689065355,28.597380132022444,13.56356573232195,5.8115983532139435,14.756184831930554,6.4323214033028755,32.16344546850961,25.731124065206732,-1.3590139445842293,2.5153792976041305,2.8590298900833186,-7.266981737219606,5.2322032184762675,12.499184955695874,-0.23353499677019363,2.7974357238737184,2.807166760974725,-6.458047796004076,4.985841303539134,11.44388909954321,-0.5704817759580503,3.155521618442884,3.2066752472242412,-9.96505923652116,2.795173074550984,12.760232311072144,4.3514625462431065,2.720620698685371,5.131959009722487,0.28608033799478094,11.347709527871976,11.061629189877195,0.4999999998437801,0.723769252348083,2,1,3.950032990157339,7.295747003861308,105.0000000328125,106.96666670009375,105.98333336645312,1.0,1
-8.993749465594108,5.970994632790063,10.79538356681605,-24.805909831152466,0.3810269400492878,25.186936771201754,-3.4181760986011644,5.631752216162505,6.587910204708286,-22.034661521606175,8.009340204126925,30.0440017257331,4.88272743823688,5.744125166525977,7.5389655235203445,-7.941476133073298,21.262842689065355,29.204318822138653,13.529172762652586,5.808472496544116,14.72334433424723,4.904874504431746,33.33625935181643,28.431384847384685,-1.115735339095868,2.235806592452518,2.4987389751155504,-5.89569812258135,4.136103696321597,10.031801818902947,-0.1338419342796332,2.740970999072995,2.7442368121448495,-6.458047796004076,5.172737021552274,11.63078481755635,-0.6455418138178539,3.175875229740686,3.2408189872727697,-9.96505923652116,3.707203145064656,13.672262381585817,4.1488205523171,2.6579555827423778,4.927214208369689,0.28608033799478094,11.347709527871976,11.061629189877195,0.4999999998437801,0.6190381893908575,2,1,4.655230554016468,2.3933249703832553,106.000000033125,107.96666670040625,106.98333336676563,1.0,1
-9.673883235687784,7.020745845266733,11.953028448119383,-30.577127133740102,4.230369486032312,34.807496619772415,-4.032164579261807,5.960885697534274,7.19656233859766,-22.034661521606175,9.469513080817496,31.50417460242367,5.102198493315158,7.715494465877117,9.24993428723512,-7.941476133073298,41.724153053459766,49.66562918653307,14.946004581830353,7.539471462440024,16.739972607296625,4.904874504431746,52.09435294825618,47.189478443824434,-1.5607481595559098,2.6308336960943697,3.0589574619570508,-10.439411919642074,4.136103696321597,14.57551561596367,-0.3912146244517411,2.975406134319461,3.001014919411564,-8.253509814532526,5.172737021552274,13.4262468360848,-0.49138034707062495,3.3193728761425847,3.355546294772036,-10.56606356574687,3.707203145064656,14.273266710811527,4.498100483986375,3.064326071571594,5.442701740583611,0.444244441426743,12.813084554715662,12.368840113288918,0.4999999998437801,0.6835508228281004,1,1,5.182278268741326,8.946118474397164,107.0000000334375,108.96666670071875,107.98333336707813,1.0,1
-8.817922420968834,7.3516705353031755,11.480540731249105,-30.577127133740102,4.230369486032312,34.807496619772415,-3.908268022487292,6.088967103042778,7.235335466827636,-24.032469949070368,9.960800499093114,33.993270448163486,6.7454949042484555,6.69040841538889,9.500698198971925,-6.464469624450681,41.724153053459766,48.188622677910445,14.723625466769379,7.591509348058009,16.565511192455002,3.221589469339892,52.09435294825618,48.87276347891629,-1.2489079335286373,2.460727264629834,2.7595198309349755,-10.439411919642074,2.842247325614266,13.281659245256341,-0.379962772597221,2.9366262720186467,2.9611054641923684,-8.253509814532526,4.014909352907895,12.26841916744042,-0.5253212474975582,3.521889581924901,3.560852235117816,-10.56606356574687,5.673120888014805,16.239184453761673,4.265851164724956,3.2962520759419442,5.390989140012882,0.31509626420804276,12.813084554715662,12.49798829050762,0.4999999998437801,0.5588959291570046,1,2,3.6616565016071716,4.5831074938396,108.00000003375,109.96666670103124,108.98333336739063,1.0,1
-9.332500263676128,7.592395654378209,12.030795191679397,-37.42929312132773,9.004045512120154,46.43333863344789,-3.4990438589552593,6.0163482410025795,6.959867389821974,-24.032469949070368,9.960800499093114,33.993270448163486,6.416080865399333,6.227417388042084,8.94129861911749,-10.958896086152336,16.947408390772072,27.906304476924408,15.041614981917396,6.846636163842349,16.526542530858528,3.221589469339892,38.77266887023208,35.55107940089219,-1.3933123802192016,2.25790091950528,2.6531935382053993,-7.5686137602068255,2.6956578040885275,10.264271564295353,-0.42844354159637543,3.3136025560436257,3.3411862815105806,-10.20540490391026,4.014909352907895,14.220314256818156,-0.17210197962825058,3.2834154808858957,3.2879227958565456,-8.903766941867122,5.673120888014805,14.576887829881926,4.280029432096568,3.2702822647027943,5.386408639385105,0.31509626420804276,12.58353130706792,12.268435042859878,0.4999999998437801,0.5669591979011004,1,2,4.2553326507686595,6.599336386886118,109.0000000340625,110.96666670134375,109.98333336770312,0.65,0
-8.131708927792936,7.437925047443719,11.020318466257589,-37.42929312132773,9.004045512120154,46.43333863344789,-3.7250867829533663,6.000565683311205,7.062794068940843,-22.80925784753395,8.99691480889942,31.806172656433368,7.0683013711505245,5.916991828447213,9.218008275724179,-10.958896086152336,16.947408390772072,27.906304476924408,14.543472455654767,6.692500628385067,16.009439581987976,5.440588232526896,38.77266887023208,33.33208063770518,-1.2526489478023095,2.1193348182204383,2.4618508196378777,-7.5686137602068255,1.596744704537149,9.165358464743974,-0.5951212410261605,3.2441557456300663,3.2982898285967965,-10.20540490391026,3.971203333953373,14.176608237863633,-0.545695647102892,2.838809886830587,2.890782820073853,-8.903766941867122,4.92410371276558,13.8278706546327,3.7527648032224517,3.3485529555474653,5.029517925647637,0.4323963321081427,12.58353130706792,12.151134974959778,0.4999999998437801,0.44885667677202284,1,1,3.146068117866472,11.398649293076252,110.000000034375,111.96666670165625,110.98333336801562,0.15,0
-9.140915465337772,6.414316599593442,11.166906150956551,-26.35995148433907,-0.1029013242652443,26.257050160073828,-3.6886929336697096,6.515268260708812,7.487000472011769,-22.80925784753395,8.169152490828155,30.978410338362103,5.383710023620291,6.3639750314750145,8.335737029181464,-11.039349590939263,18.194908884555627,29.23425847549489,14.557422098577545,6.190391160152076,15.818959538220039,5.4036595539002565,31.631154285292475,26.22749473139222,-1.477882795936492,2.3242554257170704,2.754324026417426,-7.593090350150002,2.1733617038356567,9.76645205398566,-0.4004197523356406,3.2477607933154187,3.272351776422781,-9.45874374093274,3.971203333953373,13.429947074886112,-0.12152532125379811,3.2921304097598902,3.2943726320153375,-8.72345622638703,5.094481179274801,13.817937405661832,4.295334091329523,3.270715987913299,5.398840433808847,0.4323963321081427,12.490382515324598,12.057986183216455,0.4999999998437801,0.5629840304351943,1,1,4.438820860713591,10.885652463968308,111.0000000346875,112.96666670196875,111.98333336832812,0.0,0
-7.562319701333924,6.464537827520404,9.948815436454002,-26.35995148433907,-0.1029013242652443,26.257050160073828,-3.546227704125347,5.31005340897365,6.385326783780045,-20.28239054261462,8.169152490828155,28.451543033442775,5.861392188929086,6.326170655481896,8.624172630155263,-11.039349590939263,18.194908884555627,29.23425847549489,13.681593403716947,5.190537757725331,14.633102209682107,5.325881398509744,27.655307641417885,22.32942624290814,-1.1982427916996587,2.24088064242445,2.5411280647485692,-7.593090350150002,2.1733617038356567,9.76645205398566,-0.7436882135688153,3.0342978726150824,3.124105590206194,-9.45874374093274,3.2572097043524173,12.715953445285157,-0.025927365383777014,3.2114968547116174,3.211601512656631,-8.72345622638703,5.094481179274801,13.817937405661832,3.841623098798236,3.4312802017743453,5.1508981601569985,0.5021983503332947,12.490382515324598,11.988184164991303,0.9999999996875601,0.4488364853140748,1,2,1.9746003256835518,6.87198026868901,112.000000035,113.96666670228124,112.98333336864061,0.0,0
-7.663901571828437,6.849603812210237,10.27873823418611,-24.049189174239626,2.605855436148403,26.65504461038803,-4.815130258228209,6.881559981050572,8.39888963950007,-27.66106409761179,10.702024691458938,38.36308878907073,5.399623727694431,6.982008058436146,8.826345389160114,-18.516914772270884,17.652319853728073,36.16923462599895,14.286146794318741,7.0713640525251735,15.940457326945454,3.0619377013085365,35.8945092549552,32.832571553646666,-1.5098566281336374,2.247533422070548,2.7075955238630502,-6.836023875357451,1.7527749166619009,8.588798792019352,-0.4884128662265668,2.991477267675485,3.0310861701566387,-9.970336798123816,3.2572097043524173,13.227546502476233,0.06932117175148798,3.873202956223094,3.873823249058779,-7.948811986151859,8.068447973228167,16.017259959380027,4.406705430565752,3.4793692970032213,5.614718466379805,0.5021983503332947,12.10240061726859,11.600202266935295,0.4999999998437801,0.46665916549156977,1,2,3.8049013070004003,6.877623233411217,113.0000000353125,114.96666670259376,113.98333336895313,0.0,0
-7.073820333784541,6.964448823916722,9.926856578777524,-24.049189174239626,2.605855436148403,26.65504461038803,-4.567107109987659,6.821520053151821,8.209238892226992,-27.66106409761179,20.01792948076221,47.678993578374,6.32438186923358,7.115747875907869,9.520066904249036,-18.516914772270884,17.652319853728073,36.16923462599895,14.557065855614066,6.682633632181532,16.017670198460472,3.0619377013085365,35.8945092549552,32.832571553646666,-1.5891430771751576,2.2363177276375157,2.743445406542574,-6.836023875357451,2.073404183126563,8.909428058484014,-0.8709105272766031,2.743670388913104,2.8785781819363176,-9.970336798123816,2.911915738519369,12.882252536643184,-0.29582661562414214,3.8418949934050857,3.8532675130157648,-7.948811986151859,8.068447973228167,16.017259959380027,4.243947422874115,3.5565834514238803,5.537181193988693,0.5689677953854799,12.10240061726859,11.53343282188311,0.9999999996875601,0.3919583743228263,2,2,2.320298758004557,6.968279421397011,114.000000035625,115.96666670290625,114.98333336926564,0.0,0
-1.8725105387941423,3.334785460357406,3.8245378524086133,-15.742275511172402,2.3735912778932433,18.115866789065645,-3.378943052365388,6.524163117183342,7.347241695408132,-28.09077195394594,20.01792948076221,48.10870143470815,8.897289285975834,2.3004845221979555,9.189884965287256,-0.3568960763170572,13.71166937775151,14.068565454068567,11.727067109731031,3.941945331220032,12.371864693346058,7.508056775476695,28.732782935278596,21.2247261598019,-0.34724252359325747,2.3287844409364666,2.354530599193645,-10.679492874107044,2.6158510946161155,13.29534396872316,0.36875853771389094,0.9297400583265337,1.0001996976573797,-0.782035707338308,2.5030575360916343,3.2850932434299422,-0.22918046490339525,1.3563624751807184,1.3755881831317474,-5.197287309489578,2.2645122686750065,7.461799578164585,2.047646166787841,2.0600004376076866,2.9045579056553166,0.4483544542315618,10.712937980537117,10.264583526305556,0.4999999998437801,0.8733087559397896,2,3,2.0050146402020133,1.7773042432569197,115.0000000359375,116.96666670321875,115.98333336957813,0.0,0
-2.5672143570682824,3.841131700447642,4.620052196168492,-10.104288347337995,3.252367960426521,13.356656307764517,-2.7907785050812874,9.904930129904008,10.290582371406584,-31.09356850603398,14.216641628880875,45.310210134914854,7.383192094457141,3.7349012774597465,8.27411705597793,-6.046152821158984,18.717824144861567,24.76397696602055,12.823230929908087,5.591666067667018,13.9893524115325,2.4710430398899557,32.013996406454694,29.54295336656474,0.23682350939886038,4.060707426332779,4.067607426593448,-10.679492874107044,9.981820000740278,20.661312874847322,1.2670075020549403,0.7917861528183097,1.4940660367126748,-0.245119075669894,2.8039195911487207,3.049038666818615,-0.10094979922388561,2.685144794691801,2.6870417619426417,-5.926484037847918,3.9241001056284626,9.85058414347638,4.395939669855283,2.583325637304157,5.098809363896665,0.4483544542315618,10.712937980537117,10.264583526305556,0.9999999996875601,0.389342851418185,2,2,2.1507340345886674,1.8688146369618575,116.00000003625,117.96666670353125,116.98333336989063,0.0,0
-4.001517734992638,3.7435438919008113,5.479622710921665,-12.66740440467429,3.252367960426521,15.919772365100812,-3.899756347510681,10.272347914154851,10.987685435950164,-31.09356850603398,18.192546023726923,49.2861145297609,7.847292663678887,4.253371636257684,8.925870961735322,-6.046152821158984,18.717824144861567,24.76397696602055,14.07231563259958,5.691801248768548,15.179811221454294,2.4710430398899557,32.013996406454694,29.54295336656474,0.2456837756369016,3.9591343487698114,3.966749968074641,-10.38219976264214,9.981820000740278,20.364019763382416,0.91368423264487,1.3214823724891738,1.6065909677897048,-1.6095910815286807,4.225677505430611,5.835268586959292,-0.3291717673629238,2.8303897878719426,2.8494666875958754,-5.926484037847918,3.9241001056284626,9.85058414347638,4.631221185178094,2.2332690354455385,5.141565933713408,1.2931205239142707,10.504364616719004,9.211244092804733,0.4999999998437801,0.6347463861054427,2,3,3.037468049318408,1.049558909496242,117.0000000365625,118.96666670384376,117.98333337020313,0.0,0
-2.0348427947870857,3.3989288778826086,3.961477340134769,-12.66740440467429,1.8537490849121705,14.52115348958646,-0.9842526096882771,7.8191638044532885,7.880867706068325,-27.764157202142265,18.192546023726923,45.95670322586919,8.358089213736518,2.932438640761289,8.85758723844189,2.536258683134737,18.39827401853225,15.862015335397512,11.692302681174779,4.421344616217281,12.500329203807414,7.843070236034615,28.830906536774215,20.987836300739602,0.3370089438949263,2.1901921947925422,2.2159686095239137,-7.594419413126743,4.746157336034558,12.3405767491613,-0.05930295057029757,1.1691690435732471,1.1706720686837646,-1.6095910815286807,4.225677505430611,5.835268586959292,-0.4494312920739372,1.6129818680205774,1.674424973792018,-5.87844623952585,2.9138431464163466,8.792289385942198,2.435272485720552,1.7759889875622872,3.014081777863712,0.4859809629328325,8.674260490846484,8.188279527913652,0.4999999998437801,0.4862341366996115,2,3,2.499097940152723,1.2505252696040337,118.000000036875,119.96666670415625,118.98333337051562,0.0,0
0.31044762624605293,1.6661998528332396,1.6948745317053173,-9.788330645794233,4.055763429169987,13.84409407496422,6.239987530238627,5.064818117588945,8.036779637503495,-2.4716492135577113,31.20938424190829,33.681033455466,6.402446721416546,2.2480807253434407,6.785660687673542,1.4945633315425515,12.474053908322457,10.979490576779906,9.952391067008444,3.802305831674088,10.653995381463814,3.0866179349450777,35.00627233080099,31.91965439585591,0.624293710686922,1.0128671531176148,1.189807760551186,-1.777511244150812,3.94192320301406,5.719434447164872,-0.29338384297338005,0.5189208540947366,0.5961148648811233,-1.2719431512452983,1.8186307391655956,3.090573890410894,-0.4269653385473127,0.43432826269590574,0.6090487994383251,-1.2334395978514934,1.376028140475655,2.6094677383271483,1.2313910865717816,0.7909563017062953,1.4635354041830806,0.4052556882249316,4.554078364200546,4.148822675975614,0.9999999996875601,0.6239722392797299,4,2,1.024950688682252,1.2221667233487423,119.0000000371875,120.96666670446875,119.98333337082812,0.0,0
0.18008497094475023,2.521640566843382,2.528062844375192,-11.882371834069382,9.395161135148854,21.277532969218235,8.606037426006939,4.439088831792913,9.683459600493036,-7.373956470809084,31.20938424190829,38.58334071271737,4.9132240546732895,1.5471255494378635,5.151055045050834,1.354262627672033,12.474053908322457,11.119791280650423,10.464961393210078,4.144688491944517,11.25583669287338,3.0866179349450777,35.00627233080099,31.91965439585591,0.05290323885762202,1.0822827770986698,1.0835749915377504,-2.15414960738464,3.94192320301406,6.0960728103987,-0.08746128570764147,0.4977188689353798,0.5053449801788353,-0.8674078498516553,1.8186307391655956,2.686038589017251,-0.16297640273868824,0.3753640036588467,0.4092180874453642,-1.7561943019430808,1.376028140475655,3.132222442418736,0.8603559283879955,0.9256108420162629,1.2637118953188755,0.057053190915523605,4.554078364200546,4.497025173285023,0.4999999998437801,0.537959390956243,3,2,1.4572624509920484,1.5539377079833065,120.0000000375,121.96666670478125,120.98333337114062,0.0,0
0.2416091484722177,2.029045830598695,2.043380033986683,-11.882371834069382,9.395161135148854,21.277532969218235,7.946571485297891,2.648958359415239,8.376453829686248,-7.373956470809084,17.013163507290685,24.38711997809977,4.957933690833172,0.9595157861582858,5.049928417966495,1.354262627672033,7.631881793278842,6.277619165606809,9.792827308478879,1.9856210758996011,9.992104770805117,7.244316147572618,19.48206386772018,12.23774772014756,-0.11022272841526472,0.7571797761890563,0.7651602860375168,-2.15414960738464,3.3932876865179864,5.547437293902626,-0.018444317046681907,0.2666257559780657,0.26726295400259564,-0.4915617206552476,1.547173746760292,2.0387354674155396,-0.03212449093472069,0.25765797120748896,0.25965287027986833,-1.7561943019430808,0.323046491320509,2.07924079326359,0.5196292335976368,0.6740213813719228,0.8510695406109786,0.05352442326806844,4.122179805917764,4.068655382649696,1.4999999995313402,0.5680712140257287,2,2,1.040718107811517,0.8381346557518015,121.0000000378125,122.96666670509374,121.98333337145311,0.0,0
0.595082392707425,0.4116151675448442,0.7235676196896625,-0.0803999691222595,2.185061889479325,2.2654618586015847,7.364110735459587,0.9728118570412161,7.428087898868127,4.359823377977583,9.044464967176433,4.68464158919885,5.370342976191588,0.6337766532469473,5.407610981582462,3.825401168758445,6.466190595490785,2.64078942673234,9.175467407227556,0.8678100717383457,9.216414512255062,6.048156995965124,10.445841525070653,4.397684529105529,-0.10151954295498346,0.39707566918431964,0.4098479043010516,-1.7190317510303117,0.7579891305404737,2.4770208815707853,-0.06303875270687155,0.15742311970719366,0.1695757145383251,-0.6358394850619784,0.5779088044154645,1.213748289477443,-0.023300861829265957,0.1422896657822814,0.14418487836947352,-0.5107243602599564,0.4657093405850699,0.9764337008450263,0.36193724999896193,0.29414610967129295,0.46639093770308976,0.05352442326806844,1.795755747505676,1.7422313242376075,1.4999999995313402,0.526024821024371,2,3,0.5425501099679144,0.4210909830725651,122.000000038125,123.96666670540625,122.98333337176562,0.0,0
